name,artist,cover_url,album_url
Bacdafucup,Onyx,https://i.scdn.co/image/ab67616d0000b2731dae2182751db2665015905d,https://open.spotify.com/album/5lUgtggG1KroP0qHkpxQ4K
Spiral,21 Savage,https://i.scdn.co/image/ab67616d0000b2732d1b7b704f62135c84af8900,https://open.spotify.com/album/4jyHGZHlA6AVFYmeAeLNGo
Legendary,Tyga,https://i.scdn.co/image/ab67616d0000b273d38a9c6e4fcfeb128f111f6b,https://open.spotify.com/album/6hHIX3lfGKnZ2ji41YZMVV
He Got Game (Soundtrack),Public Enemy,https://i.scdn.co/image/ab67616d0000b273331c8f13fb4bbf72670f77c7,https://open.spotify.com/album/265OEkRcX40ppxgHGuu4cI
Back In Business,EPMD,https://i.scdn.co/image/ab67616d0000b2730b32162c6f11792784b93ca6,https://open.spotify.com/album/1Qt9lGRPR8IVorUnjscB3u
Lemonade (Feat. Roddy Ricch & Don Toliver) [Remix],Internet Money,https://i.scdn.co/image/ab67616d0000b2731052f87538025586b7b33062,https://open.spotify.com/album/7AgDcfBGf9SYACiuIHXPRK
Strictly Business,EPMD,https://i.scdn.co/image/ab67616d0000b27393d12611d0665f9bb15cc79f,https://open.spotify.com/album/2HOl8gDiGGpt7wsIDi9jy5
The Great Adventures Of Slick Rick (Deluxe Edition),Slick Rick,https://i.scdn.co/image/ab67616d0000b273a5234ad1d0dbc9dfc94c5ee5,https://open.spotify.com/album/4TzJROIsnfOkLUWmeOjt2F
Mr. Smith (Deluxe Edition),LL Cool J,https://i.scdn.co/image/ab67616d0000b27318a12da5d84a8f12312698ab,https://open.spotify.com/album/6b7NVGKHlwKyQzFKoVTaMA
Scary Hours 2,Drake,https://i.scdn.co/image/ab67616d0000b2738b20e4631fa15d3953528bbc,https://open.spotify.com/album/5LuoozUhs2pl3glZeAJl89
4 Da Gang (with Roddy Ricch),42 Dugg,https://i.scdn.co/image/ab67616d0000b2736c0d7a083b347a0f51217d50,https://open.spotify.com/album/6NRf3rD5JCAsD3tHBTKZ6P
Scary Hours 2,Drake,https://i.scdn.co/image/ab67616d0000b2738b20e4631fa15d3953528bbc,https://open.spotify.com/album/5LuoozUhs2pl3glZeAJl89
Best Of Montell Jordan,Montell Jordan,https://i.scdn.co/image/ab67616d0000b273430debb283066ac6725483cf,https://open.spotify.com/album/6J9fX2iXc9W7ILQUWvEhAx
Rule #1 (feat. Lil Yachty),DDG,https://i.scdn.co/image/ab67616d0000b273d0e6375edf1bd35f50228f3b,https://open.spotify.com/album/6Nmuh0ibN1OBMJPcv8zsyx
Miss The Rage (feat. Playboi Carti),Trippie Redd,https://i.scdn.co/image/ab67616d0000b273d9b293fd7af470ec2c58e75f,https://open.spotify.com/album/1FsFHXroF1ILBdVyBRMt3A
Errbody,Lil Baby,https://i.scdn.co/image/ab67616d0000b2730091f4b1a4701c452b6d21eb,https://open.spotify.com/album/1AhcXFOhxnWriMEslx0LC2
Laugh Now Cry Later (feat. Lil Durk),Drake,https://i.scdn.co/image/ab67616d0000b27352c75ed37313b889447011ef,https://open.spotify.com/album/0qGdc7fNq9RNIPEzZufa43
Underrated,Lil Eazzyy,https://i.scdn.co/image/ab67616d0000b27332399fb986ec8a7f6d8b01e5,https://open.spotify.com/album/5GnCVEvwaFZPogirSgrrtv
CHOMP,Russ,https://i.scdn.co/image/ab67616d0000b273fc20c5dacda34b8609bcbe78,https://open.spotify.com/album/6hTlfMRAEJBMyETemdH5Qq
Bacdafucup,Onyx,https://i.scdn.co/image/ab67616d0000b2731dae2182751db2665015905d,https://open.spotify.com/album/5lUgtggG1KroP0qHkpxQ4K
In Due Time,Lakeyah,https://i.scdn.co/image/ab67616d0000b273d0d59631f0c11267ab4c5249,https://open.spotify.com/album/3Oond2NSMqKhI5zseoD7Hu
Cabo,Bankrol Hayden,https://i.scdn.co/image/ab67616d0000b273a389174f8f9987c23deba02b,https://open.spotify.com/album/12TkZGM4pKpyK1xb8t5YTc
"His & Hers (feat. Don Toliver, Lil Uzi Vert & Gunna)",Internet Money,https://i.scdn.co/image/ab67616d0000b27343283b8f1e8a22fbfc82f4c4,https://open.spotify.com/album/1arPptaPtDyBisMtMBe2q6
Still Sleep?,Sleepy Hallow,https://i.scdn.co/image/ab67616d0000b27378376f650afd63698b82e4b1,https://open.spotify.com/album/38nZLvJx8A9p4YYpTG5iFP
The Blueprint,JAY-Z,https://i.scdn.co/image/ab67616d0000b2739992c5d2c010ccb3f6fa6bb6,https://open.spotify.com/album/54I5tDCMjnNVWSENHg8EDH
Sweet Union,Cico P,https://i.scdn.co/image/ab67616d0000b27300f94bcfd283dbbda4a33f35,https://open.spotify.com/album/6usg2lbN8Wog65h7EK9Kpb
Back In Blood (feat. Lil Durk),Pooh Shiesty,https://i.scdn.co/image/ab67616d0000b27332c5d1e207364562fe2160b7,https://open.spotify.com/album/1VARhsCn3CIog9r2lz6gq5
CALL ME IF YOU GET LOST,"Tyler, The Creator",https://i.scdn.co/image/ab67616d0000b273696b4e67423edd64784bfbb4,https://open.spotify.com/album/45ba6QAtNrdv6Ke4MFOKk9
No Pressure,Logic,https://i.scdn.co/image/ab67616d0000b2731c76e29153f29cc1e1b2b434,https://open.spotify.com/album/5pF05wJrbrIvqunE41vWP8
Free Dem Boyz,42 Dugg,https://i.scdn.co/image/ab67616d0000b2735cc589330e3596c853863484,https://open.spotify.com/album/4zJiUubJvgUJNq0BVD9Mvs
Masterpiece,DaBaby,https://i.scdn.co/image/ab67616d0000b2737b41da110df7023757e8f8fa,https://open.spotify.com/album/6kaYDcX9dNmJE5OU71IUby
Beam Me Up Scotty,Nicki Minaj,https://i.scdn.co/image/ab67616d0000b2736d8b9f3e7337f6bff76ceff6,https://open.spotify.com/album/2upw5IrzeqKApIQZyx5o6r
Lucky 7,Rich The Kid,https://i.scdn.co/image/ab67616d0000b2737620f0af97ddadd45d15c295,https://open.spotify.com/album/6Dk8225zWYNt429aqGmmPp
Up,Cardi B,https://i.scdn.co/image/ab67616d0000b273d619b8baab0619516bb53804,https://open.spotify.com/album/5BNrcvfbLyADks4RXPW7VP
FOR CERTAIN,BIA,https://i.scdn.co/image/ab67616d0000b273519992354b6dd38590baec10,https://open.spotify.com/album/5B857SgrQIAmcJGj0sFOSg
Destined 2 Win,Lil Tjay,https://i.scdn.co/image/ab67616d0000b2735af0305457ff290e06dcc4c2,https://open.spotify.com/album/3MEKpJ7wSSp6Z661ThjrUJ
Bad Boy (with Young Thug),Juice WRLD,https://i.scdn.co/image/ab67616d0000b2730bda1f6aa92d42f44d621db6,https://open.spotify.com/album/5hUFZjxtqYvxm9FGUhHCdE
DROPPED OUTTA COLLEGE,24kGoldn,https://i.scdn.co/image/ab67616d0000b273fe9008022f3f54d81dcc8030,https://open.spotify.com/album/2eLpj5EDUhyAoTks8sxcKR
"Bundles 2 (feat. Flo Milli, Taylor Girlz)",Kayla Nicole,https://i.scdn.co/image/ab67616d0000b273c674bd6cf8633d61fc95f344,https://open.spotify.com/album/5nsV6k7g6rZVLW3Xhru07O
YS Collection Vol. 1,Logic,https://i.scdn.co/image/ab67616d0000b273496ddd69ddb33853f8ff6fb9,https://open.spotify.com/album/3UTazkAlLS4ZmVbIgJentC
Beam Me Up Scotty,Nicki Minaj,https://i.scdn.co/image/ab67616d0000b2736d8b9f3e7337f6bff76ceff6,https://open.spotify.com/album/2upw5IrzeqKApIQZyx5o6r
The Voice of the Heroes,Lil Baby,https://i.scdn.co/image/ab67616d0000b2739fa79040de02a72663f24323,https://open.spotify.com/album/6CvBb1XqN0igtQrWrbXD80
durag activity (with Travis Scott),Baby Keem,https://i.scdn.co/image/ab67616d0000b27377fd541561004220c4615b7a,https://open.spotify.com/album/2JFAT4IDF89ZMmuxoOKbQ1
Letter to My Daughter,NLE Choppa,https://i.scdn.co/image/ab67616d0000b273336371fae1909d0a9bf35322,https://open.spotify.com/album/33j4jbPhR9yySulNry0Rb8
Don't Condone,Symba,https://i.scdn.co/image/ab67616d0000b273a12513e360eefc30128aabf1,https://open.spotify.com/album/4Bjo5Cl1SoA8gOFghSPiAE
Thot Shit,Megan Thee Stallion,https://i.scdn.co/image/ab67616d0000b273ac1c01aec658e90fcd23f857,https://open.spotify.com/album/7gEGuvkVs79hY4tG7OYnzx
"Bundles 2 (feat. Flo Milli, Taylor Girlz)",Kayla Nicole,https://i.scdn.co/image/ab67616d0000b273c674bd6cf8633d61fc95f344,https://open.spotify.com/album/5nsV6k7g6rZVLW3Xhru07O
Burnout,Domani,https://i.scdn.co/image/ab67616d0000b273dd71b18db04bde9251f09eb5,https://open.spotify.com/album/0FUVWhK7yqhAYVWM66v07g
Kiss Me More (feat. SZA),Doja Cat,https://i.scdn.co/image/ab67616d0000b273908280d9807127e185b71d56,https://open.spotify.com/album/1OnzqJTL9bwe4kvaLxRYxt
At The Top,Coi Leray,https://i.scdn.co/image/ab67616d0000b273697fea162b49598cb2daeb7d,https://open.spotify.com/album/7fQLpnEw13xochCUd776UZ
AP (Music from the film Boogie),Pop Smoke,https://i.scdn.co/image/ab67616d0000b273910d332c82ea0e868127f9a0,https://open.spotify.com/album/2xAPKH0b7vGsyD5xzkPpnI
Capitol 1,EST Gee,https://i.scdn.co/image/ab67616d0000b27362544b5ce5e27f04a91c3506,https://open.spotify.com/album/3YPuCHJ0A9M0Jl7EW0I6N0
Good News,Megan Thee Stallion,https://i.scdn.co/image/ab67616d0000b273da256972582b455d46985ba9,https://open.spotify.com/album/0KjckH1EE6HRRurMIXSc0r
GRIME,Smoove'L,https://i.scdn.co/image/ab67616d0000b27390d3825ee277ef06f96e89b6,https://open.spotify.com/album/6rRu38otc0Dszy78c70X7j
Best Friend (feat. Doja Cat),Saweetie,https://i.scdn.co/image/ab67616d0000b2739aeed9bbffaac4c99cc4c4d9,https://open.spotify.com/album/28Yv9BE6ZI6dccK0sxbEq4
Built For Whatever,Tee Grizzley,https://i.scdn.co/image/ab67616d0000b273b74d1fae052044b1b684e15b,https://open.spotify.com/album/3jsB125uASN4W8nNnT3X2r
Pretty Summer Playlist: Season 1,Saweetie,https://i.scdn.co/image/ab67616d0000b27340fcfc9c0e2e402f35ddf788,https://open.spotify.com/album/2HOYNp9NxRakR9u9na7Wth
I'm Perfect,KenTheMan,https://i.scdn.co/image/ab67616d0000b27396d18f70f3a95a42e8c293a1,https://open.spotify.com/album/1sX0Z1gnMyIYSseLCV4xQX
She Make It Clap,Soulja Boy,https://i.scdn.co/image/ab67616d0000b273984533f3ee5c4fe8ba996ef2,https://open.spotify.com/album/1l5ZuwSAlGfOrHRmoNNoL3
Beam Me Up Scotty,Nicki Minaj,https://i.scdn.co/image/ab67616d0000b2736d8b9f3e7337f6bff76ceff6,https://open.spotify.com/album/2upw5IrzeqKApIQZyx5o6r
Toot That (feat. DreamDoll & BeatKing),Erica Banks,https://i.scdn.co/image/ab67616d0000b273cfba0a792ded774f05869f74,https://open.spotify.com/album/6fK4WIZoxQuboezx5UOxbp
"Ho, why is you here ?",Flo Milli,https://i.scdn.co/image/ab67616d0000b2733ae4c6b039dd0433a53631bb,https://open.spotify.com/album/49FIsErcdC5rfTFhRpPZ7P
Real As It Gets (feat. EST Gee),Lil Baby,https://i.scdn.co/image/ab67616d0000b273f0f6f6144929a1ff72001f5e,https://open.spotify.com/album/0SO86DCFiwaTqchBpujace
SMD,Chinese Kitty,https://i.scdn.co/image/ab67616d0000b2734737028e281503768798523c,https://open.spotify.com/album/2v9QOVsyQI2815eaOk4em6
Options (with Coi Leray & Wale) [Remix],EARTHGANG,https://i.scdn.co/image/ab67616d0000b2730a69cb0e78a277ee88cba16a,https://open.spotify.com/album/3aU4rpw0vnlJF8wqzAlhcI
Eenie Meenie,Yung Baby Tate,https://i.scdn.co/image/ab67616d0000b2734c3a078cdbc0a4ca2825b74f,https://open.spotify.com/album/1RjmHClvXOvgOFXIiqGb4l
WTF,KenTheMan,https://i.scdn.co/image/ab67616d0000b273a1a584f124cbee71f34f9bb1,https://open.spotify.com/album/6yWScSvyI949Zn1Vda6zfI
We Win (Space Jam: A New Legacy),Lil Baby,https://i.scdn.co/image/ab67616d0000b273dde5f2a93bbb53296b0d5cc1,https://open.spotify.com/album/5w1tIaJtvgPEn2mHxiJoVo
Off the Yak,Young M.A,https://i.scdn.co/image/ab67616d0000b273f94fd18ecc02b368adf754be,https://open.spotify.com/album/3jS5p3u5bK0OYq9BQKa6PN
BIG PURR (Prrdd),Coi Leray,https://i.scdn.co/image/ab67616d0000b273c506665606780c4108026c6e,https://open.spotify.com/album/4I7EKdVEB8S9LjRfNoOV0o
Beam Me Up Scotty,Nicki Minaj,https://i.scdn.co/image/ab67616d0000b2736d8b9f3e7337f6bff76ceff6,https://open.spotify.com/album/2upw5IrzeqKApIQZyx5o6r
Moonwalk,cupcakKe,https://i.scdn.co/image/ab67616d0000b273684edb7230b38cc47e8707e4,https://open.spotify.com/album/3PEAIPJoecPobo7M0t2Gej
In Due Time,Lakeyah,https://i.scdn.co/image/ab67616d0000b273d0d59631f0c11267ab4c5249,https://open.spotify.com/album/3Oond2NSMqKhI5zseoD7Hu
After The Rain,Yung Baby Tate,https://i.scdn.co/image/ab67616d0000b27316e46356cc3bbf168b2ca74e,https://open.spotify.com/album/0ne4ND8fxiwMDH8OK0sAn6
Fast (Motion),Saweetie,https://i.scdn.co/image/ab67616d0000b273e8e4135f738a9a0101e91cca,https://open.spotify.com/album/5vIJnjshQfOPk710tNy9HB
Talk,Renni Rucci,https://i.scdn.co/image/ab67616d0000b273af5e861424d1d500928859cd,https://open.spotify.com/album/6SJDmsoNuteasF86EPiZQK
It's Not My Fault,Princess Nokia,https://i.scdn.co/image/ab67616d0000b273e40da06592ce1191a13f46b9,https://open.spotify.com/album/4BIoui4ETt9gynD4XRx8sy
Never Be Me,Snow Tha Product,https://i.scdn.co/image/ab67616d0000b2734abedede6b26a17abc297bcc,https://open.spotify.com/album/6PjjVk5q3261c3fFzv0K9W
"Body (Remix) [feat. ArrDee, E1 (3x3), ZT (3x3), Bugzy Malone, Buni, Fivio Foreign & Darkoo]",Tion Wayne,https://i.scdn.co/image/ab67616d0000b273b8ea4b876287cbbb519ac0fc,https://open.spotify.com/album/3ucQ8ogD2Li2U0rwkrdwlx
In Due Time,Lakeyah,https://i.scdn.co/image/ab67616d0000b273d0d59631f0c11267ab4c5249,https://open.spotify.com/album/3Oond2NSMqKhI5zseoD7Hu
Payback,CeeFineAss,https://i.scdn.co/image/ab67616d0000b273545a620205a744962ed53777,https://open.spotify.com/album/19Ul6G6aMlH7EWkDkb70eW
Bluff,Diamond Qing,https://i.scdn.co/image/ab67616d0000b273bec4b89d7fc792421b527598,https://open.spotify.com/album/0y8C5t42h3Ncju8GSdnUTT
No More Parties,Coi Leray,https://i.scdn.co/image/ab67616d0000b27320a2ae654bb13afd7dbc4bbe,https://open.spotify.com/album/5pPKR7VufPAbF18RUYB0eP
PBJ,Tay Money,https://i.scdn.co/image/ab67616d0000b273746b937ddce4b002e7014c64,https://open.spotify.com/album/4moNlzsYAvNxe9oHnWSkWg
Baby Goat,Young Devyn,https://i.scdn.co/image/ab67616d0000b273359dfd9bbfccbd6d60e3abcb,https://open.spotify.com/album/5X1HkCHCIaR5IfWVFPdJ0x
Vol.2 ... Hard Knock Life,JAY-Z,https://i.scdn.co/image/ab67616d0000b2739700390e9c33c62cfcd915ce,https://open.spotify.com/album/3j1xCJdBMCl6wYQXurz2tb
CALL ME IF YOU GET LOST,"Tyler, The Creator",https://i.scdn.co/image/ab67616d0000b273696b4e67423edd64784bfbb4,https://open.spotify.com/album/45ba6QAtNrdv6Ke4MFOKk9
Beat Box 3 (feat. DaBaby),SpotemGottem,https://i.scdn.co/image/ab67616d0000b273637d8f4420da84bb0b50e757,https://open.spotify.com/album/6QqwWNpKYbROin3Gq5pIrV
Man On The Moon III: The Chosen,Kid Cudi,https://i.scdn.co/image/ab67616d0000b2739bf7698a1737bc7c2e4a14f3,https://open.spotify.com/album/64nbgEEIcY4g1ElVLONJ0w
You Know,Funk Flex,https://i.scdn.co/image/ab67616d0000b273cedd0bf4d317b0eff86a6a57,https://open.spotify.com/album/2m365CPlTymuHRiQPqbTE6
Scary Hours 2,Drake,https://i.scdn.co/image/ab67616d0000b2738b20e4631fa15d3953528bbc,https://open.spotify.com/album/5LuoozUhs2pl3glZeAJl89
Killumbus,BigKayBeezy,https://i.scdn.co/image/ab67616d0000b273f37c20e22d6e6a29e419795d,https://open.spotify.com/album/7wb0St2dtvWRFVObf4EP7p
Ball If I Want To,DaBaby,https://i.scdn.co/image/ab67616d0000b2735be44990ee17a572098f902a,https://open.spotify.com/album/6N9oICOUm4QT2YpWdKwUlu
Slime Language 2,Young Stoner Life,https://i.scdn.co/image/ab67616d0000b27332e9cf7de86c1558a4d300c4,https://open.spotify.com/album/3ihwKkIMJWmmp1huNH0iWC
CALL ME IF YOU GET LOST,"Tyler, The Creator",https://i.scdn.co/image/ab67616d0000b273696b4e67423edd64784bfbb4,https://open.spotify.com/album/45ba6QAtNrdv6Ke4MFOKk9
Red Light Green Light,DaBaby,https://i.scdn.co/image/ab67616d0000b27319fc40e920401ce322487abf,https://open.spotify.com/album/2u1Wc12FWm7X2ueUHCHxJC
RAPSTAR,Polo G,https://i.scdn.co/image/ab67616d0000b273175715816616d0fb317fabeb,https://open.spotify.com/album/0SVzFcpsByITKgURaxXdsV
On Me (Remix) (with Megan Thee Stallion),Lil Baby,https://i.scdn.co/image/ab67616d0000b273103207a56a4d80e3a903a619,https://open.spotify.com/album/0Qta1EXfjfRgjE74XYEFta
Drop (feat. DaBaby),Yo Gotti,https://i.scdn.co/image/ab67616d0000b273d9498f649297c98079e123bc,https://open.spotify.com/album/0lziEfJ5vqzrFLev10QnAz
Splash (feat. Moneybagg Yo),Tyga,https://i.scdn.co/image/ab67616d0000b273473c0c209ab5d57796561013,https://open.spotify.com/album/78G2ZuU0lbpOLgrMS4OYbv
Ramen & OJ,Joyner Lucas,https://i.scdn.co/image/ab67616d0000b2734fd8e64469ff9dd01faf50fe,https://open.spotify.com/album/48ahZJLcagb8VTgRAuv6WQ
You A Dime,DJ Chose,https://i.scdn.co/image/ab67616d0000b27303dc9d7c3da1d02a718c24c0,https://open.spotify.com/album/7kv5MIuO2CyXjLQU7Ahl1I
BIG PURR (Prrdd),Coi Leray,https://i.scdn.co/image/ab67616d0000b273c506665606780c4108026c6e,https://open.spotify.com/album/4I7EKdVEB8S9LjRfNoOV0o
Happy Birthday Kodak,Kodak Black,https://i.scdn.co/image/ab67616d0000b2733183ac4bc4f6c6795be9002b,https://open.spotify.com/album/52Buhte2zLFUEdbQFVsxNd
Triple S (Remix) [feat. Coi Leray],YN Jay,https://i.scdn.co/image/ab67616d0000b27393f5cab0af945d0623cdaba7,https://open.spotify.com/album/0OI2L465JNOZRswdO5Dpeq
Beat It Up,Tru Carr,https://i.scdn.co/image/ab67616d0000b27363cbfa0904292f95b984636d,https://open.spotify.com/album/1jDqmEdhCclYr6q2W6v5gm
Baby Boy,Slimelife Shawty,https://i.scdn.co/image/ab67616d0000b273ba0db1837a9f66fdd2b289e1,https://open.spotify.com/album/392OWT5lG0DizGa2ycSU9z
Toot That (feat. DreamDoll & BeatKing),Erica Banks,https://i.scdn.co/image/ab67616d0000b273cfba0a792ded774f05869f74,https://open.spotify.com/album/6fK4WIZoxQuboezx5UOxbp
At The Top,Coi Leray,https://i.scdn.co/image/ab67616d0000b273697fea162b49598cb2daeb7d,https://open.spotify.com/album/7fQLpnEw13xochCUd776UZ
Toot That (feat. DreamDoll & BeatKing),Erica Banks,https://i.scdn.co/image/ab67616d0000b273cfba0a792ded774f05869f74,https://open.spotify.com/album/6fK4WIZoxQuboezx5UOxbp
Destined 2 Win,Lil Tjay,https://i.scdn.co/image/ab67616d0000b2735af0305457ff290e06dcc4c2,https://open.spotify.com/album/3MEKpJ7wSSp6Z661ThjrUJ
Scary Hours 2,Drake,https://i.scdn.co/image/ab67616d0000b2738b20e4631fa15d3953528bbc,https://open.spotify.com/album/5LuoozUhs2pl3glZeAJl89
Baddest,Yung Bleu,https://i.scdn.co/image/ab67616d0000b27354e013fc215e0c5304c1dcdc,https://open.spotify.com/album/3ERp6sI91Flu5Onq9me2pV
Shit Crazy (feat. BIG30),Gucci Mane,https://i.scdn.co/image/ab67616d0000b273a1927a7e1022eba8f6d88733,https://open.spotify.com/album/565iLNRY3CjV3RBQmRB5dc
Beam Me Up Scotty,Nicki Minaj,https://i.scdn.co/image/ab67616d0000b2736d8b9f3e7337f6bff76ceff6,https://open.spotify.com/album/2upw5IrzeqKApIQZyx5o6r
Dem Girlz (with Erica Banks feat. Beatking),Big Jade,https://i.scdn.co/image/ab67616d0000b273cdd479b3090c51706fd253ab,https://open.spotify.com/album/1LEgihPCFBwzC3hzNrgJqG
Tyler Herro,Jack Harlow,https://i.scdn.co/image/ab67616d0000b273d12510170b4c55664e96e9a5,https://open.spotify.com/album/4Vd7lpztpJdmMt9hrLfXWe
El Dorado,24kGoldn,https://i.scdn.co/image/ab67616d0000b27384c53fa832dfa265192419c5,https://open.spotify.com/album/270o30h7cAlEhBnbuSpFZq
Masterpiece,DaBaby,https://i.scdn.co/image/ab67616d0000b2737b41da110df7023757e8f8fa,https://open.spotify.com/album/6kaYDcX9dNmJE5OU71IUby
Hello Baby feat. Fivio Foreign,Young M.A,https://i.scdn.co/image/ab67616d0000b2736fc9887c603061194b0abc17,https://open.spotify.com/album/18JkYWC5jB0R8GuaROnv0R
Beat Box 3 (feat. DaBaby),SpotemGottem,https://i.scdn.co/image/ab67616d0000b273637d8f4420da84bb0b50e757,https://open.spotify.com/album/6QqwWNpKYbROin3Gq5pIrV
Eenie Meenie,Yung Baby Tate,https://i.scdn.co/image/ab67616d0000b2734c3a078cdbc0a4ca2825b74f,https://open.spotify.com/album/1RjmHClvXOvgOFXIiqGb4l
The Voice,Lil Durk,https://i.scdn.co/image/ab67616d0000b273e67a56591cf8bcfcb1450980,https://open.spotify.com/album/12TuxCWI6BzfSXaZMKMrPn
A Gangsta’s Pain,Moneybagg Yo,https://i.scdn.co/image/ab67616d0000b273b9ba23c2a9edf6f4b7e48bed,https://open.spotify.com/album/5ffogo3K3fYibGWa93IzUe
SHOOT MY SHOT,IDK,https://i.scdn.co/image/ab67616d0000b27333567aea8e5dfe07e1417d9e,https://open.spotify.com/album/2ug89z91VcJ8NfpbZGVrPw
Shoot For The Stars Aim For The Moon (Deluxe),Pop Smoke,https://i.scdn.co/image/ab67616d0000b27346e1307c35579c3483ea7b03,https://open.spotify.com/album/2MDU46hcBn3u94s46BOSdv
Just Until....,Cordae,https://i.scdn.co/image/ab67616d0000b2732361ec64ab57e2ec088beff7,https://open.spotify.com/album/0mRCQ9zhXQTjXusVJfSXoW
TAKE IT,Juicy J,https://i.scdn.co/image/ab67616d0000b273cd3a7074de1cd408d27681bf,https://open.spotify.com/album/3IzUTofrmdo5ei6J81bsNZ
So Much Fun,Young Thug,https://i.scdn.co/image/ab67616d0000b2736fcd1b6e205d0d19d9efa0cc,https://open.spotify.com/album/1bnHPO4dKK7IjvgrtVBcQh
Nah Nah Nah (feat. DaBaby & 2 Chainz) [Remix],Kanye West,https://i.scdn.co/image/ab67616d0000b2734c9f0f8f1fcab0471a4c66c0,https://open.spotify.com/album/0Fpe40q4duP2847fSLr43F
ROLLIN N CONTROLLIN FREESTYLE,DUSTY LOCANE,https://i.scdn.co/image/ab67616d0000b27327431077bb9eefc88c3565eb,https://open.spotify.com/album/752RRPgpiIBjptbb1BqoRI
The Blueprint 2 The Gift & The Curse,JAY-Z,https://i.scdn.co/image/ab67616d0000b273b7c45af95aaf599cee3acf08,https://open.spotify.com/album/5xHStEOG8PsbzNQb7LkxZU
Destined 2 Win,Lil Tjay,https://i.scdn.co/image/ab67616d0000b2735af0305457ff290e06dcc4c2,https://open.spotify.com/album/3MEKpJ7wSSp6Z661ThjrUJ
Trench Baby (Deluxe Edition),Lil Zay Osama,https://i.scdn.co/image/ab67616d0000b27386d05c93bce36a24ec4f3bb7,https://open.spotify.com/album/2dMqj7BHyNyYGz66xbJfY6
In Due Time,Lakeyah,https://i.scdn.co/image/ab67616d0000b273d0d59631f0c11267ab4c5249,https://open.spotify.com/album/3Oond2NSMqKhI5zseoD7Hu
Twerkulator,City Girls,https://i.scdn.co/image/ab67616d0000b2736de4e4aeed026242fae9e56a,https://open.spotify.com/album/0UMsQl5qJZAjhcj2985joB
2 Sauce,Sleepy Hallow,https://i.scdn.co/image/ab67616d0000b273945c4f89badbb7a1bcc9f361,https://open.spotify.com/album/60ZfufAHQSNcRPiDAWLISt
Thats What They All Say,Jack Harlow,https://i.scdn.co/image/ab67616d0000b273aeb14ead136118a987246b63,https://open.spotify.com/album/5g2INX6dnMIJG0xKygXwF3
Onna Come Up (feat. G Herbo) [Remix],Lil Eazzyy,https://i.scdn.co/image/ab67616d0000b273bed4f2b80e5eb8b38f38c939,https://open.spotify.com/album/68E8KEIn6CawoxJetxyYRl
Pretty Summer Playlist: Season 1,Saweetie,https://i.scdn.co/image/ab67616d0000b27340fcfc9c0e2e402f35ddf788,https://open.spotify.com/album/2HOYNp9NxRakR9u9na7Wth
Yeah Kool (feat. Lil Uzi Vert),FXXXXY,https://i.scdn.co/image/ab67616d0000b273473b84654b2aee3ce6c350c5,https://open.spotify.com/album/61kyoCb93iJ6yGLgGelezG
Errbody,Lil Baby,https://i.scdn.co/image/ab67616d0000b2730091f4b1a4701c452b6d21eb,https://open.spotify.com/album/1AhcXFOhxnWriMEslx0LC2
Majin Buu,Anoyd,https://i.scdn.co/image/ab67616d0000b2730ee365820dca1f31d49fd222,https://open.spotify.com/album/7gn8Iq3Abd90DFIuqvdnLs
WHATS POPPIN,Jack Harlow,https://i.scdn.co/image/ab67616d0000b27305c50cf7a461aa654fe9b15a,https://open.spotify.com/album/0tKdqHpam4gasOfzTNIRLd
Bad Boy (with Young Thug),Juice WRLD,https://i.scdn.co/image/ab67616d0000b2730bda1f6aa92d42f44d621db6,https://open.spotify.com/album/5hUFZjxtqYvxm9FGUhHCdE
Low Key (feat. Lil Uzi Vert),Doe Boy,https://i.scdn.co/image/ab67616d0000b273734cdaf16bd8ae69fe025071,https://open.spotify.com/album/46auY5dDnGZO3YoIKUVMHq
Buss It (feat. Travis Scott),Erica Banks,https://i.scdn.co/image/ab67616d0000b273504de199f4955eb73d354a54,https://open.spotify.com/album/5UmygQJtxCI19iqzkizz0J
Provide (feat. Chris Brown & Mark Morrison),G-Eazy,https://i.scdn.co/image/ab67616d0000b27301b2e2b7628e9da94dcb40e0,https://open.spotify.com/album/6a32yqUMNIkkI32sTYna0O
Stretch,Travis Porter,https://i.scdn.co/image/ab67616d0000b273eacabf7ca2dc18144ca1b67b,https://open.spotify.com/album/4gk0W9X4LWJxNsMVjkVLKN
In The Kitchen,Pote Baby,https://i.scdn.co/image/ab67616d0000b273415cee1efffc5cb79eff38b9,https://open.spotify.com/album/6SaruG91V5J5UOyEMClC37
Throat Baby (Go Baby) (with DaBaby & City Girls) [Remix],BRS Kash,https://i.scdn.co/image/ab67616d0000b273e0411706937b154259b9e90d,https://open.spotify.com/album/7CaoMilK1vM4KvbbvRVggD
Bring Out The Hoochies,YBN Almighty Jay,https://i.scdn.co/image/ab67616d0000b273b23f0bc97f37f56ec6c8b3e2,https://open.spotify.com/album/69DriEQY7IAs1THWPNiUjG
Man On The Moon III: The Chosen,Kid Cudi,https://i.scdn.co/image/ab67616d0000b2739bf7698a1737bc7c2e4a14f3,https://open.spotify.com/album/64nbgEEIcY4g1ElVLONJ0w
Go Big (From The Amazon Original Motion Picture Soundtrack Coming 2 America),YG,https://i.scdn.co/image/ab67616d0000b27331f44cf9ef63e693ee857e28,https://open.spotify.com/album/4SfN1GQK0M0OSWTK7gCGz6
No Love Lost (Deluxe),Blxst,https://i.scdn.co/image/ab67616d0000b27321c1dffc4a2b376462330b87,https://open.spotify.com/album/7AwrgenNcTAJlJF3pKL0Qr
Baldy,Lil Ronny Motha F,https://i.scdn.co/image/ab67616d0000b2731ee32a1422fd4a3ce2ead77e,https://open.spotify.com/album/2zhA4QmtnK8l6TUOs16mAP
Trust,Fivio Foreign,https://i.scdn.co/image/ab67616d0000b273efab602df7942bb34c202f3e,https://open.spotify.com/album/4P3x3MxVxNUBN0y7z98RC3
"Go Crazy (Remix) (feat. Young Thug, Future, Lil Durk & Latto)",Chris Brown,https://i.scdn.co/image/ab67616d0000b2731fd642e2f8cd8fef25ccf188,https://open.spotify.com/album/57mRzPwzFz7cnnuDM4rHMU
Still Sleep?,Sleepy Hallow,https://i.scdn.co/image/ab67616d0000b27378376f650afd63698b82e4b1,https://open.spotify.com/album/38nZLvJx8A9p4YYpTG5iFP
Gordon R Freestyle,Remble,https://i.scdn.co/image/ab67616d0000b2733ac507f94bd63555d002ce80,https://open.spotify.com/album/0mRHCGv6VUByAVVJvg92KM
Free Dem Boyz,42 Dugg,https://i.scdn.co/image/ab67616d0000b2735cc589330e3596c853863484,https://open.spotify.com/album/4zJiUubJvgUJNq0BVD9Mvs
Start Some Shyt,Sheff G,https://i.scdn.co/image/ab67616d0000b273699c7cdd4e05d742ba990fa3,https://open.spotify.com/album/1ncKJe7KEBmQEpvTH9GIp6
Tell Em,Cochise,https://i.scdn.co/image/ab67616d0000b273e60b56aa1e58fe76240a101b,https://open.spotify.com/album/3OE8gkPLqI9zr3hlEz6ruQ
Nobody Special (with Future),Hotboii,https://i.scdn.co/image/ab67616d0000b273cdb23f19369afc15b02d3966,https://open.spotify.com/album/7AL7cdhzjigaVkUVhRiphE
No Hook,J.I the Prince of N.Y,https://i.scdn.co/image/ab67616d0000b273a9f0d04f317fd8ebf0d60ddf,https://open.spotify.com/album/2zMPomRZ8A5An40OHAXHfQ
007,Rot Ken,https://i.scdn.co/image/ab67616d0000b2735f2710f72f2147f36636bedb,https://open.spotify.com/album/0ErssytGA5jnxR2BCDy0KP
"Bundles 2 (feat. Flo Milli, Taylor Girlz)",Kayla Nicole,https://i.scdn.co/image/ab67616d0000b273c674bd6cf8633d61fc95f344,https://open.spotify.com/album/5nsV6k7g6rZVLW3Xhru07O
El Dorado,24kGoldn,https://i.scdn.co/image/ab67616d0000b27384c53fa832dfa265192419c5,https://open.spotify.com/album/270o30h7cAlEhBnbuSpFZq
Got Me Started,2FeetBino,https://i.scdn.co/image/ab67616d0000b27349ce145e0b4cf00d218d4f90,https://open.spotify.com/album/61cJNWrAfWrXzs3uXykQld
No Excuses (Freestyle),Aaron May,https://i.scdn.co/image/ab67616d0000b2736c0636d65d2f8c1bc2598ed3,https://open.spotify.com/album/5Ii6YYQWvFGfwxCtScvN13
Wit Dat,TheHxliday,https://i.scdn.co/image/ab67616d0000b2734af27972c903f1614a14a59c,https://open.spotify.com/album/3JWFGQu0KdhNHYZK45Fp4l
I Remember,FN DaDealer,https://i.scdn.co/image/ab67616d0000b27332bcf431ded9426864bb573c,https://open.spotify.com/album/2MsxiO9bpV5Y7g6mT4yOcH
I'm Perfect,KenTheMan,https://i.scdn.co/image/ab67616d0000b27396d18f70f3a95a42e8c293a1,https://open.spotify.com/album/1sX0Z1gnMyIYSseLCV4xQX
Oh The Places You’ll Go,Iamdoechii,https://i.scdn.co/image/ab67616d0000b2735b1c007aca090309658a2dfc,https://open.spotify.com/album/0VV963BfZvQmjzZ14ai7Gu
Secret Service,OHGEESY,https://i.scdn.co/image/ab67616d0000b273b1063cd972e6d9a88dbe0788,https://open.spotify.com/album/2kys8S6QIA6AC4d8yHfdMs
Not One Of Them,Dee Watkins,https://i.scdn.co/image/ab67616d0000b2734292335c377be1742f758df8,https://open.spotify.com/album/1GV2wVRlMF8yDqqTrqdLJx
Legendary Nightz,Rico Cartel,https://i.scdn.co/image/ab67616d0000b27312e9ce5f31c7b2f3397ea780,https://open.spotify.com/album/4gSeWKmcEuY2R9R5kwl6EX
Shmurda Talk (feat. Rowdy Rebel),Doe Boy,https://i.scdn.co/image/ab67616d0000b2737a5e567d6d8a785dda3327fc,https://open.spotify.com/album/7gFYJMPk2NvBGJi46qwNSi
My Struggle,Unfoonk,https://i.scdn.co/image/ab67616d0000b2734bfbaa7bfe839326b24985e4,https://open.spotify.com/album/7FB77y6bMVsHTPS6m6qbCM
durag activity (with Travis Scott),Baby Keem,https://i.scdn.co/image/ab67616d0000b27377fd541561004220c4615b7a,https://open.spotify.com/album/2JFAT4IDF89ZMmuxoOKbQ1
DA DA DA !,Smoove'L,https://i.scdn.co/image/ab67616d0000b273a5ff20e2a5462d70da76b356,https://open.spotify.com/album/1zNipb9I7jUyNFydWvAYgN
Temperature,Unfoonk,https://i.scdn.co/image/ab67616d0000b27385b17fc3af323d63625117f6,https://open.spotify.com/album/2pla7KWjFa9BBsxhxhpxFq
Love Letter,Scorey,https://i.scdn.co/image/ab67616d0000b273eb58902c17729cac334bc1f2,https://open.spotify.com/album/1Q7gcAozdiGk61c4rQfjCL
Half The Time,Cico P,https://i.scdn.co/image/ab67616d0000b27314b2682e65ec825dcc04f053,https://open.spotify.com/album/4yPl242QRmxqlDPcbdDqfO
Still Sleep?,Sleepy Hallow,https://i.scdn.co/image/ab67616d0000b27378376f650afd63698b82e4b1,https://open.spotify.com/album/38nZLvJx8A9p4YYpTG5iFP
The Blixky Tape 2,22Gz,https://i.scdn.co/image/ab67616d0000b273290beb06fc31a5e3e8165ff9,https://open.spotify.com/album/42eCvSjk8vGZP9hKEXUsYI
No Statements,Kuttem Reese,https://i.scdn.co/image/ab67616d0000b2732147cc86e1e29cf12b5bd09d,https://open.spotify.com/album/4m1cOWow3KXw8lWqQvlvnN
Beat Box 3 (feat. DaBaby),SpotemGottem,https://i.scdn.co/image/ab67616d0000b273637d8f4420da84bb0b50e757,https://open.spotify.com/album/6QqwWNpKYbROin3Gq5pIrV
Buss It Open (feat. Lakeyah),Trapboy Freddy,https://i.scdn.co/image/ab67616d0000b273252476c09556018f87b47f94,https://open.spotify.com/album/6b83VgfA5oTJgUyyw9q0w5
Giving Up,Yungeen Ace,https://i.scdn.co/image/ab67616d0000b27356f331955f2bf194d5f33ba1,https://open.spotify.com/album/4k40PwmY4geokhdtALDDe8
Did You Know,Westsidejhitt,https://i.scdn.co/image/ab67616d0000b273ed83aa0f403287844d4b6e21,https://open.spotify.com/album/0MXWPrPkHfPLtX5xt6T4C0
Walkin (feat. Pooh Shiesty),Yung Mal,https://i.scdn.co/image/ab67616d0000b2735f6649dff7e2d29a3a6f90c4,https://open.spotify.com/album/14YhlFr1vE0tWZmFQeYi7Q
OKAY,FRVRFRIDAY,https://i.scdn.co/image/ab67616d0000b2736f056a27b65959228440eeff,https://open.spotify.com/album/5B7pNKgmdLGj1PJsyKwhGA
Bigger Than Life Or Death,EST Gee,https://i.scdn.co/image/ab67616d0000b273432cb65dd1fc29f98c0bb184,https://open.spotify.com/album/1ndPDlUFDpkrF0Ce3a1C3U
Baddest,Yung Bleu,https://i.scdn.co/image/ab67616d0000b27354e013fc215e0c5304c1dcdc,https://open.spotify.com/album/3ERp6sI91Flu5Onq9me2pV
Jack,Nasty C,https://i.scdn.co/image/ab67616d0000b27367a3fdb2c536d140c642cda6,https://open.spotify.com/album/6wECibFr4zHhkIFLxyNdvx
23 Is Back,JayDaYoungan,https://i.scdn.co/image/ab67616d0000b273184e32bbe1a4cb56496f6262,https://open.spotify.com/album/3dWIHREOrliyYd2z83CLKa
Color Blind,YungManny,https://i.scdn.co/image/ab67616d0000b273169b7f67e45e74da6118574d,https://open.spotify.com/album/6CPBHwRaxsOk4ZVRIBEtn1
MAYOR OF THE STREETS,Rah Swish,https://i.scdn.co/image/ab67616d0000b27316bc51310ea29026741fd00e,https://open.spotify.com/album/5KbAqERoNehnL6RW78PvxJ
QUARTZ (feat. Charmaine),Boslen,https://i.scdn.co/image/ab67616d0000b273d8fdc282b2f49800f94d0596,https://open.spotify.com/album/3qpWN1lYj6b3Bt4ELFrWdw
Oh No (Madden22 Version),BRS Kash,https://i.scdn.co/image/ab67616d0000b2739990f64b4712a1ff77596bbb,https://open.spotify.com/album/6q18mFhsD1LT1dpIri5vFO
Gotta Go,Elijah the Boy,https://i.scdn.co/image/ab67616d0000b273674c6b162ae68af64eb0292e,https://open.spotify.com/album/1ffj1YKDMjnfqnqyIFeWUl
Double 360,Stoop Lauren,https://i.scdn.co/image/ab67616d0000b2735d7d8bdb044966c68010c591,https://open.spotify.com/album/0SpRY5GykqXEc5mmhKyklo
Oppanese,Fredo Bang,https://i.scdn.co/image/ab67616d0000b27396f58787edc0f0f16cdc17e4,https://open.spotify.com/album/22X2ANkZ4edCDxHAeTv8ko
Back2Lyfe,Nebu Kiniza,https://i.scdn.co/image/ab67616d0000b273ca4679d369a222e80f970e27,https://open.spotify.com/album/1ReW4ETxA99F6gxzjjhnLS
Back And Better (feat. Lil 2z),Quin Nfn,https://i.scdn.co/image/ab67616d0000b273d2012abbc86e97c39108e348,https://open.spotify.com/album/2KbHh6IDvuOd8gwhlNCwsL
Proud Of Me (feat. FCG Heem),Dee Watkins,https://i.scdn.co/image/ab67616d0000b27315de4683b83c3fccf805be21,https://open.spotify.com/album/7hMVilU8bcZozCmt7NkKC5
Time Speed,NoCap,https://i.scdn.co/image/ab67616d0000b273908efc34282a43f3c76f7484,https://open.spotify.com/album/3EaTMZ6Kz0qvJB0rKsmNU2
VANESSA,Whookilledkenny,https://i.scdn.co/image/ab67616d0000b2731d8437b186147e1a9b0c1f54,https://open.spotify.com/album/31dmldabZpeGie7N0k8POI
Adore You (feat. PnB Rock),Bizzy Banks,https://i.scdn.co/image/ab67616d0000b273ed7dca59cb6cb0633ebe07fb,https://open.spotify.com/album/56tqkhVi0XGL3gn2NF99xg
DLOG,Mike Dimes,https://i.scdn.co/image/ab67616d0000b273274fa4b7eb0b261f4e96c17d,https://open.spotify.com/album/3YsslJLbGuxcqC2NYlL56v
All I Know,Jayson Cash,https://i.scdn.co/image/ab67616d0000b2736872add432d50a62f38b7b1a,https://open.spotify.com/album/1QMp9S7fp3G3RgUu89LwCr
Move On,3Breezy,https://i.scdn.co/image/ab67616d0000b273b5f0a96fccbd26cfcea8e99f,https://open.spotify.com/album/6ql8aKcAoW0UAOsQhU0Mfp
Boogieee,Cico P,https://i.scdn.co/image/ab67616d0000b273e1c580a24448fb6338bf061b,https://open.spotify.com/album/05jPqj8eV3n5KmX8M0J3Cp
epiphany,KA$HDAMI,https://i.scdn.co/image/ab67616d0000b273df5564695e4659f579447c5e,https://open.spotify.com/album/5OPlgjfJT4M8WNZNtOvUGB
Cry In Dubai,Popp Hunna,https://i.scdn.co/image/ab67616d0000b273afa8821f1f6bc5e29ddc96ca,https://open.spotify.com/album/70isYVApV93iSHMQv5uBvn
Prosper,Metro Marrs,https://i.scdn.co/image/ab67616d0000b273a46889aa4d34d1ad42da3e4c,https://open.spotify.com/album/0RLph6WOBfb30WrXVDePxf
Know Sumthin,Tru Carr,https://i.scdn.co/image/ab67616d0000b2733f6fd32e65f4bc0c2422c54a,https://open.spotify.com/album/5n5moVKaMdowcFllInT9Pr
Work Out (feat. Gunna),Lil Gotit,https://i.scdn.co/image/ab67616d0000b273ecc17c5abe6505a3f11179f2,https://open.spotify.com/album/6NVnxD9zoiuwd1Kf9XdNwC
Street Sermons,Morray,https://i.scdn.co/image/ab67616d0000b2734e8dfa850411698981fe2c45,https://open.spotify.com/album/2GEF3N9pOsKD9jLnZj07HN
Big Grim Reaper,Big Scarr,https://i.scdn.co/image/ab67616d0000b2736ed6eec5da62833fae3897ea,https://open.spotify.com/album/3p89sh1IV385sHS85PHe8w
Knock Knock,Nardo Wick,https://i.scdn.co/image/ab67616d0000b2731518a132a6026fbee263109a,https://open.spotify.com/album/29PgKHwtE3Qrp2IrMLxDDl
Gold Rolex,Bobby Sessions,https://i.scdn.co/image/ab67616d0000b273a199f0a15d8856a7ec824f1a,https://open.spotify.com/album/2CP8TcIt4nEqG6UYItXl8f
Channel 2 (feat. Slimelife Shawty),3xbravo,https://i.scdn.co/image/ab67616d0000b273668c52b003e9e65b513c5b18,https://open.spotify.com/album/5x06cJfpPBPKxGpMJu1IHY
Movie,Blxst,https://i.scdn.co/image/ab67616d0000b2730f7574641c75ac390a8d7754,https://open.spotify.com/album/1cAZsZvkHQVfuP2NgeoUHj
Blue/Santanny,Bktherula,https://i.scdn.co/image/ab67616d0000b2733e79371e542a3adbe96e5004,https://open.spotify.com/album/08nho3QsVArCSlMQEI6exi
"ROLLIN N CONTROLLIN, Pt.2 (PICTURE ME)",DUSTY LOCANE,https://i.scdn.co/image/ab67616d0000b273906ba43b4051f592c80944aa,https://open.spotify.com/album/06do6YAfoBee0ULhdt4qe5
Pac-Man,YSN Flow,https://i.scdn.co/image/ab67616d0000b273c86480a4e777320e89346541,https://open.spotify.com/album/5FnnEPB5abqqnEvY70u6C3
Born Gangstaz,Boss,https://i.scdn.co/image/ab67616d0000b2736cc1143ae1a8f35d263f0146,https://open.spotify.com/album/0g8tDKyvH9BwvRE0SnaMTU
Vibes (feat. Tyla Yaweh),RMR,https://i.scdn.co/image/ab67616d0000b273054a84b68718be4ab054f0c3,https://open.spotify.com/album/6kxR1nhsKgQ7RvPfauejrj
Thank You For Believing,Toosii,https://i.scdn.co/image/ab67616d0000b27318423616e0ff4cec640c8daa,https://open.spotify.com/album/616PXlH2cjun1oU5LR81oB
Dem Girlz (with Erica Banks feat. Beatking),Big Jade,https://i.scdn.co/image/ab67616d0000b273cdd479b3090c51706fd253ab,https://open.spotify.com/album/1LEgihPCFBwzC3hzNrgJqG
Jesse Owens (feat. NAV),Rowdy Rebel,https://i.scdn.co/image/ab67616d0000b2733a6813fed1caa78e6667ec81,https://open.spotify.com/album/7aiS7MdJhZ0wCXT9o2fCTY
City Hot,Bizzy Banks,https://i.scdn.co/image/ab67616d0000b273e94082fd0c8e0d95778f8ae3,https://open.spotify.com/album/2Ox1JXFE2AlbSvXn7zeWAy
Unfuckwitable (Deluxe Edition),Babyface Ray,https://i.scdn.co/image/ab67616d0000b2733af49e43d8fe35f0f19fec0e,https://open.spotify.com/album/4TZreMdjJL5LjJmK61oxG6
Fallen Angel,Taleban Dooda,https://i.scdn.co/image/ab67616d0000b2739a94840bbff394afe7c0e52f,https://open.spotify.com/album/4o5jDS96VmobCQgOWKUo4o
Licensed To Ill,Beastie Boys,https://i.scdn.co/image/ab67616d0000b273a7ea08ab3914c5fb2084a8ac,https://open.spotify.com/album/11oR0ZuqB3ucZwb5TGbZxb
Attachments (feat. Coi Leray),Pressa,https://i.scdn.co/image/ab67616d0000b2734f33f49a281a9290d216d5a8,https://open.spotify.com/album/6CMpc5ukVsV1HJUWwLMHBJ
Up,Cardi B,https://i.scdn.co/image/ab67616d0000b273d619b8baab0619516bb53804,https://open.spotify.com/album/5BNrcvfbLyADks4RXPW7VP
"WHATS POPPIN (feat. DaBaby, Tory Lanez & Lil Wayne) [Remix]",Tory Lanez,https://i.scdn.co/image/ab67616d0000b273b5f0a8d46cef9647548c64dc,https://open.spotify.com/album/36jrqYRpGVpJqztuqCii22
Spicy (feat. Post Malone),Ty Dolla $ign,https://i.scdn.co/image/ab67616d0000b273ba2d83c086616d4199e3762f,https://open.spotify.com/album/6FQ0GEiGndu9fXvW4FQvo0
Meet The Woo,Pop Smoke,https://i.scdn.co/image/ab67616d0000b2738fe5d04b06aff90f9fe796f5,https://open.spotify.com/album/6d1vGZsr6Uy3h9IigBpPAf
Time Today,Moneybagg Yo,https://i.scdn.co/image/ab67616d0000b2731c8bef7c365a852c21acf002,https://open.spotify.com/album/6bhDYrLxUl1AocYR05p91R
Nah Nah Nah (feat. DaBaby & 2 Chainz) [Remix],Kanye West,https://i.scdn.co/image/ab67616d0000b2734c9f0f8f1fcab0471a4c66c0,https://open.spotify.com/album/0Fpe40q4duP2847fSLr43F
24 (feat. Lil Baby),Money Man,https://i.scdn.co/image/ab67616d0000b27367401abda9d765ac669f6ea2,https://open.spotify.com/album/5kaQQ0Z6RNMSqCRtM1lGn5
RAPSTAR,Polo G,https://i.scdn.co/image/ab67616d0000b273175715816616d0fb317fabeb,https://open.spotify.com/album/0SVzFcpsByITKgURaxXdsV
AP (Music from the film Boogie),Pop Smoke,https://i.scdn.co/image/ab67616d0000b273910d332c82ea0e868127f9a0,https://open.spotify.com/album/2xAPKH0b7vGsyD5xzkPpnI
Life Is Good (feat. Drake),Future,https://i.scdn.co/image/ab67616d0000b2738a01c7b77a34378a62f46402,https://open.spotify.com/album/5uCEoLCj3ZZZ1EtzQdQWVl
Ramen & OJ,Joyner Lucas,https://i.scdn.co/image/ab67616d0000b2734fd8e64469ff9dd01faf50fe,https://open.spotify.com/album/48ahZJLcagb8VTgRAuv6WQ
FRANCHISE (feat. Young Thug & M.I.A.),Travis Scott,https://i.scdn.co/image/ab67616d0000b27370f2ab5608885749f7210b5f,https://open.spotify.com/album/4Bp7LKA5Afo1PRoXuQe8qZ
BLAME IT ON BABY (DELUXE),DaBaby,https://i.scdn.co/image/ab67616d0000b273e818d05b79be19f4d49f1ebf,https://open.spotify.com/album/6SL49HqoUwu2hhfukBAK3Q
Need It,Migos,https://i.scdn.co/image/ab67616d0000b273fe125b32fcf094fa625dbdae,https://open.spotify.com/album/3L3WBqghAN3LeGZa5eRIBk
KHALED KHALED,DJ Khaled,https://i.scdn.co/image/ab67616d0000b273dcd4d70294f17175991ba1bb,https://open.spotify.com/album/5kE2OAuUYGBqqzscqgBXXf
Thot Shit,Megan Thee Stallion,https://i.scdn.co/image/ab67616d0000b273ac1c01aec658e90fcd23f857,https://open.spotify.com/album/7gEGuvkVs79hY4tG7OYnzx
Licensed To Ill,Beastie Boys,https://i.scdn.co/image/ab67616d0000b273a7ea08ab3914c5fb2084a8ac,https://open.spotify.com/album/11oR0ZuqB3ucZwb5TGbZxb
Shiesty Season,Pooh Shiesty,https://i.scdn.co/image/ab67616d0000b2737521ad5f8cd60ead348560ab,https://open.spotify.com/album/2UwJ4Nt10VStLczYefhcEV
Straightenin,Migos,https://i.scdn.co/image/ab67616d0000b273048a14936a56e696035555ba,https://open.spotify.com/album/7MFj8Fxl8OrEAOyOBSMz51
Legends Never Die,Juice WRLD,https://i.scdn.co/image/ab67616d0000b2733e0698e4ae5ffb82a005aeeb,https://open.spotify.com/album/6n9DKpOxwifT5hOXtgLZSL
Without Warning,21 Savage,https://i.scdn.co/image/ab67616d0000b2730f206fe737d46f2f2d826d83,https://open.spotify.com/album/0MV1yCXcNNQBfwApqAVkH0
Hoodie SZN,A Boogie Wit da Hoodie,https://i.scdn.co/image/ab67616d0000b273dcfadea246002a5c0fd7b1b8,https://open.spotify.com/album/3r5hf3Cj3EMh1C2saQ8jyt
Tap In,Saweetie,https://i.scdn.co/image/ab67616d0000b273a2e401d7c502d86ae39e5278,https://open.spotify.com/album/3XpOIE22NDEl5VSguQGv2h
Floor Seats II,A$AP Ferg,https://i.scdn.co/image/ab67616d0000b273d011c21a6c0808e992155c2e,https://open.spotify.com/album/0QcZ0udPMK7JkcZW3ptDXV
Championships,Meek Mill,https://i.scdn.co/image/ab67616d0000b273cd63c5962050729d260077d6,https://open.spotify.com/album/6UYZEYjpN1DYRW0kqFy9ZE
FWMGAB,French Montana,https://i.scdn.co/image/ab67616d0000b2730cbe63f4412808ec15a645a7,https://open.spotify.com/album/58zbc1nYIQmLd4rxnH1Blt
Headshot,Lil Tjay,https://i.scdn.co/image/ab67616d0000b273c3c0cf41da2bb35e19acc875,https://open.spotify.com/album/74nxdn9ypqp3hqJEttpDNU
Killer (feat. Jack Harlow & Cordae) [Remix],Eminem,https://i.scdn.co/image/ab67616d0000b2736b62c541105dbc157b9ab7bf,https://open.spotify.com/album/0H1ASykMKIX8PYfqxbxBar
THE SCOTTS,THE SCOTTS,https://i.scdn.co/image/ab67616d0000b27311d6f8c713ef93a9bb64ddfe,https://open.spotify.com/album/7q6zjWaLw8bN5nYiBWjrus
Time Today,Moneybagg Yo,https://i.scdn.co/image/ab67616d0000b2731c8bef7c365a852c21acf002,https://open.spotify.com/album/6bhDYrLxUl1AocYR05p91R
Yikes,Nicki Minaj,https://i.scdn.co/image/ab67616d0000b27398441652fc8a6b7ebf395ba9,https://open.spotify.com/album/2IvvAdx63KEfVHPAvYdQ1O
Red Light Green Light,DaBaby,https://i.scdn.co/image/ab67616d0000b27319fc40e920401ce322487abf,https://open.spotify.com/album/2u1Wc12FWm7X2ueUHCHxJC
Turks,NAV,https://i.scdn.co/image/ab67616d0000b27319df39f54bf7f87a2897136e,https://open.spotify.com/album/2nfOFXxNyf61geA17cW6e6
Real As It Gets (feat. EST Gee),Lil Baby,https://i.scdn.co/image/ab67616d0000b273f0f6f6144929a1ff72001f5e,https://open.spotify.com/album/0SO86DCFiwaTqchBpujace
New Beginnings,REASON,https://i.scdn.co/image/ab67616d0000b2733907a711fe2eaf9f50585572,https://open.spotify.com/album/3wzeXReoE5Ul6ZMLvkAnHw
So Help Me God!,2 Chainz,https://i.scdn.co/image/ab67616d0000b2735aa0595fedf70e27dca892c7,https://open.spotify.com/album/5RYrgGSMiYXGF8iwj2i1wF
Isis,Joyner Lucas,https://i.scdn.co/image/ab67616d0000b27319cd25731b71500a8bbecb13,https://open.spotify.com/album/361T1uXWyuak02E2W6tBs8
Splash (feat. Moneybagg Yo),Tyga,https://i.scdn.co/image/ab67616d0000b273473c0c209ab5d57796561013,https://open.spotify.com/album/78G2ZuU0lbpOLgrMS4OYbv
Sleepy Hallow Presents: Sleepy For President,Sleepy Hallow,https://i.scdn.co/image/ab67616d0000b273a5002e8af5089baebb3b7d5a,https://open.spotify.com/album/3P7EIeXmzJQNT1xs4Q6Xzd
Baby On Baby,DaBaby,https://i.scdn.co/image/ab67616d0000b27374d72ebd51dd5781d5f83ffd,https://open.spotify.com/album/0O1PJ0t69iTO5yWrIeIga0
Music To Be Murdered By,Eminem,https://i.scdn.co/image/ab67616d0000b2732f44aec83b20e40f3baef73c,https://open.spotify.com/album/4otkd9As6YaxxEkIjXPiZ6
Code Red,Moneybagg Yo,https://i.scdn.co/image/ab67616d0000b273b0c27c2c071c9dbef50ee8d9,https://open.spotify.com/album/4faPRidDvKRvHnWdvmvVHv
Scorpion,Drake,https://i.scdn.co/image/ab67616d0000b273f907de96b9a4fbc04accc0d5,https://open.spotify.com/album/1ATL5GLyefJaxhQzSPVrLX
Dum and Dummer 2,Young Dolph,https://i.scdn.co/image/ab67616d0000b273b3afd4ead5b9e3940f3abbf7,https://open.spotify.com/album/1XKOXluL7TbCpPVsX4dqXv
El Nino,Def Squad,https://i.scdn.co/image/ab67616d0000b27355fe7619fd78d21f67f1a35f,https://open.spotify.com/album/1I3hHYnoz7lZsBZN0jZJ1G
The Dynasty,JAY-Z,https://i.scdn.co/image/ab67616d0000b273d6351422ffb0384cbd6af29c,https://open.spotify.com/album/3VfeeJElCEDeXlDiNZbn3E
Slime Language 2,Young Stoner Life,https://i.scdn.co/image/ab67616d0000b27332e9cf7de86c1558a4d300c4,https://open.spotify.com/album/3ihwKkIMJWmmp1huNH0iWC
Tha Carter V,Lil Wayne,https://i.scdn.co/image/ab67616d0000b2732cfcc913c36f0e1776f4bb65,https://open.spotify.com/album/50yFYgKdwJANZ5O9MIbMkg
The Great Adventures Of Slick Rick (Deluxe Edition),Slick Rick,https://i.scdn.co/image/ab67616d0000b273a5234ad1d0dbc9dfc94c5ee5,https://open.spotify.com/album/4TzJROIsnfOkLUWmeOjt2F
Licensed To Ill,Beastie Boys,https://i.scdn.co/image/ab67616d0000b273a7ea08ab3914c5fb2084a8ac,https://open.spotify.com/album/11oR0ZuqB3ucZwb5TGbZxb
Straightenin,Migos,https://i.scdn.co/image/ab67616d0000b273048a14936a56e696035555ba,https://open.spotify.com/album/7MFj8Fxl8OrEAOyOBSMz51
Best Of 3rd Bass,3rd Bass,https://i.scdn.co/image/ab67616d0000b27378473c698336bd0160dc7ee9,https://open.spotify.com/album/1pTWEUzYCTNJB44EA06ZFc
GO (feat. Juice WRLD),The Kid LAROI,https://i.scdn.co/image/ab67616d0000b273b44eea2092f7f4ba202f0764,https://open.spotify.com/album/40wtKuLVVlde1T88LqtZwa
Life Is Good (feat. Drake),Future,https://i.scdn.co/image/ab67616d0000b2738a01c7b77a34378a62f46402,https://open.spotify.com/album/5uCEoLCj3ZZZ1EtzQdQWVl
UGLY (feat. Lil Baby),Russ,https://i.scdn.co/image/ab67616d0000b273bab7aca600960d7003f4e99a,https://open.spotify.com/album/6QKJuikQEvlMmthEFunSUW
Slime Language 2,Young Stoner Life,https://i.scdn.co/image/ab67616d0000b27332e9cf7de86c1558a4d300c4,https://open.spotify.com/album/3ihwKkIMJWmmp1huNH0iWC
Red Light Green Light,DaBaby,https://i.scdn.co/image/ab67616d0000b27319fc40e920401ce322487abf,https://open.spotify.com/album/2u1Wc12FWm7X2ueUHCHxJC
Red Light Green Light,DaBaby,https://i.scdn.co/image/ab67616d0000b27319fc40e920401ce322487abf,https://open.spotify.com/album/2u1Wc12FWm7X2ueUHCHxJC
I Won [From F9 The Fast Saga Original Motion Picture Soundtrack],Ty Dolla $ign,https://i.scdn.co/image/ab67616d0000b273fb9baf4194eda393b587c75d,https://open.spotify.com/album/01RtA0qCjfGy0FY4ON23nD
The Off-Season,J. Cole,https://i.scdn.co/image/ab67616d0000b27310e6745bb2f179dd3616b85f,https://open.spotify.com/album/4JAvwK4APPArjIsOdGoJXX
Back,Jeezy,https://i.scdn.co/image/ab67616d0000b273c3c9fc2c3e5bf5793d4176f2,https://open.spotify.com/album/365vZqrloEuowAK5HzhKaC
AP (Music from the film Boogie),Pop Smoke,https://i.scdn.co/image/ab67616d0000b273910d332c82ea0e868127f9a0,https://open.spotify.com/album/2xAPKH0b7vGsyD5xzkPpnI
Pegasus,Trippie Redd,https://i.scdn.co/image/ab67616d0000b273530e4657d123427b8f54f091,https://open.spotify.com/album/2vMi9So8GxXiqaT2zJXbQG
FWMGAB,French Montana,https://i.scdn.co/image/ab67616d0000b2730cbe63f4412808ec15a645a7,https://open.spotify.com/album/58zbc1nYIQmLd4rxnH1Blt
HIGHEST IN THE ROOM,Travis Scott,https://i.scdn.co/image/ab67616d0000b273e42b5fea4ac4c3d6328b622b,https://open.spotify.com/album/2uDTi1PlpSpvAv7IRAoAEU
BLAME IT ON BABY,DaBaby,https://i.scdn.co/image/ab67616d0000b27320e08c8cc23f404d723b5647,https://open.spotify.com/album/623PL2MBg50Br5dLXC9E9e
Headshot,Lil Tjay,https://i.scdn.co/image/ab67616d0000b273c3c0cf41da2bb35e19acc875,https://open.spotify.com/album/74nxdn9ypqp3hqJEttpDNU
Beam Me Up Scotty,Nicki Minaj,https://i.scdn.co/image/ab67616d0000b2736d8b9f3e7337f6bff76ceff6,https://open.spotify.com/album/2upw5IrzeqKApIQZyx5o6r
BENZ | I Know REMIX,Kelvyn Colt,https://i.scdn.co/image/ab67616d0000b2732eb945680e70d14500b3fdbe,https://open.spotify.com/album/2WoboSTSwPNH4RWVgFaZIC
KHALED KHALED,DJ Khaled,https://i.scdn.co/image/ab67616d0000b273dcd4d70294f17175991ba1bb,https://open.spotify.com/album/5kE2OAuUYGBqqzscqgBXXf
Loyalty Over Royalty,CJ,https://i.scdn.co/image/ab67616d0000b273cf9f1a140f453983a6e3a229,https://open.spotify.com/album/0kHRftVXaiRHgQdtviml0G
Real As It Gets (feat. EST Gee),Lil Baby,https://i.scdn.co/image/ab67616d0000b273f0f6f6144929a1ff72001f5e,https://open.spotify.com/album/0SO86DCFiwaTqchBpujace
Ball If I Want To,DaBaby,https://i.scdn.co/image/ab67616d0000b2735be44990ee17a572098f902a,https://open.spotify.com/album/6N9oICOUm4QT2YpWdKwUlu
Smack DVD (feat. Kanye West),SAINt JHN,https://i.scdn.co/image/ab67616d0000b2739b5a63c0cdc1d0d6f1f47e68,https://open.spotify.com/album/5lmqvqSTMlKqSrM8EtGmhe
Only You Freestyle,Headie One,https://i.scdn.co/image/ab67616d0000b27395716719bcb760795a0c15bf,https://open.spotify.com/album/5L6DR2YmRLRZ4CmR91l3Z4
Show Stop,REASON,https://i.scdn.co/image/ab67616d0000b273fbd22207a69a77a7ce6cc4ea,https://open.spotify.com/album/1XcjUvabEhf1xDvgs1mUgR
You Know,Funk Flex,https://i.scdn.co/image/ab67616d0000b273cedd0bf4d317b0eff86a6a57,https://open.spotify.com/album/2m365CPlTymuHRiQPqbTE6
Judas and the Black Messiah: The Inspired Album,Judas and the Black Messiah,https://i.scdn.co/image/ab67616d0000b2732613f12e77256f44c01a020f,https://open.spotify.com/album/0f0XZWfp7I1awuU40IPGGz
SHOOT MY SHOT,IDK,https://i.scdn.co/image/ab67616d0000b27333567aea8e5dfe07e1417d9e,https://open.spotify.com/album/2ug89z91VcJ8NfpbZGVrPw
Pray 4 Love (Deluxe),Rod Wave,https://i.scdn.co/image/ab67616d0000b27322ff91d8f39712b1c63bb0d4,https://open.spotify.com/album/6DxSrvqVwXO3SmFDSGuLAi
Slime Language 2,Young Stoner Life,https://i.scdn.co/image/ab67616d0000b27332e9cf7de86c1558a4d300c4,https://open.spotify.com/album/3ihwKkIMJWmmp1huNH0iWC
Opp Stoppa (feat. 21 Savage),YBN Nahmir,https://i.scdn.co/image/ab67616d0000b27339de87657e889736f950804a,https://open.spotify.com/album/6mBVdi3OYfVGmMiT4jXkYz
Go Big (From The Amazon Original Motion Picture Soundtrack Coming 2 America),YG,https://i.scdn.co/image/ab67616d0000b27331f44cf9ef63e693ee857e28,https://open.spotify.com/album/4SfN1GQK0M0OSWTK7gCGz6
GANG GANG (with Lil Wayne),Polo G,https://i.scdn.co/image/ab67616d0000b273f94ea24a89772c5da66509a8,https://open.spotify.com/album/6btRTjUy9a9qSSqgJ8a38S
Thats What They All Say,Jack Harlow,https://i.scdn.co/image/ab67616d0000b273aeb14ead136118a987246b63,https://open.spotify.com/album/5g2INX6dnMIJG0xKygXwF3
The Best In The World Pack,Drake,https://i.scdn.co/image/ab67616d0000b2733f3b653b0a7b9e889a712c3d,https://open.spotify.com/album/00HZxSA1sOS9T3nA950sg4
MICHAEL,KAS,https://i.scdn.co/image/ab67616d0000b273829f90653ce7c4648ee4b8aa,https://open.spotify.com/album/4eoAFGvhfdgf3WASMLPwIY
4 Thangs (feat. Big Sean & Hit-Boy),Freddie Gibbs,https://i.scdn.co/image/ab67616d0000b2733ea482f6b4febc536b32e608,https://open.spotify.com/album/7DaO2NczGej6crL0eTAXcS
It's Dark And Hell Is Hot,DMX,https://i.scdn.co/image/ab67616d0000b27311658b970e0518be491871df,https://open.spotify.com/album/2xIhksIizs6gWdRBYdiTLc
Volume. 3... Life and Times of S. Carter,JAY-Z,https://i.scdn.co/image/ab67616d0000b273188099f301c32148ab07a557,https://open.spotify.com/album/3rWJsuu7ukoZZhp7YYkjNZ
No Pressure,Erick Sermon,https://i.scdn.co/image/ab67616d0000b27378372ddb20e61c7fd0b2281b,https://open.spotify.com/album/1i8XHvNdaPXRhoQW0IBycA
Regulate… G Funk Era,Warren G,https://i.scdn.co/image/ab67616d0000b273f6b9b62ea130943d371b69ef,https://open.spotify.com/album/2VMGv3inRLPM4GOMXf37qu
Greatest Misses,Public Enemy,https://i.scdn.co/image/ab67616d0000b2736126c606fbff99b0db3ad395,https://open.spotify.com/album/6ViErzJ80VCeOnrTPvX2nW
Whut? The Album,Redman,https://i.scdn.co/image/ab67616d0000b2733397cc60078359cce2ed2874,https://open.spotify.com/album/3FsCGJY0JqSxvgezoMWYzF
Mama Said Knock You Out (Deluxe Edition),LL Cool J,https://i.scdn.co/image/ab67616d0000b273d4d94ab43a0930ecf97d8707,https://open.spotify.com/album/2ljUSR5STBQGeiqjrfWbSe
It's Yours,T La Rock,https://i.scdn.co/image/ab67616d0000b2732aabc3a677b4795034b68362,https://open.spotify.com/album/0ZBs6IU80LLsNIzB3RRYEm
The Black Album,JAY-Z,https://i.scdn.co/image/ab67616d0000b273c528802c308a1e0e4d9945dd,https://open.spotify.com/album/4FWvo9oS4gRgHtAwDwUjiO
Regulate… G Funk Era,Warren G,https://i.scdn.co/image/ab67616d0000b273f6b9b62ea130943d371b69ef,https://open.spotify.com/album/2VMGv3inRLPM4GOMXf37qu
"Flesh Of My Flesh, Blood Of My Blood",DMX,https://i.scdn.co/image/ab67616d0000b273e750d263d1eb76713434d838,https://open.spotify.com/album/3dNsHWAS8t7AiAqj9ofG5T
Muddy Waters,Redman,https://i.scdn.co/image/ab67616d0000b273a91de0623d0212733b38cd2d,https://open.spotify.com/album/5iluV9CqP7Wl9wjubwdw5h
Return Of The Product,MC Serch,https://i.scdn.co/image/ab67616d0000b27356c047cb0ce2d8aeb1d11edd,https://open.spotify.com/album/1GKpLQWG6h6r7CyYtEQ0N6
Tical,Method Man,https://i.scdn.co/image/ab67616d0000b2737c260658bbca551489ef8975,https://open.spotify.com/album/26RDYvX2sIuiEUhqVPkNaf
Out Of Business (Deluxe Edition),EPMD,https://i.scdn.co/image/ab67616d0000b2730072813c4e4c1dbcf7ef7e87,https://open.spotify.com/album/4TdiCmBKujkiyMeJ1guJJa
...And Then There Was X,DMX,https://i.scdn.co/image/ab67616d0000b273581d9fcb8a2e6d600d59b819,https://open.spotify.com/album/62l3f8u6j9eyDhuxsZA2iH
Ain't A Damn Thing Changed,Nice & Smooth,https://i.scdn.co/image/ab67616d0000b2737eb6adca215f7e3fde525d79,https://open.spotify.com/album/6EI3q6PeLLmPPPlMxKl59h
Daddy's Little Girl,Nikki D,https://i.scdn.co/image/ab67616d0000b27301d4ba678b69b07c61308bf1,https://open.spotify.com/album/6ROlQudStSux3K7kuWU6uG
Out Of Business (Deluxe Edition),EPMD,https://i.scdn.co/image/ab67616d0000b2730072813c4e4c1dbcf7ef7e87,https://open.spotify.com/album/4TdiCmBKujkiyMeJ1guJJa
The Great Adventures Of Slick Rick,Slick Rick,https://i.scdn.co/image/ab67616d0000b27331d320cf8e982c7f1a5f9d29,https://open.spotify.com/album/71mmTJdWvpkzQNmVfFbRdN
It Takes A Nation Of Millions To Hold Us Back,Public Enemy,https://i.scdn.co/image/ab67616d0000b273629edfa71810af835f33f431,https://open.spotify.com/album/03Mx6yaV7k4bsEmcTH8J49
Ill Na Na,Foxy Brown,https://i.scdn.co/image/ab67616d0000b273c9f76376745f9b86923d0a06,https://open.spotify.com/album/6qLC4weRVEetELyQQgkAMk
Whut? The Album,Redman,https://i.scdn.co/image/ab67616d0000b2733397cc60078359cce2ed2874,https://open.spotify.com/album/3FsCGJY0JqSxvgezoMWYzF
Mama Said Knock You Out,LL Cool J,https://i.scdn.co/image/ab67616d0000b273ea56f049af3cd747595ca724,https://open.spotify.com/album/7p7kcsrdoJ8DKQIMouujcb
Strictly Business,EPMD,https://i.scdn.co/image/ab67616d0000b27393d12611d0665f9bb15cc79f,https://open.spotify.com/album/2HOl8gDiGGpt7wsIDi9jy5
Radio,LL Cool J,https://i.scdn.co/image/ab67616d0000b2731cb9b88a3e8d5344a10184bc,https://open.spotify.com/album/4sevefzBUFvJYAzijVBQ2a
The Great Adventures Of Slick Rick (Deluxe Edition),Slick Rick,https://i.scdn.co/image/ab67616d0000b273a5234ad1d0dbc9dfc94c5ee5,https://open.spotify.com/album/4TzJROIsnfOkLUWmeOjt2F
Phenomenon,LL Cool J,https://i.scdn.co/image/ab67616d0000b273f86f0799888c61685dc61a78,https://open.spotify.com/album/0AJaRBLPuUybHfdJi87GQP
Volume. 3... Life and Times of S. Carter,JAY-Z,https://i.scdn.co/image/ab67616d0000b273188099f301c32148ab07a557,https://open.spotify.com/album/3rWJsuu7ukoZZhp7YYkjNZ
The Blueprint,JAY-Z,https://i.scdn.co/image/ab67616d0000b2739992c5d2c010ccb3f6fa6bb6,https://open.spotify.com/album/54I5tDCMjnNVWSENHg8EDH
Vol.2 ... Hard Knock Life,JAY-Z,https://i.scdn.co/image/ab67616d0000b2739700390e9c33c62cfcd915ce,https://open.spotify.com/album/3j1xCJdBMCl6wYQXurz2tb
"WHATS POPPIN (feat. DaBaby, Tory Lanez & Lil Wayne) [Remix]",Tory Lanez,https://i.scdn.co/image/ab67616d0000b273b5f0a8d46cef9647548c64dc,https://open.spotify.com/album/36jrqYRpGVpJqztuqCii22
Laugh Now Cry Later (feat. Lil Durk),Drake,https://i.scdn.co/image/ab67616d0000b27352c75ed37313b889447011ef,https://open.spotify.com/album/0qGdc7fNq9RNIPEzZufa43
Destined 2 Win,Lil Tjay,https://i.scdn.co/image/ab67616d0000b2735af0305457ff290e06dcc4c2,https://open.spotify.com/album/3MEKpJ7wSSp6Z661ThjrUJ
Detroit 2,Big Sean,https://i.scdn.co/image/ab67616d0000b273b1b3fdd23be4c158d4d2c32f,https://open.spotify.com/album/6slkiHeFK3wW2D1mao0TX3
Walk Em Down (feat. Roddy Ricch),Roddy Ricch,https://i.scdn.co/image/ab67616d0000b273e64fb9f283bc9a258801b548,https://open.spotify.com/album/3EYg0XBIcyz3OvhIy7gsZQ
Scary Hours 2,Drake,https://i.scdn.co/image/ab67616d0000b2738b20e4631fa15d3953528bbc,https://open.spotify.com/album/5LuoozUhs2pl3glZeAJl89
"His & Hers (feat. Don Toliver, Lil Uzi Vert & Gunna)",Internet Money,https://i.scdn.co/image/ab67616d0000b27343283b8f1e8a22fbfc82f4c4,https://open.spotify.com/album/1arPptaPtDyBisMtMBe2q6
Coco (feat. DaBaby),24kGoldn,https://i.scdn.co/image/ab67616d0000b27379d6f4d00d2ee2cf4464e2f8,https://open.spotify.com/album/2wIHInPRTBuGELQ3tdB3pc
Truffles,Mick Jenkins,https://i.scdn.co/image/ab67616d0000b2730f6783077f11b8c53a96d199,https://open.spotify.com/album/5UwoNjOPVBSOlAQU8AfvGE
NonChalant,Metro Marrs,https://i.scdn.co/image/ab67616d0000b273c41ddf8558f8b936c6fdaf5d,https://open.spotify.com/album/1LPJ2RwVnDxY3wxOwl9EZK
Way Out (feat. Big Sean),Jack Harlow,https://i.scdn.co/image/ab67616d0000b273f73acccafa15627518fbb7e1,https://open.spotify.com/album/4TEJbgC8t4vVyIhDyxA6DU
PTSD,G Herbo,https://i.scdn.co/image/ab67616d0000b273569f6e71b5644c6a48927f3f,https://open.spotify.com/album/0jH6iWykjOuyW7Y8zNKMBk
Angelic 7,SoFaygo,https://i.scdn.co/image/ab67616d0000b2735960fbc0c240acd788c6ae2c,https://open.spotify.com/album/0VqPgJ14lyu0JlERRgqgUw
Ball If I Want To,DaBaby,https://i.scdn.co/image/ab67616d0000b2735be44990ee17a572098f902a,https://open.spotify.com/album/6N9oICOUm4QT2YpWdKwUlu
Beat Box 3 (feat. DaBaby),SpotemGottem,https://i.scdn.co/image/ab67616d0000b273637d8f4420da84bb0b50e757,https://open.spotify.com/album/6QqwWNpKYbROin3Gq5pIrV
GREECE (feat. Drake),DJ Khaled,https://i.scdn.co/image/ab67616d0000b2737db0d21fc5696a3fcedfb933,https://open.spotify.com/album/3O6ywzP5LE5msmuBBTpaIN
THE SCOTTS,THE SCOTTS,https://i.scdn.co/image/ab67616d0000b27311d6f8c713ef93a9bb64ddfe,https://open.spotify.com/album/7q6zjWaLw8bN5nYiBWjrus
CALL ME IF YOU GET LOST,"Tyler, The Creator",https://i.scdn.co/image/ab67616d0000b273696b4e67423edd64784bfbb4,https://open.spotify.com/album/45ba6QAtNrdv6Ke4MFOKk9
That Way,Lil Uzi Vert,https://i.scdn.co/image/ab67616d0000b273d1b3297079c3a3978b4d5fa9,https://open.spotify.com/album/4iz9Pqwpw8HljZei6XFCGd
Never Left,Lil Tecca,https://i.scdn.co/image/ab67616d0000b2731439395184efdb67631ea5e3,https://open.spotify.com/album/0PMJvFnZxXl9LToaZFHhxp
Tell Em,Cochise,https://i.scdn.co/image/ab67616d0000b273e60b56aa1e58fe76240a101b,https://open.spotify.com/album/3OE8gkPLqI9zr3hlEz6ruQ
HOLIDAY,Lil Nas X,https://i.scdn.co/image/ab67616d0000b2736771a05f34d77e5fc2bde64c,https://open.spotify.com/album/4EvukZrmNBiqJbs3LwOSHu
I Won [From F9 The Fast Saga Original Motion Picture Soundtrack],Ty Dolla $ign,https://i.scdn.co/image/ab67616d0000b273fb9baf4194eda393b587c75d,https://open.spotify.com/album/01RtA0qCjfGy0FY4ON23nD
Hot (Remix) [feat. Gunna and Travis Scott],Gunna,https://i.scdn.co/image/ab67616d0000b2732a00ed4fab80272044d13356,https://open.spotify.com/album/7hXWMVDn9SVV7zNYiQGvWO
Color Me,Uno Hype,https://i.scdn.co/image/ab67616d0000b2732427992048a764a856b75f21,https://open.spotify.com/album/7sz2kZcvrQAo0DhwyfK1ik
Solar System,Dustystaytrue,https://i.scdn.co/image/ab67616d0000b273c2f6a92325f772fc582de6f7,https://open.spotify.com/album/3bwQ7dUluzGuivf2COLepc
KHALED KHALED,DJ Khaled,https://i.scdn.co/image/ab67616d0000b273dcd4d70294f17175991ba1bb,https://open.spotify.com/album/5kE2OAuUYGBqqzscqgBXXf
Slime Language 2,Young Stoner Life,https://i.scdn.co/image/ab67616d0000b27332e9cf7de86c1558a4d300c4,https://open.spotify.com/album/3ihwKkIMJWmmp1huNH0iWC
Batman,LPB Poody,https://i.scdn.co/image/ab67616d0000b273eb05db2aafb810d71d918a55,https://open.spotify.com/album/2XtDT9YT729iLxWjuTMtrR
Opp Stoppa,YBN Nahmir,https://i.scdn.co/image/ab67616d0000b2730e71491d00a62dc974daac47,https://open.spotify.com/album/1duueBDPKmE8smR3QUwxZU
Oprah’s Bank Account (Lil Yachty & DaBaby feat. Drake),Lil Yachty,https://i.scdn.co/image/ab67616d0000b2735b7b1b505bb07d16608b8ed0,https://open.spotify.com/album/56Abu6NLfNM5X7rJhrUdO4
Still Be Friends (feat. Tory Lanez & Tyga),G-Eazy,https://i.scdn.co/image/ab67616d0000b2730a70f97365dec77a1a86b785,https://open.spotify.com/album/0KHIH7UC8WATEByfXGfYaY
"FRANCHISE (feat. Future, Young Thug & M.I.A.) [REMIX]",Travis Scott,https://i.scdn.co/image/ab67616d0000b27387d2b3794f4e86af5e774b1b,https://open.spotify.com/album/6k3hqPsGKPCSyBmmvCXd7B
SHOOT MY SHOT,IDK,https://i.scdn.co/image/ab67616d0000b27333567aea8e5dfe07e1417d9e,https://open.spotify.com/album/2ug89z91VcJ8NfpbZGVrPw
Clean,Derek Minor,https://i.scdn.co/image/ab67616d0000b2735f8c01256ea33a93910d82f6,https://open.spotify.com/album/6x2IRGwgHbo7Tj2zNwCFsS
Gifted (feat. Roddy Ricch),Cordae,https://i.scdn.co/image/ab67616d0000b273c22ec7f7699ba169fd65996a,https://open.spotify.com/album/5RCg8bx2jAo66z9uffG44u
I'm Gone,iann dior,https://i.scdn.co/image/ab67616d0000b27316f00890f319eaccf4dd1570,https://open.spotify.com/album/4Wb5bU9FkmZ84WkkL37rKA
durag activity (with Travis Scott),Baby Keem,https://i.scdn.co/image/ab67616d0000b27377fd541561004220c4615b7a,https://open.spotify.com/album/2JFAT4IDF89ZMmuxoOKbQ1
sorry! (feat. 24kGoldn),TOKYO’S REVENGE,https://i.scdn.co/image/ab67616d0000b273f6d0992a6bfda94baf8aba04,https://open.spotify.com/album/0ORQYAKYYNdY99jm5QqWNl
Riri,Aminé,https://i.scdn.co/image/ab67616d0000b2737ba08104f1328b28721c30fe,https://open.spotify.com/album/2m5N05BpVj1lsHuNEz9uhf
Money On Me,Russ,https://i.scdn.co/image/ab67616d0000b273a163e952ff595215f2e0b425,https://open.spotify.com/album/6stWrZRWkovGgmiXkWtJlk
THE HUSTLE CONTINUES,Juicy J,https://i.scdn.co/image/ab67616d0000b273dc29366db864d23928c801de,https://open.spotify.com/album/6zFqKeygTGAmLEF2AXCfZO
PSYCHO (from the Crimson Soundtrack),BEAM,https://i.scdn.co/image/ab67616d0000b2737570e12d61a63cfdf6762128,https://open.spotify.com/album/6cwbmLPyt61PLw5dz8SacS
L.O.V.E. (Deluxe),Luh Kel,https://i.scdn.co/image/ab67616d0000b273e78b15741e3f142cf9ff54ab,https://open.spotify.com/album/7oogc2HscinoahzGe8INuf
Bill Israel,Kodak Black,https://i.scdn.co/image/ab67616d0000b273541449693a87a4f4aa2ce91a,https://open.spotify.com/album/051k93izd0reEjp85OgEo6
Lewis Street,J. Cole,https://i.scdn.co/image/ab67616d0000b273a3f20e0907def85cf8731de6,https://open.spotify.com/album/2Q8nhGOz0h2HJraU44goUF
Unbothered,Lil Skies,https://i.scdn.co/image/ab67616d0000b2733f0bd1cb407beb4cfb66aa69,https://open.spotify.com/album/0Elwgwh70pJTeBPuer7wz0
Limbo,Aminé,https://i.scdn.co/image/ab67616d0000b273ea9bbdf9f1433e68c7dffbad,https://open.spotify.com/album/6a8GwYiEMrXgMvZBvuBXrt
YES! (feat. Rich The Kid & K CAMP),KYLE,https://i.scdn.co/image/ab67616d0000b273e713dc19cabc0302a3baf4e2,https://open.spotify.com/album/3ELdOnZbhc2ogc3BCAmQSd
King Alfred,IDK,https://i.scdn.co/image/ab67616d0000b27377a52b70de0df84f4b57bdf2,https://open.spotify.com/album/1BlziIbf7UX0zCOocsmc15
Detroit 2,Big Sean,https://i.scdn.co/image/ab67616d0000b273b1b3fdd23be4c158d4d2c32f,https://open.spotify.com/album/6slkiHeFK3wW2D1mao0TX3
ROCKSTAR (feat. Roddy Ricch) [BLM REMIX],DaBaby,https://i.scdn.co/image/ab67616d0000b27398d727f425d2fa68da786362,https://open.spotify.com/album/3xGZrrUdbVXu3CRXSSsPQZ
