"""wish""",woo!ah!,https://i.scdn.co/image/ab67616d0000b273fc7a619217e0717259d970ae,https://open.spotify.com/album/0d6cvng4c3o2yxyf7iqnoa,"kpop/""wish""-woo!ah!.jpg"
#tb,015b,https://i.scdn.co/image/ab67616d0000b273647bb1bcdc113c15a8980686,https://open.spotify.com/album/5nrxaux3xt2ys4u07magep,kpop/#tb-015b.jpg
01,urban-zakapa,https://i.scdn.co/image/ab67616d0000b273014fa950326773be715e087e,https://open.spotify.com/album/7gufq9ulk9ebbsz8u52xtp,kpop/01-urban-zakapa.jpg
"0x1=lovesong (i know i love you) feat. ph-1, woodie gochild, seori",tomorrow-x-together,https://i.scdn.co/image/ab67616d0000b2733aeb5d85ca3372912e207516,https://open.spotify.com/album/2g6erzetrukribc8qnjae1,"kpop/0x1=lovesong-(i-know-i-love-you)-feat.-ph-1,-woodie-gochild,-seori-tomorrow-x-together.jpg"
1st mini album 'vamos',omega-x,https://i.scdn.co/image/ab67616d0000b2731761b090dccccd27e0d27b24,https://open.spotify.com/album/1ruimyrqc6rbohtz83wp7a,kpop/1st-mini-album-'vamos'-omega-x.jpg
2 different tears,wonder-girls,https://i.scdn.co/image/ab67616d0000b27357b703060f763bf2d0a140d1,https://open.spotify.com/album/1tqeubdusoghgwo0cp4qym,kpop/2-different-tears-wonder-girls.jpg
"2009, year of us - the third mini album",shinee,https://i.scdn.co/image/ab67616d0000b273a7fcbfdd783b559de31d181b,https://open.spotify.com/album/5ah7ubaxp7ojncvimoezvc,"kpop/2009,-year-of-us---the-third-mini-album-shinee.jpg"
242424,kodi-green,https://i.scdn.co/image/ab67616d0000b27361a151e5f80d413e5152634e,https://open.spotify.com/album/5b1wroovm8iq9wfonim3s6,kpop/242424-kodi-green.jpg
24℃,leehi,https://i.scdn.co/image/ab67616d0000b27373b15cb8de2ced2292e6c3aa,https://open.spotify.com/album/47go1pszbe4dds9ipfihti,kpop/24℃-leehi.jpg
25th anniversary first single,lee-ji-hoon,https://i.scdn.co/image/ab67616d0000b27340c54f1ca27f0244ee32e4ae,https://open.spotify.com/album/6mupuipdkgbvgezmlotjaa,kpop/25th-anniversary-first-single-lee-ji-hoon.jpg
2ne1 2nd mini album,2ne1,https://i.scdn.co/image/ab67616d0000b2734858cde059767cac1df622ee,https://open.spotify.com/album/6syjdyefnwokegnrbqt2qq,kpop/2ne1-2nd-mini-album-2ne1.jpg
30,lee-aram,https://i.scdn.co/image/ab67616d0000b273db3ffd911839377cf8ad6edc,https://open.spotify.com/album/4czbvsxwajr7vs8mghpcbp,kpop/30-lee-aram.jpg
8%,hail,https://i.scdn.co/image/ab67616d0000b2730f81d51e7f17e92383fbb117,https://open.spotify.com/album/4a2zt7aytnai3tmdskh3tb,kpop/8%-hail.jpg
9 way ticket,fromis_9,https://i.scdn.co/image/ab67616d0000b2731b71401437cd2b0e6577e813,https://open.spotify.com/album/5dpggk2zbmjyqtauylolvw,kpop/9-way-ticket-fromis_9.jpg
9ucci (feat. doge),yumdda,https://i.scdn.co/image/ab67616d0000b2732deb0fa449dca1b842acda28,https://open.spotify.com/album/1ypyum4d4al16q8lls06ww,kpop/9ucci-(feat.-doge)-yumdda.jpg
[&],loona,https://i.scdn.co/image/ab67616d0000b273608cf05fbd3605c77444917f,https://open.spotify.com/album/747fhjbzxy5h8frcz90edv,kpop/[&]-loona.jpg
[12:00],loona,https://i.scdn.co/image/ab67616d0000b273da9e728442ec9b91baa932cd,https://open.spotify.com/album/0aflj1yewylfpabxu1kmht,kpop/[12:00]-loona.jpg
[vol.8] you hee yul's sketchbook 10th anniversary project : 4th voice 'sketchboo,hwa-sa,https://i.scdn.co/image/ab67616d0000b273a24c562818767fd6a182f4a2,https://open.spotify.com/album/5l820euqnjrbtvpsjltp1n,kpop/[vol.8]-you-hee-yul's-sketchbook-10th-anniversary-project-:-4th-voice-'sketchboo-hwa-sa.jpg
[x x],loona,https://i.scdn.co/image/ab67616d0000b273f48bd32f28f45719017a5afb,https://open.spotify.com/album/2ij6998nujq0bkq2ipqiet,kpop/[x-x]-loona.jpg
a class,miss-a,https://i.scdn.co/image/ab67616d0000b2730444d21d6cb2fcae0247ff60,https://open.spotify.com/album/6ii2g2gfqtzkqtscpsua2x,kpop/a-class-miss-a.jpg
a story that goes on and on (deluxe),h3hyeon,https://i.scdn.co/image/ab67616d0000b27397c61d9af584bbd180cb7829,https://open.spotify.com/album/2c3s8pityycodwulxxmbad,kpop/a-story-that-goes-on-and-on-(deluxe)-h3hyeon.jpg
advice - the 3rd mini album,taemin,https://i.scdn.co/image/ab67616d0000b2738b041a6c21bf569fb424d930,https://open.spotify.com/album/0knuddhwjpempldqsz72ct,kpop/advice---the-3rd-mini-album-taemin.jpg
afterschool 3rd single bang,after-school,https://i.scdn.co/image/ab67616d0000b2739112a48ae624cfad75275a27,https://open.spotify.com/album/2gwu5scjilprqy9gtaaq5h,kpop/afterschool-3rd-single-bang-after-school.jpg
alcohol-free,twice,https://i.scdn.co/image/ab67616d0000b273f7504f7e399b558dffeaaa99,https://open.spotify.com/album/6uihtz9psmarpcoekuklop,kpop/alcohol-free-twice.jpg
alone,sistar,https://i.scdn.co/image/ab67616d0000b273d8a007b9e0ba32eee1651227,https://open.spotify.com/album/5pxvrxqipaxh0j78mfedrv,kpop/alone-sistar.jpg
along came beautiful nuna,mad-monster,https://i.scdn.co/image/ab67616d0000b27395469602dd94c022b718d767,https://open.spotify.com/album/37zpubwp66aoeun5fpcg3o,kpop/along-came-beautiful-nuna-mad-monster.jpg
always,bigbang,https://i.scdn.co/image/ab67616d0000b273aca35b98c9f853cc114f0135,https://open.spotify.com/album/1nlduttgohr4zhbyzqej5n,kpop/always-bigbang.jpg
amigo - the 1st album repackage,shinee,https://i.scdn.co/image/ab67616d0000b273a8ce664ade8b297c1f66eebe,https://open.spotify.com/album/3ipbafkqx3kv7btikuig4k,kpop/amigo---the-1st-album-repackage-shinee.jpg
any song,zico,https://i.scdn.co/image/ab67616d0000b2735f9608114e13bb4e5e6b0399,https://open.spotify.com/album/7lyzm7i172wujikjcnxuaq,kpop/any-song-zico.jpg
as if it's your last,blackpink,https://i.scdn.co/image/ab67616d0000b273d9ac4a9970da8f98ce2e2b35,https://open.spotify.com/album/6izqb2klydynfzmkxvmndx,kpop/as-if-it's-your-last-blackpink.jpg
"at a distance, spring is green (original television soundtrack) pt. 4",huski,https://i.scdn.co/image/ab67616d0000b273a9d93ce7e4d0c1c0117229aa,https://open.spotify.com/album/3k6kp5lf77p1cbge9az6g6,"kpop/at-a-distance,-spring-is-green-(original-television-soundtrack)-pt.-4-huski.jpg"
atlantis princess - the 3rd album,boa,https://i.scdn.co/image/ab67616d0000b273bbb4ca008d58d32435c68ca2,https://open.spotify.com/album/3udxye7bwvaqh2ozplzorv,kpop/atlantis-princess---the-3rd-album-boa.jpg
"attraction (bunny and guys x eric nam, naeun)",eric-nam,https://i.scdn.co/image/ab67616d0000b273083359c4ccb5ab2afb59d7c7,https://open.spotify.com/album/0w7tj6he0kuz5medvp8rwo,"kpop/attraction-(bunny-and-guys-x-eric-nam,-naeun)-eric-nam.jpg"
bad morning (prod. vangdale)(feat. paper brick),dive,https://i.scdn.co/image/ab67616d0000b273f5ffbb74016bb51ef7bef883,https://open.spotify.com/album/3spzne3max11cumxzncdeo,kpop/bad-morning-(prod.-vangdale)(feat.-paper-brick)-dive.jpg
bambi - the 3rd mini album,baekhyun,https://i.scdn.co/image/ab67616d0000b2735e64c5b1565cac58c05f3c0d,https://open.spotify.com/album/5xox4mwabbtj0qwyzc4q1p,kpop/bambi---the-3rd-mini-album-baekhyun.jpg
bbibbi,iu,https://i.scdn.co/image/ab67616d0000b273a1d785640d9421ec17ea8fe6,https://open.spotify.com/album/4ghbzvotfoekppmynkjvti,kpop/bbibbi-iu.jpg
be,yeseo,https://i.scdn.co/image/ab67616d0000b273c48bd77b21464c797ef4beb5,https://open.spotify.com/album/6tznl7utuzqnelywtzzagx,kpop/be-yeseo.jpg
beast is the b2st,beast,https://i.scdn.co/image/ab67616d0000b273cf065e3ba164c850c514e377,https://open.spotify.com/album/3bcq6nkff1qulhtfk9v3je,kpop/beast-is-the-b2st-beast.jpg
beautiful mint life,stella-jang,https://i.scdn.co/image/ab67616d0000b273742be1c07b4f568281dd34bd,https://open.spotify.com/album/01rorj7ohiyyw5cfqzuwii,kpop/beautiful-mint-life-stella-jang.jpg
because of you,kim-greem,https://i.scdn.co/image/ab67616d0000b273523b0381a210ace5596f6c01,https://open.spotify.com/album/46tjqwi5jtkmvbjh19x9pg,kpop/because-of-you-kim-greem.jpg
big tag,kerrigan-may,https://i.scdn.co/image/ab67616d0000b2734f78aa442289120855738df4,https://open.spotify.com/album/6xa0bwjmyomsefllfvhiex,kpop/big-tag-kerrigan-may.jpg
bigbang special edition,bigbang,https://i.scdn.co/image/ab67616d0000b2730400d1b17d746d8c3b4611f0,https://open.spotify.com/album/5kjpwfrd8cm9nurole0lr6,kpop/bigbang-special-edition-bigbang.jpg
bigbang vol. 1,bigbang,https://i.scdn.co/image/ab67616d0000b273226c9f26a8a6bebdcc712f0b,https://open.spotify.com/album/4wvnjlqkwjv7l8fb6y4ivz,kpop/bigbang-vol.-1-bigbang.jpg
binary code,oneus,https://i.scdn.co/image/ab67616d0000b27395e1a12145290ca7d783eb1d,https://open.spotify.com/album/3msvgjyx3omhnpsaquqnu5,kpop/binary-code-oneus.jpg
bipolar pt.1 prelude of anxiety,epex,https://i.scdn.co/image/ab67616d0000b273a98ac6e99650043fc9a1aba0,https://open.spotify.com/album/7vmtkwsvs1bksvrbq0alvy,kpop/bipolar-pt.1-prelude-of-anxiety-epex.jpg
birthday,somi,https://i.scdn.co/image/ab67616d0000b27352cc05f6102a848e54272769,https://open.spotify.com/album/7gfqgsiw63vbnlrvirhqlx,kpop/birthday-somi.jpg
bittersweet (feat. leehi),wonwoo,https://i.scdn.co/image/ab67616d0000b2734a40f1624faabce03d3eabbb,https://open.spotify.com/album/6qvk855qpch57noneehmxq,kpop/bittersweet-(feat.-leehi)-wonwoo.jpg
black & white,g.na,https://i.scdn.co/image/ab67616d0000b273c7d99f60b9bda34b4b563ce2,https://open.spotify.com/album/0bmc5wouibima9co2owvnw,kpop/black-&-white-g.na.jpg
blade & soul - beyond the limit,kisum,https://i.scdn.co/image/ab67616d0000b27318df98deddbcbc6b64f599fe,https://open.spotify.com/album/7uoiql9nmbgwi9kqqclm6d,kpop/blade-&-soul---beyond-the-limit-kisum.jpg
blaq style,mblaq,https://i.scdn.co/image/ab67616d0000b2733ef577b4d52806dfe586e368,https://open.spotify.com/album/7netgoi32qboq1vind31vf,kpop/blaq-style-mblaq.jpg
blaq style (3d edition version),mblaq,https://i.scdn.co/image/ab67616d0000b273e9c06a885b2f1695fb98dead,https://open.spotify.com/album/4djlmlrffzwzm9bos9jk2m,kpop/blaq-style-(3d-edition-version)-mblaq.jpg
blind for love,allday4real,https://i.scdn.co/image/ab67616d0000b2737f31237fcc5d9589a5b9c3bb,https://open.spotify.com/album/4bzhwksnarsuv9efaebnxx,kpop/blind-for-love-allday4real.jpg
blooming,kara,https://i.scdn.co/image/ab67616d0000b2736772304545132155d5c9b0d2,https://open.spotify.com/album/1wravc79uejo170b7zpk35,kpop/blooming-kara.jpg
blue;s,mamamoo,https://i.scdn.co/image/ab67616d0000b273b1f57af57a103eb28110c9d8,https://open.spotify.com/album/59qelou685j1amb2paryax,kpop/blue;s-mamamoo.jpg
bluelove,cnblue,https://i.scdn.co/image/ab67616d0000b273f447059c37234a571e74cc52,https://open.spotify.com/album/5twdu84blrmunsabg9lxlu,kpop/bluelove-cnblue.jpg
bluetory,cnblue,https://i.scdn.co/image/ab67616d0000b273e3da01536c3b5343fc169fec,https://open.spotify.com/album/6uxxlobopwaecx1enztw4o,kpop/bluetory-cnblue.jpg
boa,boa,https://i.scdn.co/image/ab67616d0000b273883c3b3b2af3b09936bdf440,https://open.spotify.com/album/4iote8xxbxwa6v4iz65han,kpop/boa-boa.jpg
border : carnival,enhypen,https://i.scdn.co/image/ab67616d0000b273714e56679ab196354e2e443e,https://open.spotify.com/album/4lgybcrsteixjcpd4qqvxv,kpop/border-:-carnival-enhypen.jpg
border : 儚い,enhypen,https://i.scdn.co/image/ab67616d0000b2734b292de046b92816384c6cbc,https://open.spotify.com/album/05unmvxveg3xwkfrcxls5g,kpop/border-:-儚い-enhypen.jpg
break ice,second-aunt-kimdavi,https://i.scdn.co/image/ab67616d0000b273116a2104cc3af7cbab902f84,https://open.spotify.com/album/3ozseoupp5sngtzxftotkm,kpop/break-ice-second-aunt-kimdavi.jpg
break time,various-artists,https://i.scdn.co/image/ab67616d0000b27347a01e91e63fab8fef2e6dbf,https://open.spotify.com/album/2b9kwuizayjqgc0hic9ulr,kpop/break-time-various-artists.jpg
broken me,bm,https://i.scdn.co/image/ab67616d0000b2732f524866d81929a99b9e2f03,https://open.spotify.com/album/26iymt2wg3bw53mmx5abvb,kpop/broken-me-bm.jpg
brown eyed girls best - special moments,brown-eyed-girls,https://i.scdn.co/image/ab67616d0000b2735fc1e4f64c6a9b0215e64bef,https://open.spotify.com/album/1qazta0b6t99mauxfgaiss,kpop/brown-eyed-girls-best---special-moments-brown-eyed-girls.jpg
butter,bts,https://i.scdn.co/image/ab67616d0000b273ed656680374294d5217193fa,https://open.spotify.com/album/2bdhpi2xcyujyxu6vm0qad,kpop/butter-bts.jpg
can i love again,baek-ji-young,https://i.scdn.co/image/ab67616d0000b2736fd3a717612a357720caf641,https://open.spotify.com/album/4cojw2jwmpydmlpidpgoy9,kpop/can-i-love-again-baek-ji-young.jpg
can love be fair,gsoul,https://i.scdn.co/image/ab67616d0000b273ad9ab1d4632062f0928518f1,https://open.spotify.com/album/6nrwi0v6tp5q8pm8lcvtik,kpop/can-love-be-fair-gsoul.jpg
can you hear?,kumira,https://i.scdn.co/image/ab67616d0000b273c46ac5c1064117ccb981aff1,https://open.spotify.com/album/14qw3iplehijcpawvjgais,kpop/can-you-hear?-kumira.jpg
can't stop,cnblue,https://i.scdn.co/image/ab67616d0000b273aa30300f99577866cac1e5fc,https://open.spotify.com/album/1fezvdvt78l4wvimedx7tn,kpop/can't-stop-cnblue.jpg
cave,id:earth,https://i.scdn.co/image/ab67616d0000b273cd1874fc4e62c10fa4f0691b,https://open.spotify.com/album/0puvta5pn26mkdwg6jho1t,kpop/cave-id:earth.jpg
celebrity,iu,https://i.scdn.co/image/ab67616d0000b2732fda07910d40ee81e620fe3f,https://open.spotify.com/album/3mtdgtcl4bxdn73kim216g,kpop/celebrity-iu.jpg
chromatica,lady-gaga,https://i.scdn.co/image/ab67616d0000b2736040effba89b9b00a6f6743a,https://open.spotify.com/album/05c49jgpml4uz2zeqrx5sp,kpop/chromatica-lady-gaga.jpg
chu~♡ - the 1st single,f(x),https://i.scdn.co/image/ab67616d0000b273c27cc2667d8686ab0d5eebee,https://open.spotify.com/album/2jd1k7fl7kzypjh3owsfqk,kpop/chu~♡---the-1st-single-f(x).jpg
clockwise (the girl downstairs! x noel),noel,https://i.scdn.co/image/ab67616d0000b27302d050e9f4bad64c11235be3,https://open.spotify.com/album/2qnyioimrel29rcjfo1tym,kpop/clockwise-(the-girl-downstairs!-x-noel)-noel.jpg
club story,cherry-boy-17,https://i.scdn.co/image/ab67616d0000b27367c8ee3a56d780873f463828,https://open.spotify.com/album/4edx6y8ljsnhbpsrnnrbee,kpop/club-story-cherry-boy-17.jpg
collection,2ne1,https://i.scdn.co/image/ab67616d0000b2734a6d5da9e8c6bb38a2e62f6f,https://open.spotify.com/album/3cenzci2vpnzbo1s9ruade,kpop/collection-2ne1.jpg
color of night,muzie,https://i.scdn.co/image/ab67616d0000b273cd388456fa6e214353ccbded,https://open.spotify.com/album/3lzqcdhyj94icv6oweqh76,kpop/color-of-night-muzie.jpg
color*iz,iz*one,https://i.scdn.co/image/ab67616d0000b27306d8af2032b49e9b0fa55829,https://open.spotify.com/album/7tggzwgzvusg9sekqbjypt,kpop/color*iz-iz*one.jpg
colors,miss-a,https://i.scdn.co/image/ab67616d0000b2732ce39229ec0056fb29c6d39c,https://open.spotify.com/album/3x1fi5m8vwpqzcfhelxl2t,kpop/colors-miss-a.jpg
coming back,apoki,https://i.scdn.co/image/ab67616d0000b27346e3551d32e0eb00f9604a2c,https://open.spotify.com/album/3jeypsm9jcchxxqp2uc3dh,kpop/coming-back-apoki.jpg
compound #12,jjk,https://i.scdn.co/image/ab67616d0000b2733eb19515b40f3eae23f1bb07,https://open.spotify.com/album/0ft73gjdfbqs6sp2qdbdpm,kpop/compound-#12-jjk.jpg
conmigo,tri.be,https://i.scdn.co/image/ab67616d0000b2738ed15c1349373e23203cf8b1,https://open.spotify.com/album/7on227flmhtscicpulries,kpop/conmigo-tri.be.jpg
connection,up10tion,https://i.scdn.co/image/ab67616d0000b273f660b94adbf0038dd3e67703,https://open.spotify.com/album/6woancvnybcymvzghzbdhg,kpop/connection-up10tion.jpg
contrast,bling-bling,https://i.scdn.co/image/ab67616d0000b2732c0a1637ed6099d80959d949,https://open.spotify.com/album/7ivqifowxgsag3osdsbrch,kpop/contrast-bling-bling.jpg
could you be my song 새벽☆,sbgb,https://i.scdn.co/image/ab67616d0000b2738acef3d05846a54028c628af,https://open.spotify.com/album/2xl5uo1gvwxyunoeyn5vmx,kpop/could-you-be-my-song-새벽☆-sbgb.jpg
creamppang,sumin,https://i.scdn.co/image/ab67616d0000b2737285c90eba2a51b0dc017e84,https://open.spotify.com/album/2d0vllir8tavwuweyhkavw,kpop/creamppang-sumin.jpg
crush,2ne1,https://i.scdn.co/image/ab67616d0000b273b059522209ead742e37cb1b1,https://open.spotify.com/album/6eqd0eq19nhqkji17isfnu,kpop/crush-2ne1.jpg
cycle,xydo,https://i.scdn.co/image/ab67616d0000b273c71cdf9585190de16ce63db0,https://open.spotify.com/album/0bojhqmilsd6zqoxy3vfgq,kpop/cycle-xydo.jpg
cyworld bgm 2021,gift,https://i.scdn.co/image/ab67616d0000b273a034a831e9a7b6a519c1fae3,https://open.spotify.com/album/6xh8ovnf4jcjqwwbs3ubs6,kpop/cyworld-bgm-2021-gift.jpg
d generation,don-mills,https://i.scdn.co/image/ab67616d0000b2735c13eb0b0c5594a49b5c6264,https://open.spotify.com/album/6bure65on8k4zooblv79dc,kpop/d-generation-don-mills.jpg
d-2,agust-d,https://i.scdn.co/image/ab67616d0000b273a498cf792773aa474d779dd8,https://open.spotify.com/album/0zhgddz83rpcgnelkwa2qs,kpop/d-2-agust-d.jpg
dancing on my own,jk-kim-dong-uk,https://i.scdn.co/image/ab67616d0000b273164a46fb7aa3b75ae7d270cc,https://open.spotify.com/album/2dmczn95ykzqclujn3pnfq,kpop/dancing-on-my-own-jk-kim-dong-uk.jpg
dazzling beautiful,coffeeboy,https://i.scdn.co/image/ab67616d0000b273d58f8762beda1549d0f94937,https://open.spotify.com/album/2d9esh9hqchcd4zgizentl,kpop/dazzling-beautiful-coffeeboy.jpg
dead people,goldbuuda,https://i.scdn.co/image/ab67616d0000b2737de7630c0496e7cd95f72547,https://open.spotify.com/album/0b93l2kcotwgvdfkspsyhk,kpop/dead-people-goldbuuda.jpg
dear diary,yeri,https://i.scdn.co/image/ab67616d0000b2737168197f477be0fb6637c7c8,https://open.spotify.com/album/0hdy0qvf18ap9ef5chiqxc,kpop/dear-diary-yeri.jpg
dear ohmygirl,oh-my-girl,https://i.scdn.co/image/ab67616d0000b27304d1fa0ab8be50437e6bad1d,https://open.spotify.com/album/2xfmlni05ccgygcndtpvun,kpop/dear-ohmygirl-oh-my-girl.jpg
dejavu (single),ss501,https://i.scdn.co/image/ab67616d0000b273d82a40aa9e0d16fccc970250,https://open.spotify.com/album/2hpu5aplkqsmwlnpsrso5c,kpop/dejavu-(single)-ss501.jpg
destination,ss501,https://i.scdn.co/image/ab67616d0000b27367be268a7e2e435227b3fd1d,https://open.spotify.com/album/6k16yhvezz8ozfmfw7gsoc,kpop/destination-ss501.jpg
digital bounce,se7en,https://i.scdn.co/image/ab67616d0000b2734fcb62e96de330d47f71e3d7,https://open.spotify.com/album/5wdfwkgiwtxm4dixxl02cm,kpop/digital-bounce-se7en.jpg
diva,after-school,https://i.scdn.co/image/ab67616d0000b27337295e1a95e6c156c853f770,https://open.spotify.com/album/7dylr2x4oryg23zfqosgg9,kpop/diva-after-school.jpg
do or not,pentagon,https://i.scdn.co/image/ab67616d0000b2734b8c4fdd0fe0292630316a74,https://open.spotify.com/album/2st3oegwnddfwgdvi9a3um,kpop/do-or-not-pentagon.jpg
doesn't make sense (feat. heize),daybreak,https://i.scdn.co/image/ab67616d0000b273f4bdb93e5f47d63d4d02ce66,https://open.spotify.com/album/1ajhrwxkcotrcyzxsko7ha,kpop/doesn't-make-sense-(feat.-heize)-daybreak.jpg
don't fight the feeling - special album,exo,https://i.scdn.co/image/ab67616d0000b273e70b87a4bd471f82768bdcb9,https://open.spotify.com/album/7jw48lpmyuyftfqv5lmazi,kpop/don't-fight-the-feeling---special-album-exo.jpg
don't hurt the island please,hanbona,https://i.scdn.co/image/ab67616d0000b273985942eea01a66eca6d16395,https://open.spotify.com/album/3knufrgn0vxd0kcuowwblt,kpop/don't-hurt-the-island-please-hanbona.jpg
don`t say goodbye,rocoberry,https://i.scdn.co/image/ab67616d0000b2736729e6899da5427470c122bb,https://open.spotify.com/album/0ynamymxoergmn5qccjfln,kpop/don`t-say-goodbye-rocoberry.jpg
dongkiz 5th single album 'chase episode 1. ggum',dongkiz,https://i.scdn.co/image/ab67616d0000b273d9f9f6b5dadb5d4760e7a6ff,https://open.spotify.com/album/0brhj3k03fdmufy9g1wjil,kpop/dongkiz-5th-single-album-'chase-episode-1.-ggum'-dongkiz.jpg
doom at your service (original television soundtrack) pt. 3,baekhyun,https://i.scdn.co/image/ab67616d0000b273657499c64c800ede5faee25b,https://open.spotify.com/album/2fy01jwc0grnbgq4crcnve,kpop/doom-at-your-service-(original-television-soundtrack)-pt.-3-baekhyun.jpg
down,a.c.e,https://i.scdn.co/image/ab67616d0000b273d52b47ad1e042babff8da1ad,https://open.spotify.com/album/7kgyawze9juzfla93o8mgg,kpop/down-a.c.e.jpg
dream,suzy,https://i.scdn.co/image/ab67616d0000b273112b210accd05345a17a46f0,https://open.spotify.com/album/7cijtz2tyxhksndq7bf7vw,kpop/dream-suzy.jpg
drippin 1st single album [free pass],drippin,https://i.scdn.co/image/ab67616d0000b273ae34984ca4cb8e9db33cfc7b,https://open.spotify.com/album/6bteglbywmovvzc7mexlgs,kpop/drippin-1st-single-album-[free-pass]-drippin.jpg
dua lipa (complete edition),dua-lipa,https://i.scdn.co/image/ab67616d0000b2734251686a69b5bf55599ec280,https://open.spotify.com/album/2wklxxlwydbyrgy1aauh6o,kpop/dua-lipa-(complete-edition)-dua-lipa.jpg
dynamite (daytime version),bts,https://i.scdn.co/image/ab67616d0000b273755995e9ff2b1b0c753f5eb8,https://open.spotify.com/album/6k4chjalbbmymxjwgvqahx,kpop/dynamite-(daytime-version)-bts.jpg
ear fun,cnblue,https://i.scdn.co/image/ab67616d0000b273f075297306831dd138a6a4e2,https://open.spotify.com/album/1t6afd49nhoiqvsc4srwtk,kpop/ear-fun-cnblue.jpg
earth and moon,tamiz,https://i.scdn.co/image/ab67616d0000b273c96fb9d94913e6b29115669b,https://open.spotify.com/album/5vcxxzpytlnyjdvrd2nlsn,kpop/earth-and-moon-tamiz.jpg
eight,iu,https://i.scdn.co/image/ab67616d0000b273c63be04ae902b1da7a54d247,https://open.spotify.com/album/5vjnalqetf9lsulo1ylmst,kpop/eight-iu.jpg
electric shock - the 2nd mini album,f(x),https://i.scdn.co/image/ab67616d0000b2735a58accf4805f4097859eeac,https://open.spotify.com/album/7lvmjdwcyhvhdthddkpjis,kpop/electric-shock---the-2nd-mini-album-f(x).jpg
elevator,motte,https://i.scdn.co/image/ab67616d0000b27300f1dd7275d0194279294f7b,https://open.spotify.com/album/54ieiuhiyvendkdrzqdsag,kpop/elevator-motte.jpg
"end of summer, alone",vian,https://i.scdn.co/image/ab67616d0000b273a8b8c6ee931023f2ed9f01a1,https://open.spotify.com/album/6zn1hpmak6cuizitq5sewq,"kpop/end-of-summer,-alone-vian.jpg"
epik high is here 上 (part 1),epik-high,https://i.scdn.co/image/ab67616d0000b27321f70675def01b0ef7d1bdde,https://open.spotify.com/album/5u1iqjejurjanhdos9gugt,kpop/epik-high-is-here-上-(part-1)-epik-high.jpg
euphoria,chymes,https://i.scdn.co/image/ab67616d0000b27353cf8c82f661e0be0dd3d044,https://open.spotify.com/album/17szusbug2khivybxu4aoo,kpop/euphoria-chymes.jpg
everybody has,chung-ha,https://i.scdn.co/image/ab67616d0000b273cbef6fd698ee2941c854b3d6,https://open.spotify.com/album/1tpw7ajhba2lh32by1an0c,kpop/everybody-has-chung-ha.jpg
excuse me,bxk,https://i.scdn.co/image/ab67616d0000b2735dc79d31a5f3596b236947c8,https://open.spotify.com/album/3mnscjow8cymo3kqjzarht,kpop/excuse-me-bxk.jpg
fade,han-seungwoo,https://i.scdn.co/image/ab67616d0000b273968dfadb08ed32cd4152598d,https://open.spotify.com/album/2g8uizcltbi2fygw1ofoia,kpop/fade-han-seungwoo.jpg
fairy forest : bravery,pixy,https://i.scdn.co/image/ab67616d0000b2730317895ebced228128f43195,https://open.spotify.com/album/4w3aviwmoowqtslubceeua,kpop/fairy-forest-:-bravery-pixy.jpg
falling in love,2ne1,https://i.scdn.co/image/ab67616d0000b273a71e2e1e0ded726fa9dbf44f,https://open.spotify.com/album/7mlw9ojsn5b9gluyshhzrx,kpop/falling-in-love-2ne1.jpg
fancy you,twice,https://i.scdn.co/image/ab67616d0000b2739e87fd81ab0dfad228f8a004,https://open.spotify.com/album/2qowlacjtog0l5owi7tj0i,kpop/fancy-you-twice.jpg
feel special,twice,https://i.scdn.co/image/ab67616d0000b2735f390ece0daec72a5cbe422c,https://open.spotify.com/album/5mmndgnrjgtld5w7hnmvst,kpop/feel-special-twice.jpg
feel this breeze (with joeswan),sunmin,https://i.scdn.co/image/ab67616d0000b273a51c97e9230a4b5edf560c34,https://open.spotify.com/album/29bivbovv6u8puoozfvpha,kpop/feel-this-breeze-(with-joeswan)-sunmin.jpg
film out,bts,https://i.scdn.co/image/ab67616d0000b27334938530af5d2d98acf174fc,https://open.spotify.com/album/2jae5jx8yh1wjp1k4wtfua,kpop/film-out-bts.jpg
find (feat. moon sujin),moon-jong-up,https://i.scdn.co/image/ab67616d0000b273f1a60368f13186af239c8002,https://open.spotify.com/album/2fc9sxqzzb0oqhxgwpviev,kpop/find-(feat.-moon-sujin)-moon-jong-up.jpg
first invasion,infinite,https://i.scdn.co/image/ab67616d0000b273c539236d5bb29c7b131e430f,https://open.spotify.com/album/1cr8rbgbgvm4jqrvnw50oi,kpop/first-invasion-infinite.jpg
for some reason 왠지 그냥,danwu-단우,https://i.scdn.co/image/ab67616d0000b27398d85e47a6ad4575aa9eadc3,https://open.spotify.com/album/1zlxifx9csy1rp7of7riiv,kpop/for-some-reason-왠지-그냥-danwu-단우.jpg
for you,leehi,https://i.scdn.co/image/ab67616d0000b273a8c4052083fb4e80d1819445,https://open.spotify.com/album/6hiwkmloonm8f3ukazjcez,kpop/for-you-leehi.jpg
force,rlervine,https://i.scdn.co/image/ab67616d0000b27304c42d71c1e3bbaaa97d1c07,https://open.spotify.com/album/1wa0pmuajeccmokadcbddm,kpop/force-rlervine.jpg
four seasons,taeyeon,https://i.scdn.co/image/ab67616d0000b2737de8f56a39ec67a091457d04,https://open.spotify.com/album/3ublkzhu1qju9ujf9a4zhh,kpop/four-seasons-taeyeon.jpg
fragile,eaeon,https://i.scdn.co/image/ab67616d0000b2737606e1056c60ff26471545d9,https://open.spotify.com/album/58qwkbqqxvic4osbubpz6h,kpop/fragile-eaeon.jpg
frozen 2 (korean original motion picture soundtrack),various-artists,https://i.scdn.co/image/ab67616d0000b273c24599fdb35077264d08b8ad,https://open.spotify.com/album/7jwtvxwyawzusdpzvbvxhp,kpop/frozen-2-(korean-original-motion-picture-soundtrack)-various-artists.jpg
gangnam style (강남스타일),psy,https://i.scdn.co/image/ab67616d0000b2736cfc57e5358c5e39e79bccbd,https://open.spotify.com/album/0zjxizlemyfejr27jivd99,kpop/gangnam-style-(강남스타일)-psy.jpg
gatcha!,lucy,https://i.scdn.co/image/ab67616d0000b273f2886dfe99cee9201f5fe15a,https://open.spotify.com/album/2lq1gerkygpu5pgpuolnjr,kpop/gatcha!-lucy.jpg
gemini,ab6ix,https://i.scdn.co/image/ab67616d0000b273c1080c9214cdc1dcc9398847,https://open.spotify.com/album/2kikdfulaipaghrlh18ujh,kpop/gemini-ab6ix.jpg
genie - the second mini album,girls'-generation,https://i.scdn.co/image/ab67616d0000b2739603a9b0bba1eb222c4a6379,https://open.spotify.com/album/7dxtkhygxhqzce2meg0l93,kpop/genie---the-second-mini-album-girls'-generation.jpg
girl's day everyday no. 4,girl's-day,https://i.scdn.co/image/ab67616d0000b27362ab2ea80740e4e664217a71,https://open.spotify.com/album/0hsi6dyqayty08ejm3zmrt,kpop/girl's-day-everyday-no.-4-girl's-day.jpg
girl's day love second album,girl's-day,https://i.scdn.co/image/ab67616d0000b273c56dcba0b4372e4a2953b973,https://open.spotify.com/album/6bf0r561nsuanyz9ej56me,kpop/girl's-day-love-second-album-girl's-day.jpg
give it to me,sistar,https://i.scdn.co/image/ab67616d0000b27352d75b524e594fec397a2e88,https://open.spotify.com/album/1nernfyyvhnucyvfwrmyoz,kpop/give-it-to-me-sistar.jpg
"gloomy star (feat. 1ho & chan) [from ""airman morning diaries #4""]",airman,https://i.scdn.co/image/ab67616d0000b2734c532a7e8e1d63f61c4dadaf,https://open.spotify.com/album/5dqd0ypuq7fmssjxg1yupn,"kpop/gloomy-star-(feat.-1ho-&-chan)-[from-""airman-morning-diaries-#4""]-airman.jpg"
good day,paiik,https://i.scdn.co/image/ab67616d0000b273dff1118143e234e7bb4f6a06,https://open.spotify.com/album/0rptbf9wm0ooaxqcglejyk,kpop/good-day-paiik.jpg
good vibes only,girlkind,https://i.scdn.co/image/ab67616d0000b273cf41d16734e4763f935984da,https://open.spotify.com/album/1fakirr33goxirqbxmp28m,kpop/good-vibes-only-girlkind.jpg
gotta go,chung-ha,https://i.scdn.co/image/ab67616d0000b2733de8d21c10a5beed844bba5b,https://open.spotify.com/album/7bycvuqcaeio2jgol9iagr,kpop/gotta-go-chung-ha.jpg
graduation,jaeha,https://i.scdn.co/image/ab67616d0000b273da4167df772fe6b2ac7bb9da,https://open.spotify.com/album/2gq0hzrmv4nz3gf4kfgnbx,kpop/graduation-jaeha.jpg
guess who,itzy,https://i.scdn.co/image/ab67616d0000b2732c214d5de552996f3dd74f17,https://open.spotify.com/album/1pkhkkecqany5e9rgcuwux,kpop/guess-who-itzy.jpg
happen,heize,https://i.scdn.co/image/ab67616d0000b273168258bceeef84be1d0c9301,https://open.spotify.com/album/4xoob79wczuoovwk06no1s,kpop/happen-heize.jpg
happy,taeyeon,https://i.scdn.co/image/ab67616d0000b273fb49e8c96b502707c691b3a3,https://open.spotify.com/album/1npb6o7ejgvuorxlnioepk,kpop/happy-taeyeon.jpg
hello - shinee the 2nd album repackage,shinee,https://i.scdn.co/image/ab67616d0000b2733961c4d5400c72d43c6652ce,https://open.spotify.com/album/3ic82yhfjapw2jbsfmbzby,kpop/hello---shinee-the-2nd-album-repackage-shinee.jpg
hello - special album,joy,https://i.scdn.co/image/ab67616d0000b27366ff63bc084fb412aa2dddd3,https://open.spotify.com/album/37mrftdwqzvbhihypyy8oe,kpop/hello---special-album-joy.jpg
hello future - the 1st album repackage,nct-dream,https://i.scdn.co/image/ab67616d0000b273e6d118f2ad157bf0bbfb83cf,https://open.spotify.com/album/1frqxywoldxg3ewp70qnjm,kpop/hello-future---the-1st-album-repackage-nct-dream.jpg
hi ya ya 여름날,tvxq!,https://i.scdn.co/image/ab67616d0000b2738d3ec11336ba92b0a111d7ff,https://open.spotify.com/album/75d7tsp1lv8fiktdhqgr2h,kpop/hi-ya-ya-여름날-tvxq!.jpg
history of kingdom: part ii . chiwoo,kingdom,https://i.scdn.co/image/ab67616d0000b2738b7a934403b2ba69bef2ebec,https://open.spotify.com/album/3t29eynxwxk1gqcnxkzatu,kpop/history-of-kingdom:-part-ii-.-chiwoo-kingdom.jpg
homemade 1,crush,https://i.scdn.co/image/ab67616d0000b273ccf7b77c1ff5a68708165120,https://open.spotify.com/album/75yta2qkjzfi33jrw1q7el,kpop/homemade-1-crush.jpg
honey (special edition),kara,https://i.scdn.co/image/ab67616d0000b273a6c862c78c11b3e53baf9aef,https://open.spotify.com/album/0vazzuihx388isflupamzb,kpop/honey-(special-edition)-kara.jpg
hoot - the 3rd mini album,girls'-generation,https://i.scdn.co/image/ab67616d0000b2738836e229149c876eb60c7885,https://open.spotify.com/album/2qeugs42ugnquwjnufwjyg,kpop/hoot---the-3rd-mini-album-girls'-generation.jpg
hope,aleph,https://i.scdn.co/image/ab67616d0000b273b2dbc6c32e0734b035548868,https://open.spotify.com/album/0lonxphhujzxcyme8yyucm,kpop/hope-aleph.jpg
"hospital playlist season2 (original television soundtrack), pt. 1",lee-mujin,https://i.scdn.co/image/ab67616d0000b273cd99a47e4804c82e3812e901,https://open.spotify.com/album/2pjhtrlzzvxfi818emvkay,"kpop/hospital-playlist-season2-(original-television-soundtrack),-pt.-1-lee-mujin.jpg"
"hospital playlist season2 (original television soundtrack), pt. 3",jang-beom-june,https://i.scdn.co/image/ab67616d0000b27306e58d03d3756d6d31db5a0d,https://open.spotify.com/album/3modhz67mibdvuk3qlmyou,"kpop/hospital-playlist-season2-(original-television-soundtrack),-pt.-3-jang-beom-june.jpg"
hot sauce - the 1st album,nct-dream,https://i.scdn.co/image/ab67616d0000b2739dec4de4b22d56be408ee2fd,https://open.spotify.com/album/1mitgxrtuje9jqml1aosui,kpop/hot-sauce---the-1st-album-nct-dream.jpg
hot summer - the 1st album repackage,f(x),https://i.scdn.co/image/ab67616d0000b273f968b1985a5f5a5bf655960c,https://open.spotify.com/album/5hr3fb4sbomc7kzr4vvsuu,kpop/hot-summer---the-1st-album-repackage-f(x).jpg
hotel del luna ost part.3,taeyeon,https://i.scdn.co/image/ab67616d0000b273a1f0a8d516a2b7448b2ccc8b,https://open.spotify.com/album/5wasrdvn8bizklcuzuqeur,kpop/hotel-del-luna-ost-part.3-taeyeon.jpg
hotel del luna ost part.5,heize,https://i.scdn.co/image/ab67616d0000b273d5ec3d052355298db92ea249,https://open.spotify.com/album/4hxm9rlvfpoewnrortuliz,kpop/hotel-del-luna-ost-part.5-heize.jpg
hotel del luna ost part.6,chung-ha,https://i.scdn.co/image/ab67616d0000b2733c3c076c4feee749175c7292,https://open.spotify.com/album/1u3pifgy7pqnd7ddex29p6,kpop/hotel-del-luna-ost-part.6-chung-ha.jpg
hug,tvxq!,https://i.scdn.co/image/ab67616d0000b273a193f0e1f6d7fb40727c5e30,https://open.spotify.com/album/3csn60iwlvmvzwirzvjmpf,kpop/hug-tvxq!.jpg
hush,miss-a,https://i.scdn.co/image/ab67616d0000b273362abddb1ef89c5dbc738fe6,https://open.spotify.com/album/27fdexxvg3h3xcucjvlvsy,kpop/hush-miss-a.jpg
i am the best,2ne1,https://i.scdn.co/image/ab67616d0000b2735c041fe9e3c9de436047d86b,https://open.spotify.com/album/7zjldzzho2xgvywpunwevk,kpop/i-am-the-best-2ne1.jpg
i am yours,ovan,https://i.scdn.co/image/ab67616d0000b273eb6b1a1217dedbb2e256fa8c,https://open.spotify.com/album/2gqo2vkytjur3bqxn2dm6l,kpop/i-am-yours-ovan.jpg
i got a boy - the 4th album,girls'-generation,https://i.scdn.co/image/ab67616d0000b273fd1f3849aaaf15112389a725,https://open.spotify.com/album/3uhihqcm9asvdjmdxcvrvi,kpop/i-got-a-boy---the-4th-album-girls'-generation.jpg
i got a feeling,coogie,https://i.scdn.co/image/ab67616d0000b27346c48a095192ccd8cee08292,https://open.spotify.com/album/5bj1t4xypfel7ogvjbjgmm,kpop/i-got-a-feeling-coogie.jpg
i want to see you again,kriesha-chu,https://i.scdn.co/image/ab67616d0000b273812691e043260af1e8a6f7ad,https://open.spotify.com/album/2t5drthqrrff6nebkyq4gj,kpop/i-want-to-see-you-again-kriesha-chu.jpg
i want u around,yugyeom,https://i.scdn.co/image/ab67616d0000b27383c1e96ddb9059737c763634,https://open.spotify.com/album/0ncuf8ejsh0z06adgzmqxi,kpop/i-want-u-around-yugyeom.jpg
i want you,haeil,https://i.scdn.co/image/ab67616d0000b2736dcb7b17b7f45e083501348c,https://open.spotify.com/album/1jpiyerfvrjcjtgeurj5ut,kpop/i-want-you-haeil.jpg
i'm not cool,hyuna,https://i.scdn.co/image/ab67616d0000b27332ba888c8c9b19cca68ca58d,https://open.spotify.com/album/6drfmdnditstvacn9gavr0,kpop/i'm-not-cool-hyuna.jpg
i'm ok (feat. kang min hee),croq,https://i.scdn.co/image/ab67616d0000b273a3fdfe60e8289417c833e0df,https://open.spotify.com/album/79i6qdjlg7lpq824gthtk9,kpop/i'm-ok-(feat.-kang-min-hee)-croq.jpg
i'm okay,saay,https://i.scdn.co/image/ab67616d0000b2730bf357dd1ea455649ac419b4,https://open.spotify.com/album/6gedaroh7dkhxozhiwgo23,kpop/i'm-okay-saay.jpg
identity : action,wei,https://i.scdn.co/image/ab67616d0000b2734f90a5572f3b27bfb789e361,https://open.spotify.com/album/7nvcgjpvjbtotykgtetcmr,kpop/identity-:-action-wei.jpg
infinitize,infinite,https://i.scdn.co/image/ab67616d0000b273bf27d7fbb0df8d738b5cbd4b,https://open.spotify.com/album/6jmmmqgdqpi0xa4einfx1d,kpop/infinitize-infinite.jpg
insane love,sistar,https://i.scdn.co/image/ab67616d0000b2734be0f7bf49f6b31c3dfc42ae,https://open.spotify.com/album/4yz1wy6pljepdbnl4m72b8,kpop/insane-love-sistar.jpg
into the new world,girls'-generation,https://i.scdn.co/image/ab67616d0000b273c1424c81a4a89cf51587aa18,https://open.spotify.com/album/6emlwnyjjrvgnomoupvhzz,kpop/into-the-new-world-girls'-generation.jpg
island,youha,https://i.scdn.co/image/ab67616d0000b273bd8c4b8999cdc5af790b91b2,https://open.spotify.com/album/252hrrsalud5yskcjurcur,kpop/island-youha.jpg
it b1a4,b1a4,https://i.scdn.co/image/ab67616d0000b273d4243b522b4e0b73296af688,https://open.spotify.com/album/4gcnaupbrqkqgm31pup0wt,kpop/it-b1a4-b1a4.jpg
it's live x wjsn - baby baby,wjsn,https://i.scdn.co/image/ab67616d0000b2732b59d35e60ea504ce0d77508,https://open.spotify.com/album/08vkejlwpionnnwikbpe70,kpop/it's-live-x-wjsn---baby-baby-wjsn.jpg
it'z different,itzy,https://i.scdn.co/image/ab67616d0000b273e4d2d69832ad7f726bb28b89,https://open.spotify.com/album/2ghd5bcrj42s8nwwxbald4,kpop/it'z-different-itzy.jpg
it'z me,itzy,https://i.scdn.co/image/ab67616d0000b27386e407289831b784b58d4c5f,https://open.spotify.com/album/2gertxs08whdtzbwfmewpo,kpop/it'z-me-itzy.jpg
itaewon class (original television soundtrack) pt. 12,v,https://i.scdn.co/image/ab67616d0000b27320af30dc4a6011fc11632211,https://open.spotify.com/album/1q3j12y1sp2eqqffsnya93,kpop/itaewon-class-(original-television-soundtrack)-pt.-12-v.jpg
it’s,teen-top,https://i.scdn.co/image/ab67616d0000b27381fc9796b1b3be67d68229ad,https://open.spotify.com/album/2ylpzz6w01cqesccyaxekl,kpop/it’s-teen-top.jpg
iu 5th album 'lilac',iu,https://i.scdn.co/image/ab67616d0000b2734ed058b71650a6ca2c04adff,https://open.spotify.com/album/01dpjcwyht77brl4jqir8r,kpop/iu-5th-album-'lilac'-iu.jpg
je t'aime,joy,https://i.scdn.co/image/ab67616d0000b273c4763f81c6b01bb32ea3c1d8,https://open.spotify.com/album/1rzqzoxe1bf1f48pk20eeh,kpop/je-t'aime-joy.jpg
"jonghyun the collection ""story op.2""",jonghyun,https://i.scdn.co/image/ab67616d0000b273f9188f2ef472584851591023,https://open.spotify.com/album/3ehhvaht8ucreplzywai3o,"kpop/jonghyun-the-collection-""story-op.2""-jonghyun.jpg"
jumping,kara,https://i.scdn.co/image/ab67616d0000b273cefd0ceb65056c36fa617b0b,https://open.spotify.com/album/2qbs9gpxk8c28sxx2fozh1,kpop/jumping-kara.jpg
just a friend,the-night-of-seokyo,https://i.scdn.co/image/ab67616d0000b273402e532edee26950f6a0adbb,https://open.spotify.com/album/4o5z8eulkn1q4wmnh6qi8w,kpop/just-a-friend-the-night-of-seokyo.jpg
just blaq,mblaq,https://i.scdn.co/image/ab67616d0000b27334741761ddff65fd35bb874c,https://open.spotify.com/album/77hvzwpyr9jaabyeqsv60t,kpop/just-blaq-mblaq.jpg
just burn,just-b,https://i.scdn.co/image/ab67616d0000b273265203c608f7f4ab83788523,https://open.spotify.com/album/1lz8ox2ip5t4tfnzwsmtvc,kpop/just-burn-just-b.jpg
just good,harryan-yoonsoan,https://i.scdn.co/image/ab67616d0000b273f3646261b8a7342f7f97de17,https://open.spotify.com/album/0r0sub559bvkenjyqzelus,kpop/just-good-harryan-yoonsoan.jpg
kara 1st,kara,https://i.scdn.co/image/ab67616d0000b273d8bbb5c6f24533f00e37223a,https://open.spotify.com/album/0k4fz2yh3shwwhbrtbodii,kpop/kara-1st-kara.jpg
kara 3rd album step,kara,https://i.scdn.co/image/ab67616d0000b2735c35ba8d71af90f12fb5cc08,https://open.spotify.com/album/3d9pw2iewic2jpl7er8sm9,kpop/kara-3rd-album-step-kara.jpg
kill this love,blackpink,https://i.scdn.co/image/ab67616d0000b2737429708d490de20bb3c50bf9,https://open.spotify.com/album/4xvakfdoqtrlwl9m7remdl,kpop/kill-this-love-blackpink.jpg
kingdom <final : who is the king?>,various-artists,https://i.scdn.co/image/ab67616d0000b273d700b5ddf45596b3793d3963,https://open.spotify.com/album/3n1navipqxfivq0tarnaf4,kpop/kingdom-<final-:-who-is-the-king?>-various-artists.jpg
la cha ta,f(x),https://i.scdn.co/image/ab67616d0000b273d8d0930607f40c5a866debd3,https://open.spotify.com/album/425ptkqsecl81zx7t56zxi,kpop/la-cha-ta-f(x).jpg
last dance,(g)i-dle,https://i.scdn.co/image/ab67616d0000b273102305910089a25ebd16aaf5,https://open.spotify.com/album/3iidthxebyjo3bscazrqhy,kpop/last-dance-(g)i-dle.jpg
last melody,everglow,https://i.scdn.co/image/ab67616d0000b2738b191ce6dc0fbfd68bbb67b8,https://open.spotify.com/album/4zdutnuo9cdfmwdcucq6dg,kpop/last-melody-everglow.jpg
lately (feat. bigone),chu-seo-jun,https://i.scdn.co/image/ab67616d0000b2737b60fc96514cd6e9ffc95690,https://open.spotify.com/album/1knlbmukpsfabrdmfn5bww,kpop/lately-(feat.-bigone)-chu-seo-jun.jpg
lazy,woosung,https://i.scdn.co/image/ab67616d0000b27358dc134fb725d6e4d4ee16cb,https://open.spotify.com/album/54jy3kw9ntvzojm78no9ox,kpop/lazy-woosung.jpg
lee seung chul 35th anniversary album special 'my love',lee-seung-chul,https://i.scdn.co/image/ab67616d0000b2733a11eb2d97e617516d991599,https://open.spotify.com/album/3gashpqbkbhturbpmab3yl,kpop/lee-seung-chul-35th-anniversary-album-special-'my-love'-lee-seung-chul.jpg
let's fly,b1a4,https://i.scdn.co/image/ab67616d0000b273bb5a329cc0b4ce9d5f8d4a57,https://open.spotify.com/album/25vqmvgefcdbeuvamqmp02,kpop/let's-fly-b1a4.jpg
light on me (original television soundtrack) pt. 1,a.c.e,https://i.scdn.co/image/ab67616d0000b273a90b00ddb59ef0a227ee60fa,https://open.spotify.com/album/5jucktiymv3ogqzimvccx6,kpop/light-on-me-(original-television-soundtrack)-pt.-1-a.c.e.jpg
lights go on again,beast,https://i.scdn.co/image/ab67616d0000b273da39e1c383c72ed62d9813d3,https://open.spotify.com/album/5r0br4nupsu65kd5tznqee,kpop/lights-go-on-again-beast.jpg
like a joke,seo-actor,https://i.scdn.co/image/ab67616d0000b27392634b553891ccbbe6225302,https://open.spotify.com/album/1ubjk0rr79y7hbz2awdzsq,kpop/like-a-joke-seo-actor.jpg
"love interference 2021 (original television soundtrack), pt. 11",2nb,https://i.scdn.co/image/ab67616d0000b27383f2d21b64167adc1e57d3c5,https://open.spotify.com/album/3w23edbyqlg0uqewhwvzyq,"kpop/love-interference-2021-(original-television-soundtrack),-pt.-11-2nb.jpg"
love is you,6일,https://i.scdn.co/image/ab67616d0000b2736da3a810846024a429f8d4c8,https://open.spotify.com/album/5gaof9kp8oxd3ofsmcormr,kpop/love-is-you-6일.jpg
love me once again,boyz-ii-men,https://i.scdn.co/image/ab67616d0000b273918f7adcfb24f0759d8c00b8,https://open.spotify.com/album/4t6h6kjeg5qrelmiedyza4,kpop/love-me-once-again-boyz-ii-men.jpg
love yourself 承 'her',bts,https://i.scdn.co/image/ab67616d0000b273f9a16d4b6cd94eca041f00b8,https://open.spotify.com/album/2fts6a6dlxmnp8flya0hgo,kpop/love-yourself-承-'her'-bts.jpg
love yourself 結 'answer',bts,https://i.scdn.co/image/ab67616d0000b2736feb6d9ed7891f40e9a524dd,https://open.spotify.com/album/2latw9zavp7ilqcokpcpqp,kpop/love-yourself-結-'answer'-bts.jpg
love yourself 轉 'tear',bts,https://i.scdn.co/image/ab67616d0000b27321108e396b83d171cc5c2692,https://open.spotify.com/album/2jjfnaze6ig3oynuv2ecj4,kpop/love-yourself-轉-'tear'-bts.jpg
love(prod.rocoberry),loco,https://i.scdn.co/image/ab67616d0000b27330d7d538fb7b7ff5949674d2,https://open.spotify.com/album/4tm14dlyrwrl4ovwp8yrah,kpop/love(prod.rocoberry)-loco.jpg
loveship,paul-kim,https://i.scdn.co/image/ab67616d0000b273b8f8079ef23a92035ac2e767,https://open.spotify.com/album/6bwwdbkk3ygxgfjkz8byvq,kpop/loveship-paul-kim.jpg
lupin,kara,https://i.scdn.co/image/ab67616d0000b2733de358ef5cf79e4c597d3139,https://open.spotify.com/album/0z3nbmoulrni3gldy1v28s,kpop/lupin-kara.jpg
madonna,secret,https://i.scdn.co/image/ab67616d0000b27361f5ac3877b07778a00e4c25,https://open.spotify.com/album/6v58duihaactuai27heam4,kpop/madonna-secret.jpg
make it right (feat. lauv),bts,https://i.scdn.co/image/ab67616d0000b273d3a69900f8e3a32bb0cc5b07,https://open.spotify.com/album/0zi6q1qjsydeeqpvkzx1xr,kpop/make-it-right-(feat.-lauv)-bts.jpg
make me better,kittib,https://i.scdn.co/image/ab67616d0000b2737ea4fd57a40769db294e643f,https://open.spotify.com/album/1cl8gyvwokhwhbradyi9b4,kpop/make-me-better-kittib.jpg
man on the moon,n.flying,https://i.scdn.co/image/ab67616d0000b273004f4aac6cfbff10b317c84f,https://open.spotify.com/album/3sdvdrpphe8ygy7b1ngw7t,kpop/man-on-the-moon-n.flying.jpg
map of the soul : 7,bts,https://i.scdn.co/image/ab67616d0000b2738afcb7dd182cffe8d53b781e,https://open.spotify.com/album/6mjztv8lcqnwftyza94bxs,kpop/map-of-the-soul-:-7-bts.jpg
map of the soul : 7 ~ the journey ~,bts,https://i.scdn.co/image/ab67616d0000b273da9c76ed020a7894443a3f97,https://open.spotify.com/album/1nscvw87krjit2bg2kswhp,kpop/map-of-the-soul-:-7-~-the-journey-~-bts.jpg
map of the soul : persona,bts,https://i.scdn.co/image/ab67616d0000b27329d00196831bec20ebbff5c7,https://open.spotify.com/album/1avxa8xfextr3hb4bgihik,kpop/map-of-the-soul-:-persona-bts.jpg
maria,hwa-sa,https://i.scdn.co/image/ab67616d0000b2734bb13769b4fa28dabf5e5b41,https://open.spotify.com/album/4oljxinwa9ndm42qetdpyt,kpop/maria-hwa-sa.jpg
mastermind,beast,https://i.scdn.co/image/ab67616d0000b27376670b1e0d1919fa73e887c6,https://open.spotify.com/album/5pircywnyywgozweicjyc1,kpop/mastermind-beast.jpg
member's selection,2pm,https://i.scdn.co/image/ab67616d0000b2733b2a32bfe8eb5e798a355b17,https://open.spotify.com/album/6b9zam9lzsf3avbkadref3,kpop/member's-selection-2pm.jpg
mermaid,lee-aram,https://i.scdn.co/image/ab67616d0000b2733d05badc4ed1d0b61183e987,https://open.spotify.com/album/0g7mgbc8phjoeayqy5o1uy,kpop/mermaid-lee-aram.jpg
midnight sun,beast,https://i.scdn.co/image/ab67616d0000b2735a9fcc619cfceba84afb89c0,https://open.spotify.com/album/6xtwhgcqdv11p8mpmm4niu,kpop/midnight-sun-beast.jpg
miracle - the 2.5th album,boa,https://i.scdn.co/image/ab67616d0000b273e62f0ce29620417dfec7bee2,https://open.spotify.com/album/1heezu7dth0eo6njqlq67w,kpop/miracle---the-2.5th-album-boa.jpg
mirotic - the 4th album,tvxq!,https://i.scdn.co/image/ab67616d0000b27325ca38eeeb374883d7652ff0,https://open.spotify.com/album/51wmrzs9o87ylkp2vqdwln,kpop/mirotic---the-4th-album-tvxq!.jpg
mixtape : oh,stray-kids,https://i.scdn.co/image/ab67616d0000b273a479b80f30c47e67cbdb6e1a,https://open.spotify.com/album/58eyqyhejrsslemmbemkj7,kpop/mixtape-:-oh-stray-kids.jpg
mo' complete: have a dream,ab6ix,https://i.scdn.co/image/ab67616d0000b273d1e3d34a0af48eafe1bfecd3,https://open.spotify.com/album/3z1j8libffavfdtdpxwqzh,kpop/mo'-complete:-have-a-dream-ab6ix.jpg
modern times – epilogue,iu,https://i.scdn.co/image/ab67616d0000b27315b8cef21bf4482d56c15614,https://open.spotify.com/album/56mqewtcuq5bplrqeytvl0,kpop/modern-times-–-epilogue-iu.jpg
monthly magazine home (original television soundtrack) pt.3,kwak-jin-eon,https://i.scdn.co/image/ab67616d0000b2733219760c8f3dea1c20dee7ae,https://open.spotify.com/album/1ge9tbzjcwrkd48hjpc8us,kpop/monthly-magazine-home-(original-television-soundtrack)-pt.3-kwak-jin-eon.jpg
monthly magazine home (original television soundtrack) pt.4,john-park,https://i.scdn.co/image/ab67616d0000b2738ad7c6c542974245b0fe8e37,https://open.spotify.com/album/4n9wo28bww5wklverspxyk,kpop/monthly-magazine-home-(original-television-soundtrack)-pt.4-john-park.jpg
"moon jong up - 1st mini album ""us""",moon-jong-up,https://i.scdn.co/image/ab67616d0000b2731ac0bd62b48ac2d0f06c9ee1,https://open.spotify.com/album/5v8uj3vfwxfdu8ekiyhuux,"kpop/moon-jong-up---1st-mini-album-""us""-moon-jong-up.jpg"
moonlight,ouioui,https://i.scdn.co/image/ab67616d0000b27329856024ec2a07e50096cabe,https://open.spotify.com/album/5emtrusmynf1hnstvqlyo9,kpop/moonlight-ouioui.jpg
"moonlovers - scarlet heart ryeo (original television soundtrack), pt. 2",various-artists,https://i.scdn.co/image/ab67616d0000b273cb95963709806e12d93128d4,https://open.spotify.com/album/68xtlbwjoradrf86wymtmy,"kpop/moonlovers---scarlet-heart-ryeo-(original-television-soundtrack),-pt.-2-various-artists.jpg"
more & more,twice,https://i.scdn.co/image/ab67616d0000b2734ec2aee773fe8c67ce563833,https://open.spotify.com/album/1bux6tfayzcdzy9ugexxrh,kpop/more-&-more-twice.jpg
mr. mr. - the 4th mini album,girls'-generation,https://i.scdn.co/image/ab67616d0000b27341e9e282e569b2279c2171de,https://open.spotify.com/album/1wyhay8owdfcfwtf0ufwjj,kpop/mr.-mr.---the-4th-mini-album-girls'-generation.jpg
mr. simple - the 5th album,super-junior,https://i.scdn.co/image/ab67616d0000b273daf7982ccaad9ca5e1603792,https://open.spotify.com/album/0eouyqpmljivhfuug5nyba,kpop/mr.-simple---the-5th-album-super-junior.jpg
must,2pm,https://i.scdn.co/image/ab67616d0000b273e423123680359360283ef2f1,https://open.spotify.com/album/1dbp3ajzouyrfghlujzqt1,kpop/must-2pm.jpg
my attitude,wjsn-the-black,https://i.scdn.co/image/ab67616d0000b27334a05859b4935468f9d8b810,https://open.spotify.com/album/1rr97bqw9th7t0vv4t9jcg,kpop/my-attitude-wjsn-the-black.jpg
my friend,chung-ha,https://i.scdn.co/image/ab67616d0000b273daed43d561365c409b7b8a96,https://open.spotify.com/album/21rd8yu3bi7p4pvtfsf9ji,kpop/my-friend-chung-ha.jpg
my lips like warm coffee,chung-ha,https://i.scdn.co/image/ab67616d0000b2734eecb06ef683d194272d5cad,https://open.spotify.com/album/1mqqdjzrs7jp4dsfofmw3z,kpop/my-lips-like-warm-coffee-chung-ha.jpg
my name - the 4th album,boa,https://i.scdn.co/image/ab67616d0000b2735493e98d59bdda1c7246c756,https://open.spotify.com/album/3voupjkrs6bvagojszgzyy,kpop/my-name---the-4th-album-boa.jpg
n.a,outsider,https://i.scdn.co/image/ab67616d0000b273dc4f8a0f798481c8a23bc383,https://open.spotify.com/album/6wnaokdvvc4napiuymo2oq,kpop/n.a-outsider.jpg
nativity,ze:a,https://i.scdn.co/image/ab67616d0000b273b14d3b17c04d057f3c337ca9,https://open.spotify.com/album/2fr3c61i194a9xtekxzvcj,kpop/nativity-ze:a.jpg
never gonna dance again : act 2 - the 3rd album,taemin,https://i.scdn.co/image/ab67616d0000b27305f89e348fddab49cf572dd9,https://open.spotify.com/album/3xgfgyuovxgp7pzywdf7ac,kpop/never-gonna-dance-again-:-act-2---the-3rd-album-taemin.jpg
"nevertheless, (original drama sound track, pt. 1)",kimmuseum,https://i.scdn.co/image/ab67616d0000b273fb629d35f9dbc85ed8822190,https://open.spotify.com/album/6wtv5wcktqi2fjyi5yp1pg,"kpop/nevertheless,-(original-drama-sound-track,-pt.-1)-kimmuseum.jpg"
new challenge,infinite,https://i.scdn.co/image/ab67616d0000b27336f949758491e29f67c26cc7,https://open.spotify.com/album/7to9h7fve0vsyks3yz8kua,kpop/new-challenge-infinite.jpg
next level,aespa,https://i.scdn.co/image/ab67616d0000b2737a393b04e8ced571618223e8,https://open.spotify.com/album/2czbrboolzeroaah1n5k0n,kpop/next-level-aespa.jpg
no question,mad-clown,https://i.scdn.co/image/ab67616d0000b273bf9cf7eab947897114d92ed2,https://open.spotify.com/album/1ice0eth8fwop85p3ymmza,kpop/no-question-mad-clown.jpg
no. 18,psy,https://i.scdn.co/image/ab67616d0000b273d7686935dc0d12f2f9cbe8de,https://open.spotify.com/album/7llh8k87gf7ocxpyth8fny,kpop/no.-18-psy.jpg
no.1,teen-top,https://i.scdn.co/image/ab67616d0000b273fbb36ec122ee222d4901e9ae,https://open.spotify.com/album/7ocklfx1qn0ebj93uzlzob,kpop/no.1-teen-top.jpg
no.1 - the 2nd album,boa,https://i.scdn.co/image/ab67616d0000b273e9e1fd55a8798bc0a49fe28c,https://open.spotify.com/album/4se5tmg7dc1wkjyr4o5gxz,kpop/no.1---the-2nd-album-boa.jpg
"not like you (hanlim gym x han yo han, justhis)",han-yo-han,https://i.scdn.co/image/ab67616d0000b2738bb61a570dd92501c0732a04,https://open.spotify.com/album/76deafuqvyhq8ifbty8hzs,"kpop/not-like-you-(hanlim-gym-x-han-yo-han,-justhis)-han-yo-han.jpg"
nu abo,f(x),https://i.scdn.co/image/ab67616d0000b273900d10b8f74cbac991333789,https://open.spotify.com/album/2jwiybus9c4yggr1guq8yo,kpop/nu-abo-f(x).jpg
nuna,jessi,https://i.scdn.co/image/ab67616d0000b273fa4593f7a923d33760488cdf,https://open.spotify.com/album/4lqle7nbeyyiun4pfqjstn,kpop/nuna-jessi.jpg
o-正.反.合. - the 3rd album,tvxq!,https://i.scdn.co/image/ab67616d0000b2738b75ad02c229cb40e9801b85,https://open.spotify.com/album/2adpdnyrrtt2tikthqn5ee,kpop/o-正.反.合.---the-3rd-album-tvxq!.jpg
oh! - the second album,girls'-generation,https://i.scdn.co/image/ab67616d0000b2739b57e9b31c831fb2137c38e2,https://open.spotify.com/album/4e841rxorioziufx8v7p7e,kpop/oh!---the-second-album-girls'-generation.jpg
one of a kind,monsta-x,https://i.scdn.co/image/ab67616d0000b27303b313cdf98d61d141645f11,https://open.spotify.com/album/2zuovdo5g1rhfbhniwz8yi,kpop/one-of-a-kind-monsta-x.jpg
one summer,yang-da-il,https://i.scdn.co/image/ab67616d0000b27366da9c4bc483aed711f4df5e,https://open.spotify.com/album/1dsfpuypkzisdbb4jonppk,kpop/one-summer-yang-da-il.jpg
outerspace (feat. loco),kang-daniel,https://i.scdn.co/image/ab67616d0000b273ba69bd5a303236ca69de8025,https://open.spotify.com/album/2g3pmjdprpkhu7tuqr1nwm,kpop/outerspace-(feat.-loco)-kang-daniel.jpg
palette,iu,https://i.scdn.co/image/ab67616d0000b273c06f0e8b33ac2d246158253e,https://open.spotify.com/album/5v8n6fqyapxvftibphqvcp,kpop/palette-iu.jpg
pandemic love,"always,-gotten",https://i.scdn.co/image/ab67616d0000b273c080043ad71e4a20b2f68b40,https://open.spotify.com/album/2kf7dwakkmrirz2dlwiacp,"kpop/pandemic-love-always,-gotten.jpg"
paradise,infinite,https://i.scdn.co/image/ab67616d0000b273394019f903d05289161494e4,https://open.spotify.com/album/4f8xrbym6nyfdnvlxi69al,kpop/paradise-infinite.jpg
paxxworld,paxxword,https://i.scdn.co/image/ab67616d0000b2733b4f990120b7fa0ea10a5548,https://open.spotify.com/album/6dpfw9sazgr9bfmgepjs6m,kpop/paxxworld-paxxword.jpg
penthouse3 (original television soundtrack) pt. 1,xia,https://i.scdn.co/image/ab67616d0000b273d35380fcc41e6597212fe35b,https://open.spotify.com/album/6pobgmlw3uvjwfrem4t3u3,kpop/penthouse3-(original-television-soundtrack)-pt.-1-xia.jpg
perfect world,twice,https://i.scdn.co/image/ab67616d0000b273f03d2f58b841a522e9354c7a,https://open.spotify.com/album/012fde5q7af7h9dy47djvj,kpop/perfect-world-twice.jpg
piece of stars,lee-aram,https://i.scdn.co/image/ab67616d0000b273b82da90371d490ad5713cc6c,https://open.spotify.com/album/5g7thwyorhbtvssrx9djrn,kpop/piece-of-stars-lee-aram.jpg
pink tape - the 2nd album,f(x),https://i.scdn.co/image/ab67616d0000b2736f7d8c9dcc983839bd746dbc,https://open.spotify.com/album/62tuehftjk3l6xjdkzyt4z,kpop/pink-tape---the-2nd-album-f(x).jpg
planet nine : alter ego,onewe,https://i.scdn.co/image/ab67616d0000b273103f92fd8365948eae2c77c7,https://open.spotify.com/album/4vgyxbrf0dk6jhq0dyl87o,kpop/planet-nine-:-alter-ego-onewe.jpg
point of view: u,yugyeom,https://i.scdn.co/image/ab67616d0000b2739ce63dab4888061990e80f95,https://open.spotify.com/album/0kz5gvcgcuaefbdkmwl4bm,kpop/point-of-view:-u-yugyeom.jpg
poison,secret,https://i.scdn.co/image/ab67616d0000b273e5250b5ed5cac91266c0a078,https://open.spotify.com/album/25r9uxjqiwyh3wjdcdudkk,kpop/poison-secret.jpg
pop/stars,k-da,https://i.scdn.co/image/ab67616d0000b273d1241debb8543af8322a7d6a,https://open.spotify.com/album/0unbz8lafgluq5ty5vbikq,kpop/pop-stars-k-da.jpg
pporappippam 보라빛 밤,sunmi,https://i.scdn.co/image/ab67616d0000b273189bbef66958cfa4ced121ad,https://open.spotify.com/album/5ikvycihy5symhj1cyovz3,kpop/pporappippam-보라빛-밤-sunmi.jpg
prism,rabidance,https://i.scdn.co/image/ab67616d0000b273a82e6f1b64984dd7af35c3c8,https://open.spotify.com/album/5rxqknleurdh1dzcnamnrs,kpop/prism-rabidance.jpg
ptt(paint the town) [japanese ver.],loona,https://i.scdn.co/image/ab67616d0000b273fb11f6cd06b59642d590f80d,https://open.spotify.com/album/4retwi7ppsysatvxgj1agi,kpop/ptt(paint-the-town)-[japanese-ver.]-loona.jpg
purpose - the 2nd album,taeyeon,https://i.scdn.co/image/ab67616d0000b273b87c0d76ed9c7b1654b390d0,https://open.spotify.com/album/0h6wcpdgpsoabyddyjvuwr,kpop/purpose---the-2nd-album-taeyeon.jpg
purpose - the 2nd album repackage,taeyeon,https://i.scdn.co/image/ab67616d0000b27390cd7fa287e8beb86ac86e66,https://open.spotify.com/album/5ilyfprrpomz0qenh6ghcs,kpop/purpose---the-2nd-album-repackage-taeyeon.jpg
push push,sistar,https://i.scdn.co/image/ab67616d0000b273d9f34689545df3bc4517a7f5,https://open.spotify.com/album/5fk2y5wd6c6jbxeywj6nm3,kpop/push-push-sistar.jpg
querencia,chung-ha,https://i.scdn.co/image/ab67616d0000b27328e5351049de8f6ee39111f5,https://open.spotify.com/album/1p2obhqq0d1n8awjhv9xa3,kpop/querencia-chung-ha.jpg
r,rosé,https://i.scdn.co/image/ab67616d0000b273fdec91537c467efa0cd75e2f,https://open.spotify.com/album/5bqcodfcz8abcikyx9b7ob,kpop/r-rosé.jpg
racket boys (original television soundtrack) pt. 4,danwoo-lim,https://i.scdn.co/image/ab67616d0000b2737980c9a0e8669d24b8aa22fd,https://open.spotify.com/album/1jjwj471kldyobnkp2d9gn,kpop/racket-boys-(original-television-soundtrack)-pt.-4-danwoo-lim.jpg
rain drop 주르륵,ohzu,https://i.scdn.co/image/ab67616d0000b273e7107bc98020c3b016a41b66,https://open.spotify.com/album/0cnt5czl9rjoxvxjbxma0s,kpop/rain-drop-주르륵-ohzu.jpg
rain song,epik-high,https://i.scdn.co/image/ab67616d0000b273656622f410f229d11cca477d,https://open.spotify.com/album/1dxaqvipdtdytmug9hcx8j,kpop/rain-song-epik-high.jpg
reality in black,mamamoo,https://i.scdn.co/image/ab67616d0000b2739d650d0d98caf3f54b842a0b,https://open.spotify.com/album/7cucpzwxaz6khmcti9eo4x,kpop/reality-in-black-mamamoo.jpg
red light - the 3rd album,f(x),https://i.scdn.co/image/ab67616d0000b2737cb7222af6927b83987206f7,https://open.spotify.com/album/6t9sfwlghvu75jrajujn3w,kpop/red-light---the-3rd-album-f(x).jpg
red moon: indigo ecstasy,maktub,https://i.scdn.co/image/ab67616d0000b2735c0240a18c235bd70cecf7c8,https://open.spotify.com/album/4fmqhbbwj2n9orim1gtxty,kpop/red-moon:-indigo-ecstasy-maktub.jpg
redd,whee-in,https://i.scdn.co/image/ab67616d0000b273aa8403bdba067c6f5fb9b57c,https://open.spotify.com/album/1x2xbndyjpwtkrbtrxye83,kpop/redd-whee-in.jpg
reminiscence,everglow,https://i.scdn.co/image/ab67616d0000b273871918597ebfbe6bc594ab44,https://open.spotify.com/album/5byq39ihgxrddawqcnxvoj,kpop/reminiscence-everglow.jpg
rendezvous,kim-jeong_uk,https://i.scdn.co/image/ab67616d0000b2732a14eb743a23275a538900d0,https://open.spotify.com/album/4tutc8i7em0qdddps0v59f,kpop/rendezvous-kim-jeong_uk.jpg
research daily 1,q-the-trumpet,https://i.scdn.co/image/ab67616d0000b27350d9b5a56f94c1d701995614,https://open.spotify.com/album/7u0x542rawuzzcrovpsjkt,kpop/research-daily-1-q-the-trumpet.jpg
reviver,alexa,https://i.scdn.co/image/ab67616d0000b273adf3a7479381584ff504c5a9,https://open.spotify.com/album/2m9w0fjim2slzufj0ez4l8,kpop/reviver-alexa.jpg
revolution,kara,https://i.scdn.co/image/ab67616d0000b27348deff966fb8c94edaceb855,https://open.spotify.com/album/4wpdaa2pr2nafnkdrcv1hb,kpop/revolution-kara.jpg
ribbon,bambam,https://i.scdn.co/image/ab67616d0000b27371471f9ab3b6f23d5018b349,https://open.spotify.com/album/4257hxq3msts5h4rzgrvhw,kpop/ribbon-bambam.jpg
right,sim2,https://i.scdn.co/image/ab67616d0000b27354a8a1a70d344479a23b87c4,https://open.spotify.com/album/68eumcbddib5ilpr9sh7cb,kpop/right-sim2.jpg
right through me,day6-(even-of-day),https://i.scdn.co/image/ab67616d0000b2732c9cdcfed3e4083fd1f9d845,https://open.spotify.com/album/7hrzpkcxm1fqem02alhn2d,kpop/right-through-me-day6-(even-of-day).jpg
ring ring,rocket-punch,https://i.scdn.co/image/ab67616d0000b273156d1da868700786d4d06dce,https://open.spotify.com/album/1ifwb37jxlhih53bsbbmbi,kpop/ring-ring-rocket-punch.jpg
rising sun - 2nd album,tvxq!,https://i.scdn.co/image/ab67616d0000b273b04aa4fdfcffa194fd3059e0,https://open.spotify.com/album/5ah1qpzf94kaiwulxbmtir,kpop/rising-sun---2nd-album-tvxq!.jpg
rollin',brave-girls,https://i.scdn.co/image/ab67616d0000b2734660d054e5d9f43ca9d5769a,https://open.spotify.com/album/0moag4doqkvv7uwdhlpfmm,kpop/rollin'-brave-girls.jpg
roman,teen-top,https://i.scdn.co/image/ab67616d0000b27360dfb14106f8ab983ce94c39,https://open.spotify.com/album/4uyktbmekvr3lyx6uhqhlu,kpop/roman-teen-top.jpg
run,yawwa,https://i.scdn.co/image/ab67616d0000b273ab2488210abed3035c8aeebd,https://open.spotify.com/album/1ccczn6fwrkhxlh0lhmwwb,kpop/run-yawwa.jpg
rush hour,gaho,https://i.scdn.co/image/ab67616d0000b2738d772908e36cdd43f5331cb9,https://open.spotify.com/album/5d4f8ca3u8rkeqdpgcgext,kpop/rush-hour-gaho.jpg
save,nct-127,https://i.scdn.co/image/ab67616d0000b2736f8d5dd4bc3ed2946494e402,https://open.spotify.com/album/7hrxypd91epz4qswijhnhq,kpop/save-nct-127.jpg
secret time,secret,https://i.scdn.co/image/ab67616d0000b273ef1d65c8bcdc2397859e3986,https://open.spotify.com/album/21aodgvqqxkuz30erlbqca,kpop/secret-time-secret.jpg
see you,amin,https://i.scdn.co/image/ab67616d0000b27310ab726f12bde34f85bb66cc,https://open.spotify.com/album/5xnfzvas12enzfzu7hjlng,kpop/see-you-amin.jpg
seventeen 8th mini album 'your choice',seventeen,https://i.scdn.co/image/ab67616d0000b273c1a20972c9a083d5cece9ce5,https://open.spotify.com/album/79vvxtqnelr8kmvcdxn0pc,kpop/seventeen-8th-mini-album-'your-choice'-seventeen.jpg
"sexy, free & single",super-junior,https://i.scdn.co/image/ab67616d0000b2733bed69805ddbcf7fb962ab36,https://open.spotify.com/album/2juqjhz6ssttwcrpgqc0br,"kpop/sexy,-free-&-single-super-junior.jpg"
shade (feat. hen),hyun-su-seo-서현수,https://i.scdn.co/image/ab67616d0000b27323547a3a0dfad4977196f988,https://open.spotify.com/album/56whr472omfnlfijch8jov,kpop/shade-(feat.-hen)-hyun-su-seo-서현수.jpg
shake it,sistar,https://i.scdn.co/image/ab67616d0000b273bb2456c53306bc582b406462,https://open.spotify.com/album/7wxgbt2oagdjz9cgphqu8c,kpop/shake-it-sistar.jpg
shax mini album : [the devil],shax,https://i.scdn.co/image/ab67616d0000b273740196353f313cac51ecdfc4,https://open.spotify.com/album/7ucooqwhp6b16c4hovuyhf,kpop/shax-mini-album-:-[the-devil]-shax.jpg
sherlock - the 4th mini album,shinee,https://i.scdn.co/image/ab67616d0000b27343028ae4eeabf8c854a93cab,https://open.spotify.com/album/2mfisiv88pnrqnugqreuhq,kpop/sherlock---the-4th-mini-album-shinee.jpg
shinin'ground,onesun,https://i.scdn.co/image/ab67616d0000b273f83030f3e953a17dcb951119,https://open.spotify.com/album/2cqewuneegyocjfklumyg2,kpop/shinin'ground-onesun.jpg
shirts & affair,entoy,https://i.scdn.co/image/ab67616d0000b273c2a13f0a3fb7aad0094468bb,https://open.spotify.com/album/3a66lbiztmerezr1wwj2jp,kpop/shirts-&-affair-entoy.jpg
shock of the new era,beast,https://i.scdn.co/image/ab67616d0000b273b549673bade0ad750b414e06,https://open.spotify.com/album/1b7oxzvqp0x5as8hsmautg,kpop/shock-of-the-new-era-beast.jpg
shy boy,secret,https://i.scdn.co/image/ab67616d0000b273fb1ebf76aff1001e3192c69b,https://open.spotify.com/album/0wnpqgeczzlolbheepqii2,kpop/shy-boy-secret.jpg
sixth sense,brown-eyed-girls,https://i.scdn.co/image/ab67616d0000b2739ea7667790ebdb466853ad70,https://open.spotify.com/album/6ekkvnqv1myr8zzlcobm0m,kpop/sixth-sense-brown-eyed-girls.jpg
sneakers,ha-sung-woon,https://i.scdn.co/image/ab67616d0000b273e7aa2561cf253fee7438df10,https://open.spotify.com/album/7p7iwecsq10obzvum3upl4,kpop/sneakers-ha-sung-woon.jpg
so cool,sistar,https://i.scdn.co/image/ab67616d0000b273e69f4d1485869fedb591b792,https://open.spotify.com/album/44hjyzewgtlodnyiyk4dzo,kpop/so-cool-sistar.jpg
so hot,wonder-girls,https://i.scdn.co/image/ab67616d0000b2739633cfd2e42a610f3dafa801,https://open.spotify.com/album/31fkcs7l3vvybapftijfye,kpop/so-hot-wonder-girls.jpg
solo,jennie,https://i.scdn.co/image/ab67616d0000b27362e6288a5887b95176cca29e,https://open.spotify.com/album/7qajpyeabxn9zv5woox59k,kpop/solo-jennie.jpg
song request 신청곡 (feat. suga of bts),lee-so-ra,https://i.scdn.co/image/ab67616d0000b2739a737fcf660ad2429cd381be,https://open.spotify.com/album/2cv86zvll1h8dofus7kil3,kpop/song-request-신청곡-(feat.-suga-of-bts)-lee-so-ra.jpg
soulmate (feat. iu),zico,https://i.scdn.co/image/ab67616d0000b2737ac73c439819e81f544cc023,https://open.spotify.com/album/0adnkpxx660ezxcwbcqzvo,kpop/soulmate-(feat.-iu)-zico.jpg
sound g.,brown-eyed-girls,https://i.scdn.co/image/ab67616d0000b273b0f759fd3d7579f178a669bc,https://open.spotify.com/album/2cezjlwqocgxkorwl99n6p,kpop/sound-g.-brown-eyed-girls.jpg
special edition 'still alive',bigbang,https://i.scdn.co/image/ab67616d0000b273968822ea044c33dcee564abe,https://open.spotify.com/album/2bop0hvysdrf9ehaqgfjui,kpop/special-edition-'still-alive'-bigbang.jpg
spring is you,han-all,https://i.scdn.co/image/ab67616d0000b273ff6c3ceea5668462ef466057,https://open.spotify.com/album/7flkrvr9nopnzd1zz2hpec,kpop/spring-is-you-han-all.jpg
square one,blackpink,https://i.scdn.co/image/ab67616d0000b273c322371395263ed346bc10c1,https://open.spotify.com/album/0zljolddsj6y14gnpoygd8,kpop/square-one-blackpink.jpg
square two,blackpink,https://i.scdn.co/image/ab67616d0000b27358e58a1a55118c9d8614199b,https://open.spotify.com/album/3kacwe6ax8jp1vun6dq1jf,kpop/square-two-blackpink.jpg
square up,blackpink,https://i.scdn.co/image/ab67616d0000b27398135e0d2d1675f2b502f01c,https://open.spotify.com/album/2zwfcnqje7it1rwgvyv1ug,kpop/square-up-blackpink.jpg
ss501 / rebirth,ss501,https://i.scdn.co/image/ab67616d0000b27320391f7a71056d03442964a0,https://open.spotify.com/album/45b7zy0jnkhsxoviph0a0s,kpop/ss501---rebirth-ss501.jpg
ss501 스페셜 앨범,ss501,https://i.scdn.co/image/ab67616d0000b273d7c58f71a638b2bb3f9eb2bd,https://open.spotify.com/album/3xoemvevvhefxwbwgyzkem,kpop/ss501-스페셜-앨범-ss501.jpg
stand up,bigbang,https://i.scdn.co/image/ab67616d0000b273875d2f6cbe5ed8a8fd998aa1,https://open.spotify.com/album/0yz5ipz8lshvzl1nxcupbe,kpop/stand-up-bigbang.jpg
starry,gemstone,https://i.scdn.co/image/ab67616d0000b27383f7c3c40616b2aec719391f,https://open.spotify.com/album/2fwbagsjatevaa5lzkfxw2,kpop/starry-gemstone.jpg
"start dating (original drama soundtrack, pt. 2)",kei,https://i.scdn.co/image/ab67616d0000b2737b90c293c143a69f4d0ae147,https://open.spotify.com/album/0xr15to4uvjxlrntxcflip,"kpop/start-dating-(original-drama-soundtrack,-pt.-2)-kei.jpg"
staydom,stayc,https://i.scdn.co/image/ab67616d0000b273af2fda9fb591d43c355c2ac3,https://open.spotify.com/album/71hjsg660uio3z8bnbb6fs,kpop/staydom-stayc.jpg
still 2:00pm,2pm,https://i.scdn.co/image/ab67616d0000b273daee45ca004082865f702ef2,https://open.spotify.com/album/4cbvkmeewusswyreplkttv,kpop/still-2:00pm-2pm.jpg
still dream,kim-woojin,https://i.scdn.co/image/ab67616d0000b273927737c47dc57a0ab5dbab3e,https://open.spotify.com/album/3sxbku8gfk7gn6pgz7lw8h,kpop/still-dream-kim-woojin.jpg
stupid thought,haan,https://i.scdn.co/image/ab67616d0000b2730a36eb22e8dbd1df442a1264,https://open.spotify.com/album/1appmwocgzdhliajg4qldk,kpop/stupid-thought-haan.jpg
summer night,kim-kyu-jong,https://i.scdn.co/image/ab67616d0000b273d1418ab38406b27acaf7793c,https://open.spotify.com/album/66r2jntbuscaldyjotbdg8,kpop/summer-night-kim-kyu-jong.jpg
summer queen,brave-girls,https://i.scdn.co/image/ab67616d0000b273393c272facbab67f788713af,https://open.spotify.com/album/2x10rn9op665i7gyp1unui,kpop/summer-queen-brave-girls.jpg
summer special 'be ma girl',teen-top,https://i.scdn.co/image/ab67616d0000b273bd828bad379a9d053cbfec6e,https://open.spotify.com/album/62nuu6qqxhabcovxe0wd7b,kpop/summer-special-'be-ma-girl'-teen-top.jpg
"summer,night",jeon-jin-hee,https://i.scdn.co/image/ab67616d0000b273949be431c454081ea928bb3c,https://open.spotify.com/album/2ing7vzueoeko5vmqzi5co,"kpop/summer,night-jeon-jin-hee.jpg"
sun or suck (exchange original television soundtrack),woodz,https://i.scdn.co/image/ab67616d0000b273ac973877ffb9fd1e2e6774e2,https://open.spotify.com/album/5dctmyani2pckvjr7yj9ed,kpop/sun-or-suck-(exchange-original-television-soundtrack)-woodz.jpg
sunshine,hoody,https://i.scdn.co/image/ab67616d0000b27308b248c670802ca043333f13,https://open.spotify.com/album/6kqbcacmjtniqdjy0f8pr0,kpop/sunshine-hoody.jpg
superstar,shinee,https://i.scdn.co/image/ab67616d0000b2731aaa4b67d23a914ecde368eb,https://open.spotify.com/album/5wuwv2xsrmdtpx6l5v855s,kpop/superstar-shinee.jpg
surfin' the first wave,opo,https://i.scdn.co/image/ab67616d0000b27351b89e763687193f2e052d33,https://open.spotify.com/album/1gupnhla5vcgsesyupdudn,kpop/surfin'-the-first-wave-opo.jpg
swim in the blue,cloudybay,https://i.scdn.co/image/ab67616d0000b27377ce4024a20efb1f6ff99248,https://open.spotify.com/album/3pdwicoaajhjptwrr0ti9n,kpop/swim-in-the-blue-cloudybay.jpg
switch it up (feat. sokodomo) [prod. cha cha malone],jay-b,https://i.scdn.co/image/ab67616d0000b273bfe9fe789231d91f824357a1,https://open.spotify.com/album/5mfdh66iklo3pbjmsrxddk,kpop/switch-it-up-(feat.-sokodomo)-[prod.-cha-cha-malone]-jay-b.jpg
synthetic heart,xiihu,https://i.scdn.co/image/ab67616d0000b27372aaef02d9ff4cbc79f82245,https://open.spotify.com/album/1ud8ir3fudcipwgva1ks7c,kpop/synthetic-heart-xiihu.jpg
tag,reddy,https://i.scdn.co/image/ab67616d0000b273d8960e43610800a343a0f74d,https://open.spotify.com/album/40hesuvfi70q0bylxwjeda,kpop/tag-reddy.jpg
taste of love,twice,https://i.scdn.co/image/ab67616d0000b2731040e52c8633e9afde6f9e7c,https://open.spotify.com/album/4bbleshvbhpzpi8ewntcls,kpop/taste-of-love-twice.jpg
tear drops,dindin,https://i.scdn.co/image/ab67616d0000b273995f0f62951863b88e05f42c,https://open.spotify.com/album/0yr9kiw8tbrv7xxbnt0yxn,kpop/tear-drops-dindin.jpg
"tesseract (prod. hui, minit)",cix,https://i.scdn.co/image/ab67616d0000b273b91e69f971657ba1001374a6,https://open.spotify.com/album/3eg0lku0tvqgxe5aj2jzvt,"kpop/tesseract-(prod.-hui,-minit)-cix.jpg"
the 2nd album ‘romanticize’,nu'est,https://i.scdn.co/image/ab67616d0000b27328c6b21209d828c6a5c07014,https://open.spotify.com/album/3fobibsej1cf7cxpx7f1bs,kpop/the-2nd-album-‘romanticize’-nu'est.jpg
the album,blackpink,https://i.scdn.co/image/ab67616d0000b2737dd8f95320e8ef08aa121dfe,https://open.spotify.com/album/71o60s5gijsiahdnrdih3n,kpop/the-album-blackpink.jpg
the book of us : negentropy - chaos swallowed up in love,day6,https://i.scdn.co/image/ab67616d0000b273f80f0c44ae6415383d41ea25,https://open.spotify.com/album/3ss5rh4ua4z7bqzhwdbbsg,kpop/the-book-of-us-:-negentropy---chaos-swallowed-up-in-love-day6.jpg
the call project no.2,various-artists,https://i.scdn.co/image/ab67616d0000b273173ea491c52ab50dbfd4c7a0,https://open.spotify.com/album/5a5ftno7riakh2sio8k7ka,kpop/the-call-project-no.2-various-artists.jpg
the chaos chapter: freeze,tomorrow-x-together,https://i.scdn.co/image/ab67616d0000b273253a9c74941281b0407ce940,https://open.spotify.com/album/5zdr9vactwnjh4vpe9mid9,kpop/the-chaos-chapter:-freeze-tomorrow-x-together.jpg
the first statement,bm,https://i.scdn.co/image/ab67616d0000b273f5c5e3657cf4a522099d3d13,https://open.spotify.com/album/5yjqi6xcy1delxtmtbrsxp,kpop/the-first-statement-bm.jpg
the intersection: contact,bdc,https://i.scdn.co/image/ab67616d0000b273a9ed228e87e0b76e8cd11049,https://open.spotify.com/album/1hnxdbzzdb2jwychqfltf7,kpop/the-intersection:-contact-bdc.jpg
"the king: eternal monarch (original television soundtrack), pt. 10",zico,https://i.scdn.co/image/ab67616d0000b273d9cff9f4a4a663ccca0146f4,https://open.spotify.com/album/02rqv4smads4ltlywtojjz,"kpop/the-king:-eternal-monarch-(original-television-soundtrack),-pt.-10-zico.jpg"
the moment,yukika,https://i.scdn.co/image/ab67616d0000b273d9afee0a4dc8f09b7616651f,https://open.spotify.com/album/0lsiwrgmixsiq27uwzyht3,kpop/the-moment-yukika.jpg
the moon (feat. taeil of nct),moon-sujin,https://i.scdn.co/image/ab67616d0000b27321fa1d1b9a5b4595d3e975dd,https://open.spotify.com/album/6nfkvxbrjpr9jg69vog52g,kpop/the-moon-(feat.-taeil-of-nct)-moon-sujin.jpg
the only (feat. irene of red velvet),raiden,https://i.scdn.co/image/ab67616d0000b2735f5a8ba5fdcdca82ca95d39c,https://open.spotify.com/album/4uxskh6wxrlndz4ursf8lh,kpop/the-only-(feat.-irene-of-red-velvet)-raiden.jpg
the other side of the moon,gwsn,https://i.scdn.co/image/ab67616d0000b2731af4a83bf4b82f5687a98e7d,https://open.spotify.com/album/4w9vko9c1k2ovvltnsjwv7,kpop/the-other-side-of-the-moon-gwsn.jpg
the renaissance - the 10th album,super-junior,https://i.scdn.co/image/ab67616d0000b27396678b0a030238837547c6ff,https://open.spotify.com/album/3qyzxavqofixepdffcemlh,kpop/the-renaissance---the-10th-album-super-junior.jpg
the sea with stars,sunnysidemj,https://i.scdn.co/image/ab67616d0000b273f893c7d78d3d2af71723f114,https://open.spotify.com/album/6nyzyvkbjxp74s2ewvhg8u,kpop/the-sea-with-stars-sunnysidemj.jpg
the shinee world - the first album,shinee,https://i.scdn.co/image/ab67616d0000b273ff8a783336acbef4b6fab82f,https://open.spotify.com/album/2aim53n5dgm5vxnfjswpi7,kpop/the-shinee-world---the-first-album-shinee.jpg
the stairway of time ost part 5. can we,jeong-hyojin,https://i.scdn.co/image/ab67616d0000b273ca02c0e7b77192cf28b311d4,https://open.spotify.com/album/24bgrbgva544ewsrsxvuaa,kpop/the-stairway-of-time-ost-part-5.-can-we-jeong-hyojin.jpg
the way u are,tvxq!,https://i.scdn.co/image/ab67616d0000b27319169605bea4e4b7497c4f2b,https://open.spotify.com/album/0w5txvterhc8bfa7dg4noa,kpop/the-way-u-are-tvxq!.jpg
"the year of ""yes""",twice,https://i.scdn.co/image/ab67616d0000b273cd8c9fee4a16c5dabc618dac,https://open.spotify.com/album/7fk1ss3lo6u2lyhb82z9zf,"kpop/the-year-of-""yes""-twice.jpg"
this night,groovyroom,https://i.scdn.co/image/ab67616d0000b2738d3b6ca85c08c4eee85be173,https://open.spotify.com/album/4xpkexge5bjljsgcpj1nvi,kpop/this-night-groovyroom.jpg
to anyone,2ne1,https://i.scdn.co/image/ab67616d0000b273b873150f614ca1b2a9baee14,https://open.spotify.com/album/35m71s29ezpjggh2g7uzw4,kpop/to-anyone-2ne1.jpg
"to find a reason (feat. mad clown, kim seungmin)",hyolyn,https://i.scdn.co/image/ab67616d0000b273018882eda1c00c4da10fcec9,https://open.spotify.com/album/0bjxwdtduspvhgka8t2tcz,"kpop/to-find-a-reason-(feat.-mad-clown,-kim-seungmin)-hyolyn.jpg"
together,kyuhyun,https://i.scdn.co/image/ab67616d0000b273f61e88aabbae4d367692f804,https://open.spotify.com/album/4ohihlk0uyyadmobd8ijmi,kpop/together-kyuhyun.jpg
tonight,bigbang,https://i.scdn.co/image/ab67616d0000b2732da7f864d91988b544237ba2,https://open.spotify.com/album/0bhwgubvjvqcpx5aeb52d0,kpop/tonight-bigbang.jpg
touch n move,sistar,https://i.scdn.co/image/ab67616d0000b2733be3a6a60408608f0d33e3bc,https://open.spotify.com/album/0sesm1caqu7qukive4jckl,kpop/touch-n-move-sistar.jpg
trapbox 2 pt.1,mac-kidd,https://i.scdn.co/image/ab67616d0000b273cfbd3110fffc7668237d2ca0,https://open.spotify.com/album/0bbe4jwlv2iai8i25ovfkx,kpop/trapbox-2-pt.1-mac-kidd.jpg
travel,mamamoo,https://i.scdn.co/image/ab67616d0000b2731cc469da4da1bccfa16867be,https://open.spotify.com/album/3xje7wsw2xwqx2gnj5cfnu,kpop/travel-mamamoo.jpg
tri-angle - 1st album,tvxq!,https://i.scdn.co/image/ab67616d0000b27382b88b49dd9a1b387cb3f0c6,https://open.spotify.com/album/1013imxha490acqezkqpex,kpop/tri-angle---1st-album-tvxq!.jpg
trip 여행,motte,https://i.scdn.co/image/ab67616d0000b2731296c1e0ebd84a6df3519aae,https://open.spotify.com/album/2tjgazag63gytpn73jyxdi,kpop/trip-여행-motte.jpg
trpp,trpp,https://i.scdn.co/image/ab67616d0000b273cc03719ff66a07dd249c28d7,https://open.spotify.com/album/2bacozgtxmoerdsvq5ljkd,kpop/trpp-trpp.jpg
turn over,sf9,https://i.scdn.co/image/ab67616d0000b2733ad436b2bd403db31f4c4884,https://open.spotify.com/album/5zt8nriwnfrlrzd3gi4nri,kpop/turn-over-sf9.jpg
twit,hwa-sa,https://i.scdn.co/image/ab67616d0000b27346c377827f3ad9fa6b0f64df,https://open.spotify.com/album/6kl4s0y6ijcj0qp1nm1evf,kpop/twit-hwa-sa.jpg
u-kiss only one album,u-kiss,https://i.scdn.co/image/ab67616d0000b273716df091b4820dad70e335e7,https://open.spotify.com/album/7lskoouqng0l1vuweeogvy,kpop/u-kiss-only-one-album-u-kiss.jpg
vanilla,lightsum,https://i.scdn.co/image/ab67616d0000b273d4c71c20d1c1b1d871a4fc60,https://open.spotify.com/album/77w56c1tecjwogvehnbi5x,kpop/vanilla-lightsum.jpg
"voice4 (original drama sound track, pt. 2)",kang-seung-yoon,https://i.scdn.co/image/ab67616d0000b273a4eadc5dfa5edae4445ac5d3,https://open.spotify.com/album/4ghx61rlualznritqzl72p,"kpop/voice4-(original-drama-sound-track,-pt.-2)-kang-seung-yoon.jpg"
void.,jeebanoff,https://i.scdn.co/image/ab67616d0000b273082bf2e3954004dd6f7555a0,https://open.spotify.com/album/4n4k3du7bz7lruv8v5cbcr,kpop/void.-jeebanoff.jpg
wake me up,grio,https://i.scdn.co/image/ab67616d0000b273c812dad19d50a7f191dcf8c4,https://open.spotify.com/album/1tyvf202aoyksxgithsecw,kpop/wake-me-up-grio.jpg
walk in the night (feat. zion.t),moon-sujin,https://i.scdn.co/image/ab67616d0000b273a00a6af15397f6d45e3c90be,https://open.spotify.com/album/49b53fd6m1evpegcenk95g,kpop/walk-in-the-night-(feat.-zion.t)-moon-sujin.jpg
walkin',suran,https://i.scdn.co/image/ab67616d0000b2735f8932cd9cb090069d7ba046,https://open.spotify.com/album/2t09zkiyfknhmoakwhpewp,kpop/walkin'-suran.jpg
waterfall,b.i,https://i.scdn.co/image/ab67616d0000b273de8a479371e10f04ff6cc648,https://open.spotify.com/album/7opze9agkgt8v4fnz6yx5t,kpop/waterfall-b.i.jpg
waw,mamamoo,https://i.scdn.co/image/ab67616d0000b273ae843591bcdace9489c86fb0,https://open.spotify.com/album/0gt7dy4onfo6uc8d5w2wni,kpop/waw-mamamoo.jpg
way back home (2021),lunch,https://i.scdn.co/image/ab67616d0000b273f85ec5a5dbd6d4d17ed4b4bf,https://open.spotify.com/album/4nmmkrrg4afmeoc9xq1ogk,kpop/way-back-home-(2021)-lunch.jpg
way back home (feat. conor maynard) [sam feldt edit],shaun,https://i.scdn.co/image/ab67616d0000b27391994452af66b672954b6eb4,https://open.spotify.com/album/13aelamxve4jxd8mnku068,kpop/way-back-home-(feat.-conor-maynard)-[sam-feldt-edit]-shaun.jpg
we play,weeekly,https://i.scdn.co/image/ab67616d0000b27318a15ed7d84a6c773126b12b,https://open.spotify.com/album/4ku6dfvgzkodyqpzk1ozp9,kpop/we-play-weeekly.jpg
we'll be alright,ouioui,https://i.scdn.co/image/ab67616d0000b27383a71e5713e0de056300e56b,https://open.spotify.com/album/6lexoei5xbbysufuzfeusa,kpop/we'll-be-alright-ouioui.jpg
weather forecast,lim-zian,https://i.scdn.co/image/ab67616d0000b273304dfc9ab70075b5092fa41c,https://open.spotify.com/album/454qucp8im4yputlwjbsdg,kpop/weather-forecast-lim-zian.jpg
weekend,taeyeon,https://i.scdn.co/image/ab67616d0000b273f4eaffe012c3fc3b73a61bb2,https://open.spotify.com/album/4tjsxd2onpa4p9lfmkjiky,kpop/weekend-taeyeon.jpg
what do i call you - the 4th mini album,taeyeon,https://i.scdn.co/image/ab67616d0000b27354d483dff87402bfe717f738,https://open.spotify.com/album/70xjedlfe1lmzo1lyfkyq3,kpop/what-do-i-call-you---the-4th-mini-album-taeyeon.jpg
what type of x,jessi,https://i.scdn.co/image/ab67616d0000b2735e0e1b6931046f1a98571c06,https://open.spotify.com/album/5ukw3blhtpgoev6tkrfjpx,kpop/what-type-of-x-jessi.jpg
when it rains,leellamarz,https://i.scdn.co/image/ab67616d0000b2730167cab5bd237216ff62dd1a,https://open.spotify.com/album/7cndglg8juods3cbsljvii,kpop/when-it-rains-leellamarz.jpg
when night is falling,wonstein,https://i.scdn.co/image/ab67616d0000b27308b6c12c648f704e599cabd9,https://open.spotify.com/album/3noisileko2memblkegyzw,kpop/when-night-is-falling-wonstein.jpg
why,sole,https://i.scdn.co/image/ab67616d0000b273f438b31399b42a8c567b64ca,https://open.spotify.com/album/4jilwoe6faqltscdkw4kbo,kpop/why-sole.jpg
windy,jeon-soyeon,https://i.scdn.co/image/ab67616d0000b273ed56e93fba864c231be87d65,https://open.spotify.com/album/1lv92civzbb2bshmix7qjf,kpop/windy-jeon-soyeon.jpg
wings,bts,https://i.scdn.co/image/ab67616d0000b273a82522c9242cff43bde3f12d,https://open.spotify.com/album/1enfjjx81khstbm3bhtdle,kpop/wings-bts.jpg
with her,crush,https://i.scdn.co/image/ab67616d0000b273653278c52607c825f59f583e,https://open.spotify.com/album/4shklmflbj4kkqumu2hphv,kpop/with-her-crush.jpg
with l.o.v.e brown eyed girls,brown-eyed-girls,https://i.scdn.co/image/ab67616d0000b2732f4bfdfdcd0e8a2a74dce1a2,https://open.spotify.com/album/4aat9inuonyurejoyxdhql,kpop/with-l.o.v.e-brown-eyed-girls-brown-eyed-girls.jpg
with you,choi-woo-shik,https://i.scdn.co/image/ab67616d0000b27384f7794e718c02784e090361,https://open.spotify.com/album/55hh5m6y2jsynxv4qlgs5n,kpop/with-you-choi-woo-shik.jpg
wonder world,wonder-girls,https://i.scdn.co/image/ab67616d0000b273ef56b9b2eb2292b9dc16e875,https://open.spotify.com/album/1veioiyinn3y2lpvxtceyk,kpop/wonder-world-wonder-girls.jpg
x,chung-ha,https://i.scdn.co/image/ab67616d0000b273f976c9e4c1c588e50aefa626,https://open.spotify.com/album/4j6uskoxqv2kkusigoqchd,kpop/x-chung-ha.jpg
xxholic,lee-hye,https://i.scdn.co/image/ab67616d0000b273b3f6b3887c3c9be92aecddbb,https://open.spotify.com/album/6rfhrvvlrwlvp0atlttdnu,kpop/xxholic-lee-hye.jpg
y,mblaq,https://i.scdn.co/image/ab67616d0000b27342f60e4dbe70e460a83357ef,https://open.spotify.com/album/4fajjtr9fr9mlyv54l6wh5,kpop/y-mblaq.jpg
yellow cab,dpr-live,https://i.scdn.co/image/ab67616d0000b27348a4589629cc337cf9fbabfd,https://open.spotify.com/album/4jcaeu2xyvb7trxiqb387m,kpop/yellow-cab-dpr-live.jpg
yes or yes,twice,https://i.scdn.co/image/ab67616d0000b27360a65de69f03d8183fa316f8,https://open.spotify.com/album/38qqgshzfueajjw1a6hz3x,kpop/yes-or-yes-twice.jpg
yg 10th anniversary,yg-family,https://i.scdn.co/image/ab67616d0000b27380686594950abdf1b86740bb,https://open.spotify.com/album/4sqxg1zgw3sfaqgvpjpwrd,kpop/yg-10th-anniversary-yg-family.jpg
you are coming,눈,https://i.scdn.co/image/ab67616d0000b2732260b0eeecc4584bfbc67c77,https://open.spotify.com/album/48p2m4fzhwqsk3xixcsdvj,kpop/you-are-coming-눈.jpg
you are my spring ost part 1,raiden,https://i.scdn.co/image/ab67616d0000b273b17ba640b2ff9f0fb804b595,https://open.spotify.com/album/7jg4pa0mkdt1peqjzc9eps,kpop/you-are-my-spring-ost-part-1-raiden.jpg
you never walk alone,bts,https://i.scdn.co/image/ab67616d0000b2731edc001ec8b230aeb990bfa4,https://open.spotify.com/album/5lizcqeyt5zhkwdzbtra3m,kpop/you-never-walk-alone-bts.jpg
you're here with rain 비 오는 날이 좋아질 것 같아 (with chamsom),saevom,https://i.scdn.co/image/ab67616d0000b2733864956e7798767aedad0b26,https://open.spotify.com/album/7v0pfpnffltiixxwxqipyz,kpop/you're-here-with-rain-비-오는-날이-좋아질-것-같아-(with-chamsom)-saevom.jpg
youknowbetter 니가 더 잘 알잖아,hyolyn,https://i.scdn.co/image/ab67616d0000b27302c87219ad04e6c871599ecb,https://open.spotify.com/album/3umvrm9unzs8t26phwwrwr,kpop/youknowbetter-니가-더-잘-알잖아-hyolyn.jpg
your bgm vol.1,eric-nam,https://i.scdn.co/image/ab67616d0000b273ced3e56217b5fca69068f8c2,https://open.spotify.com/album/7buykdxbantzuykjj2oy2g,kpop/your-bgm-vol.1-eric-nam.jpg
your summer,lee-min-gyu,https://i.scdn.co/image/ab67616d0000b273ba5de67294d6c8f50ea3a09b,https://open.spotify.com/album/4rxkom0dusx8x7ur2mozrh,kpop/your-summer-lee-min-gyu.jpg
yours,jimmy-brown,https://i.scdn.co/image/ab67616d0000b273af02e96713a61a09dae54ac0,https://open.spotify.com/album/1gibydeod4n4z499kqtc2o,kpop/yours-jimmy-brown.jpg
zero : fever part.2,ateez,https://i.scdn.co/image/ab67616d0000b27334d8066f243f11719ac475e2,https://open.spotify.com/album/1jmc8iz1jbax6m5ovswmab,kpop/zero-:-fever-part.2-ateez.jpg
zzz,zion.t,https://i.scdn.co/image/ab67616d0000b273dfcc586ec3e22036e005a0c1,https://open.spotify.com/album/1h68clpwp0bs59pazulk4x,kpop/zzz-zion.t.jpg
~how i'm feeling~,lauv,https://i.scdn.co/image/ab67616d0000b2736047672696efe2a146cf309e,https://open.spotify.com/album/6egjxcgqauvgzif9bqpxfp,kpop/~how-i'm-feeling~-lauv.jpg
‘the reve festival’ day 1,red-velvet,https://i.scdn.co/image/ab67616d0000b27370a04b3e66d6a4a38237dc7f,https://open.spotify.com/album/2nleip268msfzhw5dajm4r,kpop/‘the-reve-festival’-day-1-red-velvet.jpg
‘the reve festival’ finale,red-velvet,https://i.scdn.co/image/ab67616d0000b273df5022bdf1ac4bf52135c4be,https://open.spotify.com/album/3rvtm00ufbuzwoewdm4iym,kpop/‘the-reve-festival’-finale-red-velvet.jpg
ひとりじゃない,seventeen,https://i.scdn.co/image/ab67616d0000b273e6aea87b278a6a5d6ba2a9ac,https://open.spotify.com/album/2tx3ogtqe02yguiwpeevfi,kpop/ひとりじゃない-seventeen.jpg
回:walpurgis night,gfriend,https://i.scdn.co/image/ab67616d0000b273a1c07b020417770f3385448f,https://open.spotify.com/album/6kerntq7cnhnrd2eikoa6h,kpop/回:walpurgis-night-gfriend.jpg
걸스데이 미니앨범 3집,girl's-day,https://i.scdn.co/image/ab67616d0000b27306e8b25a719c30d52b515b50,https://open.spotify.com/album/5bwqnm05woeax6twpqyst5,kpop/걸스데이-미니앨범-3집-girl's-day.jpg
긴 밤 (feat. giriboy),seori,https://i.scdn.co/image/ab67616d0000b273238531cbd885fa1bd4b2bdba,https://open.spotify.com/album/3auhclxpvg4gwl2oi8d043,kpop/긴-밤-(feat.-giriboy)-seori.jpg
너라고 it's you,super-junior,https://i.scdn.co/image/ab67616d0000b2730245375368ab6cc499201392,https://open.spotify.com/album/3tc76yhvbnyavvnzmyzn4j,kpop/너라고-it's-you-super-junior.jpg
미치지 않고서야 (original television soundtrack) pt. 2,pl,https://i.scdn.co/image/ab67616d0000b2735b51daac8c12b5c8f13b73d9,https://open.spotify.com/album/7jvaxqb0nqs0s80a8pnuph,kpop/미치지-않고서야-(original-television-soundtrack)-pt.-2-pl.jpg
비트코인,timefever,https://i.scdn.co/image/ab67616d0000b273683f0f0bfa667d200983f823,https://open.spotify.com/album/4mvfegneeortadzg9kofyl,kpop/비트코인-timefever.jpg
"쏘리 쏘리 sorry, sorry - the 3rd album",super-junior,https://i.scdn.co/image/ab67616d0000b273fb6e8a26c2c4d9a23f888a94,https://open.spotify.com/album/3v5xuozzxbmjbxs7vwtua3,"kpop/쏘리-쏘리-sorry,-sorry---the-3rd-album-super-junior.jpg"
여자 대통령,girl's-day,https://i.scdn.co/image/ab67616d0000b273e738fa4128aa7b045ccd72e1,https://open.spotify.com/album/6u4oxphdt6eqa9jrnnhfpx,kpop/여자-대통령-girl's-day.jpg
잊어버리지마 don't forget (feat. 태연 taeyeon) - single,crush,https://i.scdn.co/image/ab67616d0000b2732a3e873c181de81b59d0dcd3,https://open.spotify.com/album/4lamaviu0dasiz0indxxci,kpop/잊어버리지마-don't-forget-(feat.-태연-taeyeon)---single-crush.jpg
죽어도 못 보내 never let you go,2am,https://i.scdn.co/image/ab67616d0000b2739b0636248e38066b635a6a84,https://open.spotify.com/album/37mz6eoievepzzvldl87i0,kpop/죽어도-못-보내-never-let-you-go-2am.jpg
