name,artist,cover_url,album_url,album_path
Painkiller,Judas-Priest,https://i.scdn.co/image/ab67616d0000b27360db4ca924d17bc6754e89aa,https://open.spotify.com/album/7LgrhuKnAXpNEv8qzcVd2t,metal/Painkiller-Judas-Priest.jpg
DAYWALKER! (feat. CORPSE),Machine-Gun-Kelly,https://i.scdn.co/image/ab67616d0000b273d61bd7979bfead643d7100b8,https://open.spotify.com/album/2y8j3djW8ZswvAbEcPBBti,metal/DAYWALKER!-(feat.-CORPSE)-Machine-Gun-Kelly.jpg
Toxicity,System-Of-A-Down,https://i.scdn.co/image/ab67616d0000b27328afd76e21eed9788506c40e,https://open.spotify.com/album/5AOu8nTJSHWiIDxPvcIDRF,metal/Toxicity-System-Of-A-Down.jpg
Paranoid (2009 Remastered Version),Black-Sabbath,https://i.scdn.co/image/ab67616d0000b2739683e5d7361bb80bfb00f46d,https://open.spotify.com/album/132qAo1cDiEJdA3fv4xyNK,metal/Paranoid-(2009-Remastered-Version)-Black-Sabbath.jpg
Reign In Blood,Slayer,https://i.scdn.co/image/ab67616d0000b273fd833375c806981a61bb82ec,https://open.spotify.com/album/2DumvqHl78bNXuvU9kQfPN,metal/Reign-In-Blood-Slayer.jpg
Toxicity,System-Of-A-Down,https://i.scdn.co/image/ab67616d0000b2732c8ceb2f9b28109b36d07bc4,https://open.spotify.com/album/4DR0GWo7w2GJyQnFVa4jAB,metal/Toxicity-System-Of-A-Down.jpg
Ace of Spades (Expanded Edition),Motörhead,https://i.scdn.co/image/ab67616d0000b273bb7d33186e4a26421c6a77ae,https://open.spotify.com/album/3rxF05Aux0QTrN533Kjc91,metal/Ace-of-Spades-(Expanded-Edition)-Motörhead.jpg
American Capitalist (Standard),Five-Finger-Death-Punch,https://i.scdn.co/image/ab67616d0000b273598ff2eb89dfd88cce79dc33,https://open.spotify.com/album/18bHWmCOOKsAQSHdfFQ0WI,metal/American-Capitalist-(Standard)-Five-Finger-Death-Punch.jpg
Sehnsucht,Rammstein,https://i.scdn.co/image/ab67616d0000b27354cd52e1249f6a97d8f2ddc9,https://open.spotify.com/album/6f4dhaPfZqf2JXewAvE4gq,metal/Sehnsucht-Rammstein.jpg
Reign In Blood (Expanded),Slayer,https://i.scdn.co/image/ab67616d0000b2731530f31c8d4197777b70ee5d,https://open.spotify.com/album/5v5BfkxWDAKTkzrXl3H0mU,metal/Reign-In-Blood-(Expanded)-Slayer.jpg
Antichrist Superstar,Marilyn-Manson,https://i.scdn.co/image/ab67616d0000b273c61d3a663bd18fe8cd97c947,https://open.spotify.com/album/7APnZJwayR3lH9aUDPDYQB,metal/Antichrist-Superstar-Marilyn-Manson.jpg
Garage Inc.,Metallica,https://i.scdn.co/image/ab67616d0000b27375e6375e11550746705a9645,https://open.spotify.com/album/0vshXZYhBkbIoqxyC2fXcF,metal/Garage-Inc.-Metallica.jpg
Hellbilly Deluxe,Rob-Zombie,https://i.scdn.co/image/ab67616d0000b27313d4adf9e4b938f88266f4e4,https://open.spotify.com/album/2B4lHoTCpWbxQPTZmCOjnH,metal/Hellbilly-Deluxe-Rob-Zombie.jpg
Metallica,Metallica,https://i.scdn.co/image/ab67616d0000b273cf84c5b276431b473e924802,https://open.spotify.com/album/2Kh43m04B1UkVcpcRa1Zug,metal/Metallica-Metallica.jpg
The Number of the Beast (2015 Remaster),Iron-Maiden,https://i.scdn.co/image/ab67616d0000b2735c29a88ba5341ca428f0c322,https://open.spotify.com/album/5S3gls8Kjn8KVmqlIDEBbO,metal/The-Number-of-the-Beast-(2015-Remaster)-Iron-Maiden.jpg
RAMMSTEIN,Rammstein,https://i.scdn.co/image/ab67616d0000b27302add2c77fb6999e311a3248,https://open.spotify.com/album/1LoyJQVHPLHE3fCCS8Juek,metal/RAMMSTEIN-Rammstein.jpg
Hardwired…To Self-Destruct (Deluxe),Metallica,https://i.scdn.co/image/ab67616d0000b273e5a07037750e97dca575c690,https://open.spotify.com/album/4bcUiX49wpmDRhrC8TvDWV,metal/Hardwired…To-Self-Destruct-(Deluxe)-Metallica.jpg
The Sickness (10th Anniversary Edition),Disturbed,https://i.scdn.co/image/ab67616d0000b27394a42e7b21b0fab4f4773db2,https://open.spotify.com/album/07w0hGS9XUdFsPBvDHy16y,metal/The-Sickness-(10th-Anniversary-Edition)-Disturbed.jpg
Slipknot (10th Anniversary Edition),Slipknot,https://i.scdn.co/image/ab67616d0000b273baf04a1d30db6ac9de26da7d,https://open.spotify.com/album/2dL9Q5AtIv4Rw1L6lKcIUc,metal/Slipknot-(10th-Anniversary-Edition)-Slipknot.jpg
Ænima,TOOL,https://i.scdn.co/image/ab67616d0000b273dce45359981d62e087a29e6f,https://open.spotify.com/album/6yWMN087PgSimbcVmHLEwG,metal/Ænima-TOOL.jpg
.5: The Gray Chapter,Slipknot,https://i.scdn.co/image/ab67616d0000b27306e3a56f02aeff58d3a47a10,https://open.spotify.com/album/3nyxMohQINxnhYwyHvUqVf,metal/.5:-The-Gray-Chapter-Slipknot.jpg
Ashes Of The Wake,Lamb-of-God,https://i.scdn.co/image/ab67616d0000b273987a96b77769374ab3d65c17,https://open.spotify.com/album/22cwC9T4GqpPukJzWNBrlH,metal/Ashes-Of-The-Wake-Lamb-of-God.jpg
Life,Dope,https://i.scdn.co/image/ab67616d0000b2731aa2474909c648492bcf27ce,https://open.spotify.com/album/7lRvSWMUCTIjkvZQLy4yBx,metal/Life-Dope.jpg
System Of A Down,System-Of-A-Down,https://i.scdn.co/image/ab67616d0000b2732dc63e977bd5101072adcef6,https://open.spotify.com/album/3sSfjX4fhZonjyZ10x0l0f,metal/System-Of-A-Down-System-Of-A-Down.jpg
Cowboys from Hell,Pantera,https://i.scdn.co/image/ab67616d0000b2730ce52f4ba340a1e459e6a978,https://open.spotify.com/album/5szY4sBOSD6IFjFN1RtWTe,metal/Cowboys-from-Hell-Pantera.jpg
The Last Stand,Sabaton,https://i.scdn.co/image/ab67616d0000b2730c100c40bdedea776770e7aa,https://open.spotify.com/album/14OgR04PHXULz1svvsol8L,metal/The-Last-Stand-Sabaton.jpg
South Of Heaven,Slayer,https://i.scdn.co/image/ab67616d0000b2736b5a07577377bb68b33e908c,https://open.spotify.com/album/2UqJjz5eMYRzbbKToD3Peh,metal/South-Of-Heaven-Slayer.jpg
Around the Fur,Deftones,https://i.scdn.co/image/ab67616d0000b2730b1129853982ea17845d4eb6,https://open.spotify.com/album/7o4UsmV37Sg5It2Eb7vHzu,metal/Around-the-Fur-Deftones.jpg
Good F**King Music,Solence,https://i.scdn.co/image/ab67616d0000b27387acfedbb55089f75ea5e64b,https://open.spotify.com/album/2L2WGYRsX6dMazAmpJZneU,metal/Good-F**King-Music-Solence.jpg
Significant Other,Limp-Bizkit,https://i.scdn.co/image/ab67616d0000b2732a3ada146796045b348f3179,https://open.spotify.com/album/0IDsKB7FTBX5QvxNekrVgI,metal/Significant-Other-Limp-Bizkit.jpg
The Concrete Confessional,Hatebreed,https://i.scdn.co/image/ab67616d0000b27317e6898bdc4b61bd22bbae09,https://open.spotify.com/album/300egwhkQSsKEFLbZgFa36,metal/The-Concrete-Confessional-Hatebreed.jpg
Leviathan,Mastodon,https://i.scdn.co/image/ab67616d0000b27300388d66c87c2c0033849bfd,https://open.spotify.com/album/6khFoLWnJZDQvZ7Pijym3b,metal/Leviathan-Mastodon.jpg
Roots,Sepultura,https://i.scdn.co/image/ab67616d0000b2730bd5e7cce9765c2ef519424e,https://open.spotify.com/album/5JjnPCfpp6redrkKpXZAs8,metal/Roots-Sepultura.jpg
Lights...Camera...Revolution,Suicidal-Tendencies,https://i.scdn.co/image/ab67616d0000b273d1886d236549fdbf0309b5ab,https://open.spotify.com/album/414jOqUfrq3k2QlAddNXfT,metal/Lights...Camera...Revolution-Suicidal-Tendencies.jpg
L.D. 50,Mudvayne,https://i.scdn.co/image/ab67616d0000b273e8278a8536c931fe01db8701,https://open.spotify.com/album/1PxA0y3aRMejJGb0wJH9gS,metal/L.D.-50-Mudvayne.jpg
La Sexorcisto: Devil Music Volume 1,White-Zombie,https://i.scdn.co/image/ab67616d0000b273a9bc1aa7e402c78ac5f2e61c,https://open.spotify.com/album/0hSRCjd8f3eGCEdeXD0hoL,metal/La-Sexorcisto:-Devil-Music-Volume-1-White-Zombie.jpg
As Daylight Dies (Special Edition),Killswitch-Engage,https://i.scdn.co/image/ab67616d0000b273cc5bb1a3f809896baf67dba4,https://open.spotify.com/album/6iJEtgHTEbVlSS5isIS71z,metal/As-Daylight-Dies-(Special-Edition)-Killswitch-Engage.jpg
Are You Dead Yet?,Children-Of-Bodom,https://i.scdn.co/image/ab67616d0000b27327c8e79e48a7b9b7c9ed6ba0,https://open.spotify.com/album/4JtmC1dly1OaggJbhdYAyZ,metal/Are-You-Dead-Yet?-Children-Of-Bodom.jpg
Clayman (Reissue 2014),In-Flames,https://i.scdn.co/image/ab67616d0000b273955536b17812ef9da826562b,https://open.spotify.com/album/1aK0ZfM3mY983J4cKoTHfy,metal/Clayman-(Reissue-2014)-In-Flames.jpg
Burn My Eyes,Machine-Head,https://i.scdn.co/image/ab67616d0000b2737eefd1a87710bf84a7688a2c,https://open.spotify.com/album/4S4WHsBRNEIha796lnU8NJ,metal/Burn-My-Eyes-Machine-Head.jpg
Spreading The Disease,Anthrax,https://i.scdn.co/image/ab67616d0000b2735b8c3c95fc82a1643ada6766,https://open.spotify.com/album/0qEFMrunmeRHqzI9xAnu9L,metal/Spreading-The-Disease-Anthrax.jpg
Cleansing,Prong,https://i.scdn.co/image/ab67616d0000b27397682fc3fb027754c58986dc,https://open.spotify.com/album/1RmsgRJnBFyRMAVl1NW9pO,metal/Cleansing-Prong.jpg
Demanufacture [Special Edition],Fear-Factory,https://i.scdn.co/image/ab67616d0000b2739f588bbc502030c9dbfc7b1b,https://open.spotify.com/album/6GPHWrMQG5Ns8O3aQKMro2,metal/Demanufacture-[Special-Edition]-Fear-Factory.jpg
Rock or Bust,AC-DC,https://i.scdn.co/image/ab67616d0000b273f5ea32b7c7b4ee3a4583d5df,https://open.spotify.com/album/6OwvO40ahugJE5PH4TjqTg,metal/Rock-or-Bust-AC-DC.jpg
Ascendancy (Special Edition),Trivium,https://i.scdn.co/image/ab67616d0000b273ca1c6c978dcd0e39edb026f5,https://open.spotify.com/album/21mOhkOtrPVySn4D2SbOAF,metal/Ascendancy-(Special-Edition)-Trivium.jpg
Clawfinger (Remastered version),Clawfinger,https://i.scdn.co/image/ab67616d0000b27347e014fd0fb8799249d42902,https://open.spotify.com/album/5EA1276qleBpN5O80kM0mT,metal/Clawfinger-(Remastered-version)-Clawfinger.jpg
Stay Hungry,Twisted-Sister,https://i.scdn.co/image/ab67616d0000b2733469ef94acfa666fde83dec5,https://open.spotify.com/album/0dzqapIToiOhULGvzDKpXm,metal/Stay-Hungry-Twisted-Sister.jpg
Nola,DOWN,https://i.scdn.co/image/ab67616d0000b273bd53947ce705d95e0fa3852d,https://open.spotify.com/album/04BvRPJwuDeuJ3DhbAw9Wg,metal/Nola-DOWN.jpg
Bismarck,Sabaton,https://i.scdn.co/image/ab67616d0000b2734f41a332a8deb1ff7b9ebafe,https://open.spotify.com/album/3RIq2tHWbtfYMZmd6tPTwY,metal/Bismarck-Sabaton.jpg
The Silent Force,Within-Temptation,https://i.scdn.co/image/ab67616d0000b27385fc8567babaf945bda677c3,https://open.spotify.com/album/7Mqb9JDLwwr4kLuNXFnuJZ,metal/The-Silent-Force-Within-Temptation.jpg
Horizons (Deluxe Edition),Parkway-Drive,https://i.scdn.co/image/ab67616d0000b273248c3d99d296604ecd4f2c89,https://open.spotify.com/album/4GnybptVxP8FoxVfnSjMqM,metal/Horizons-(Deluxe-Edition)-Parkway-Drive.jpg
The Electric Warlock Acid Witch Satanic Orgy Celebration Dispenser,Rob-Zombie,https://i.scdn.co/image/ab67616d0000b2734de9478913a6736b3b2d8ea8,https://open.spotify.com/album/4cwVkh8oYGwLGeVM0Jl35K,metal/The-Electric-Warlock-Acid-Witch-Satanic-Orgy-Celebration-Dispenser-Rob-Zombie.jpg
King Of Everything,Jinjer,https://i.scdn.co/image/ab67616d0000b273fd20de2cce4779a457b8f636,https://open.spotify.com/album/5tPsMHA3GY2q0HtcjNqf3p,metal/King-Of-Everything-Jinjer.jpg
October Rust (Special Edition),Type-O-Negative,https://i.scdn.co/image/ab67616d0000b273704dd95c3ea01a719da5d5d4,https://open.spotify.com/album/6BkeUWI72Lssc077AxqQek,metal/October-Rust-(Special-Edition)-Type-O-Negative.jpg
Comalies,Lacuna-Coil,https://i.scdn.co/image/ab67616d0000b27340cd02504f36bfd9f88b6d96,https://open.spotify.com/album/1zFvNbQjRGiCalBnPzUEyN,metal/Comalies-Lacuna-Coil.jpg
The Phantom Agony (Expanded Edition),Epica,https://i.scdn.co/image/ab67616d0000b273fe1e925e09181946c041d0ec,https://open.spotify.com/album/2TIErYUfgCJuDpSqsp3wvm,metal/The-Phantom-Agony-(Expanded-Edition)-Epica.jpg
Scars,Soil,https://i.scdn.co/image/ab67616d0000b2735458430a8be76e89973d3150,https://open.spotify.com/album/2h9pGOK3WpnKM6sJjILl5E,metal/Scars-Soil.jpg
Wisconsin Death Trip,Static-X,https://i.scdn.co/image/ab67616d0000b2730099efc7034c941135448e94,https://open.spotify.com/album/2WRLwr5MIIXr9gAWOOQ6J5,metal/Wisconsin-Death-Trip-Static-X.jpg
Once,Nightwish,https://i.scdn.co/image/ab67616d0000b273eb56285e5977b1c57a3484a9,https://open.spotify.com/album/2vaeoAzATVgE2npjBCnH5x,metal/Once-Nightwish.jpg
Octavarium,Dream-Theater,https://i.scdn.co/image/ab67616d0000b273f58c468c711f44450a87cb42,https://open.spotify.com/album/4v6kYkn7mYjlWS9vONmmCP,metal/Octavarium-Dream-Theater.jpg
Dangerous Ground,H.E.A.T,https://i.scdn.co/image/ab67616d0000b273f2328ca9b43c397e2b833c83,https://open.spotify.com/album/5ghPmOARm9W1mA04erYQfW,metal/Dangerous-Ground-H.E.A.T.jpg
Along Came the Devil,Primal-Fear,https://i.scdn.co/image/ab67616d0000b273577c6d57d6172cf62ee72e9f,https://open.spotify.com/album/17XgA2THnPbYLArrBahaIW,metal/Along-Came-the-Devil-Primal-Fear.jpg
HELLOWEEN,Helloween,https://i.scdn.co/image/ab67616d0000b273c13e0af03a9207cc4d6c7424,https://open.spotify.com/album/6ZOpyAm1HCU9Z0aRSLMPnn,metal/HELLOWEEN-Helloween.jpg
The Inevitable End,Manimal,https://i.scdn.co/image/ab67616d0000b2734206e934617dca3ee39e5fa8,https://open.spotify.com/album/14nCqNpoBt32m822qAyCsI,metal/The-Inevitable-End-Manimal.jpg
The Witch of the North,Burning-Witches,https://i.scdn.co/image/ab67616d0000b273d7e473ff29e4c76f98fcc462,https://open.spotify.com/album/1P6qVXbuLcqJrVZpwoPGkX,metal/The-Witch-of-the-North-Burning-Witches.jpg
Am I Evil?,Diamond-Head,https://i.scdn.co/image/ab67616d0000b2732f730ac5e319ace94749bbcf,https://open.spotify.com/album/3Kq7zsHEu1aueV2ukmjwKA,metal/Am-I-Evil?-Diamond-Head.jpg
Now the Screaming Starts,Bloody-Hammers,https://i.scdn.co/image/ab67616d0000b273bca8edd77040fe9957f6898e,https://open.spotify.com/album/4afU6LdO2FFF1ANLoGBrC8,metal/Now-the-Screaming-Starts-Bloody-Hammers.jpg
End of the Attention Span,Armored-Saint,https://i.scdn.co/image/ab67616d0000b2734d2841a2d0e76b518f93b3dd,https://open.spotify.com/album/5UBB2I0DXxlxGWEgNkx2tH,metal/End-of-the-Attention-Span-Armored-Saint.jpg
Demons Are A Girl's Best Friend,Powerwolf,https://i.scdn.co/image/ab67616d0000b2733eb8ba93ce1077f76eed387e,https://open.spotify.com/album/6SFftjmYjvGAvRa2k8WHWC,metal/Demons-Are-A-Girl's-Best-Friend-Powerwolf.jpg
Heart of the Android,Orden-Ogan,https://i.scdn.co/image/ab67616d0000b2731d4151d5aca554612edd45f9,https://open.spotify.com/album/6wDrfnlSydT3ZPcBjClH0l,metal/Heart-of-the-Android-Orden-Ogan.jpg
Thunder Rising,Brother-Firetribe,https://i.scdn.co/image/ab67616d0000b27370cafb4dd68348c533be8778,https://open.spotify.com/album/3cSc1fjJbqiefgFrxQtvyu,metal/Thunder-Rising-Brother-Firetribe.jpg
Presence of Mind,Dynazty,https://i.scdn.co/image/ab67616d0000b273edfc625def50f1f348a843c2,https://open.spotify.com/album/4j3AXVu1zUsav9FLHJVtxd,metal/Presence-of-Mind-Dynazty.jpg
Zombie Apocalypse,Accept,https://i.scdn.co/image/ab67616d0000b2733942a81e3f7a5da47d7c7b90,https://open.spotify.com/album/5rM4E7AWnDj0exkGHaRK5O,metal/Zombie-Apocalypse-Accept.jpg
Archangel,Amaranthe,https://i.scdn.co/image/ab67616d0000b2737c869b142b42643f56c23dc9,https://open.spotify.com/album/3nwMvp5aCT0IUYXNATk4b2,metal/Archangel-Amaranthe.jpg
From Hell with Love,Beast-In-Black,https://i.scdn.co/image/ab67616d0000b2734959170cc823eeaba14d1430,https://open.spotify.com/album/3aT1PLgA6MomsX7MMlNRHr,metal/From-Hell-with-Love-Beast-In-Black.jpg
Scars (feat. Florestan Durand),LANDMVRKS,https://i.scdn.co/image/ab67616d0000b273342ecc6e100354e57104aa89,https://open.spotify.com/album/0CadOZLD1xFrzYZN8FTHgG,metal/Scars-(feat.-Florestan-Durand)-LANDMVRKS.jpg
Heartless Madness,Dynazty,https://i.scdn.co/image/ab67616d0000b2733615398755b02e0bf500c593,https://open.spotify.com/album/7hi1CYcnOAGlg0lVJCO3Bu,metal/Heartless-Madness-Dynazty.jpg
Party in My Head,Pain,https://i.scdn.co/image/ab67616d0000b2734e4748bda16b21489b1b5f4c,https://open.spotify.com/album/7yiMd6l7NvEbDwgjfImxUp,metal/Party-in-My-Head-Pain.jpg
Dracula,Mystic-Prophecy,https://i.scdn.co/image/ab67616d0000b27349895ed0c38ab356e390432d,https://open.spotify.com/album/3t5R0BXdBbNJuV0xiGo5LM,metal/Dracula-Mystic-Prophecy.jpg
Too Mean to Die,Accept,https://i.scdn.co/image/ab67616d0000b273383c4f17009419914dd35715,https://open.spotify.com/album/5dbzbQ2Lx9oTwSvHyfKheq,metal/Too-Mean-to-Die-Accept.jpg
Wolves in Winter,Demons-&-Wizards,https://i.scdn.co/image/ab67616d0000b273770ea506ee677ce7d95b1a46,https://open.spotify.com/album/0LTwRczEIIffADBJr0VUXU,metal/Wolves-in-Winter-Demons-&-Wizards.jpg
Let Sleeping Corpses Lie,Bloody-Hammers,https://i.scdn.co/image/ab67616d0000b273e6e1e24fab861c220b683457,https://open.spotify.com/album/2DTYFmqQOxZQUSX712BmOg,metal/Let-Sleeping-Corpses-Lie-Bloody-Hammers.jpg
Brother of the Storm,Grand-Magus,https://i.scdn.co/image/ab67616d0000b2739cf8ce3c9591744a57d83016,https://open.spotify.com/album/3lLA3FMglcgPttcLCUEUuU,metal/Brother-of-the-Storm-Grand-Magus.jpg
Viva La Victoria,Eclipse,https://i.scdn.co/image/ab67616d0000b273464c5e28c05d68738d13a8db,https://open.spotify.com/album/22VcmOjOj8Dx7GBcYmFu8A,metal/Viva-La-Victoria-Eclipse.jpg
Catastrophist,Trivium,https://i.scdn.co/image/ab67616d0000b273e38afd93deeac1ee200f6d95,https://open.spotify.com/album/6JT2F5KpNWy8Lg6OJLDXGx,metal/Catastrophist-Trivium.jpg
All for the Kingdom,Grave-Digger,https://i.scdn.co/image/ab67616d0000b2731fbc7c8bcfaf88531f5b8a3a,https://open.spotify.com/album/7BobBJRRrGNVvRRcphMw4j,metal/All-for-the-Kingdom-Grave-Digger.jpg
Paint the Sky with Blood,Bodom-After-Midnight,https://i.scdn.co/image/ab67616d0000b2737527a139d084896334d34a50,https://open.spotify.com/album/6TMCI01byEtKKnGZHuzFUe,metal/Paint-the-Sky-with-Blood-Bodom-After-Midnight.jpg
The Wrong Side Of Heaven & The Righteous Side Of Hell,Five-Finger-Death-Punch,https://i.scdn.co/image/ab67616d0000b27388e1da22d7c19fe229857680,https://open.spotify.com/album/2a2UTZzvy4AA68SdiF6hw8,metal/The-Wrong-Side-Of-Heaven-&-The-Righteous-Side-Of-Hell-Five-Finger-Death-Punch.jpg
The Undertaker,Accept,https://i.scdn.co/image/ab67616d0000b2733bb331ad475c2c074a24cc39,https://open.spotify.com/album/2Ik9ocKBxRseYSLsd6FAId,metal/The-Undertaker-Accept.jpg
Beast of Gévaudan,Powerwolf,https://i.scdn.co/image/ab67616d0000b273e0c2d5b7d5842299671c7320,https://open.spotify.com/album/3RZyovebrHF5y395RNRR9N,metal/Beast-of-Gévaudan-Powerwolf.jpg
Warriors,Warkings,https://i.scdn.co/image/ab67616d0000b2738e90c51c0c78b2ad252fb4fd,https://open.spotify.com/album/7A6wd0u82G5vJujTVkxupk,metal/Warriors-Warkings.jpg
Down and Out,Savage-Messiah,https://i.scdn.co/image/ab67616d0000b273d1715636894d4027c585d3a7,https://open.spotify.com/album/5oJdANHLwnB7wxDuoAkTOq,metal/Down-and-Out-Savage-Messiah.jpg
Die by the Blade,Beast-In-Black,https://i.scdn.co/image/ab67616d0000b2734365a8d9113c2b6ea372654c,https://open.spotify.com/album/3cWywjglsOprND0106Mv1s,metal/Die-by-the-Blade-Beast-In-Black.jpg
Omega,Epica,https://i.scdn.co/image/ab67616d0000b2739c939252c5024c6584db122b,https://open.spotify.com/album/4Hb5cbP4Z9H9G1HavAra4q,metal/Omega-Epica.jpg
I Am Alive,Primal-Fear,https://i.scdn.co/image/ab67616d0000b27395eb99deccb1bc8ef5e13e5c,https://open.spotify.com/album/56wjvKdJl6Z6StD13Epcn8,metal/I-Am-Alive-Primal-Fear.jpg
Fear of the Fallen,Helloween,https://i.scdn.co/image/ab67616d0000b27331bf04d41a676b83e4c879e9,https://open.spotify.com/album/4FOtnQvfbsMo5kEaXQ59Kg,metal/Fear-of-the-Fallen-Helloween.jpg
Werewolves of Armenia (New Version 2020),Powerwolf,https://i.scdn.co/image/ab67616d0000b273e0f97bab2313902ab9239e2b,https://open.spotify.com/album/0pcyE5m2GWpW8CsYv0BiMk,metal/Werewolves-of-Armenia-(New-Version-2020)-Powerwolf.jpg
Slave to the Machine,Liv-Sin,https://i.scdn.co/image/ab67616d0000b273694f8b6bfbbbc85334fb4008,https://open.spotify.com/album/7CAykEzILsn3uIOGM5NRpo,metal/Slave-to-the-Machine-Liv-Sin.jpg
Armed To The Teeth,Annihilator,https://i.scdn.co/image/ab67616d0000b273713982ad06df48487ca07244,https://open.spotify.com/album/5b30EK9tx0jYfn7DP38rNn,metal/Armed-To-The-Teeth-Annihilator.jpg
Odin's Sons (feat. The Queen of the Damned),Warkings,https://i.scdn.co/image/ab67616d0000b273fe8054d889449ba97e6add73,https://open.spotify.com/album/4fRKJfYPKCNKk7wfhVxTYi,metal/Odin's-Sons-(feat.-The-Queen-of-the-Damned)-Warkings.jpg
The Gathering,Testament,https://i.scdn.co/image/ab67616d0000b273f1897a3debc7d085fcaa901c,https://open.spotify.com/album/0dYgfOuAerUldWRodoOR6J,metal/The-Gathering-Testament.jpg
Memento Mori,Lamb-of-God,https://i.scdn.co/image/ab67616d0000b27368d6aecdf7f4b2fcefc4335b,https://open.spotify.com/album/7jBx6OxyVMHSmAzLHxchIh,metal/Memento-Mori-Lamb-of-God.jpg
Too Mean to Die,Accept,https://i.scdn.co/image/ab67616d0000b2733a2a931c2fe28e89a7169cc7,https://open.spotify.com/album/1Ua7bczSzWunvSHJQ44tQD,metal/Too-Mean-to-Die-Accept.jpg
Livgardet,Sabaton,https://i.scdn.co/image/ab67616d0000b2731b791f6047c0d4b3c449f0a9,https://open.spotify.com/album/6hCHXXz9yhMyKRo5HJ8P0U,metal/Livgardet-Sabaton.jpg
Metal Division,Mystic-Prophecy,https://i.scdn.co/image/ab67616d0000b2734ef0fdee4fb2d6e6f1d5ac32,https://open.spotify.com/album/0cVq9qXjU2QnlocsDrHrRr,metal/Metal-Division-Mystic-Prophecy.jpg
Masters of War,Amon-Amarth,https://i.scdn.co/image/ab67616d0000b27349577baa6d847f685fc4262a,https://open.spotify.com/album/0w8qn4MsyCw0d8i98QiZTh,metal/Masters-of-War-Amon-Amarth.jpg
The Fairies Dance,Tungsten,https://i.scdn.co/image/ab67616d0000b2738e3f5ac2c30fadf5e184041b,https://open.spotify.com/album/1sdcE2Sl6vbPR3mkHNOalB,metal/The-Fairies-Dance-Tungsten.jpg
Diabolic,Demons-&-Wizards,https://i.scdn.co/image/ab67616d0000b273eac3203b6e94d8dbae3271bc,https://open.spotify.com/album/0n3kyg04BzlX1kvoIh0Y2n,metal/Diabolic-Demons-&-Wizards.jpg
Reinventing the Steel - 20th Anniversary Deluxe Edition,Pantera,https://i.scdn.co/image/ab67616d0000b27362742293cb15ec85e9144585,https://open.spotify.com/album/2nhNrmeayyt111lqj6Om4L,metal/Reinventing-the-Steel---20th-Anniversary-Deluxe-Edition-Pantera.jpg
Forged in Metal,Manimal,https://i.scdn.co/image/ab67616d0000b273497a65e38d90ed03486d8e5b,https://open.spotify.com/album/6k1HronIE7vIrxWoLccq93,metal/Forged-in-Metal-Manimal.jpg
Bloodline,Arion,https://i.scdn.co/image/ab67616d0000b273051dcf8cdbcb6903802715a7,https://open.spotify.com/album/4tt6KdVt97D0xhbIPUeB4l,metal/Bloodline-Arion.jpg
Ire,Parkway-Drive,https://i.scdn.co/image/ab67616d0000b2734ee2e3b325d7ba12edd81b1f,https://open.spotify.com/album/7712cWOELt2oQyxrlFWY8D,metal/Ire-Parkway-Drive.jpg
Man and Machine (Anniversary Edition),U.D.O.,https://i.scdn.co/image/ab67616d0000b273d75283b3d14ce023a358d438,https://open.spotify.com/album/7i7G8arUFvjxlcWHSjoWWJ,metal/Man-and-Machine-(Anniversary-Edition)-U.D.O..jpg
Sweet True Lies,Beast-In-Black,https://i.scdn.co/image/ab67616d0000b273a13935ba1319034dba2091ff,https://open.spotify.com/album/1MdhPZSgzhLfCMtkJptQX3,metal/Sweet-True-Lies-Beast-In-Black.jpg
Dead on the Vine,Metal-Church,https://i.scdn.co/image/ab67616d0000b273956de98bf5a0d72b6679b285,https://open.spotify.com/album/2hKqORo0SRImOzkUFZ0Gt1,metal/Dead-on-the-Vine-Metal-Church.jpg
Death by Design,Diamond-Head,https://i.scdn.co/image/ab67616d0000b273a3243bf82d616d297d447a4f,https://open.spotify.com/album/4uaOVHeCyMjxq2nSKHVLV0,metal/Death-by-Design-Diamond-Head.jpg
When Sparks Ignite,Darkhaus,https://i.scdn.co/image/ab67616d0000b273e6f295291d8e447a92c40a6e,https://open.spotify.com/album/42CN8XeBps5yftXwjsWH3w,metal/When-Sparks-Ignite-Darkhaus.jpg
H.E.A.T II,H.E.A.T,https://i.scdn.co/image/ab67616d0000b2738bbb678e793fc4ccafee66d1,https://open.spotify.com/album/15sPcYoNcEXrAEKCz2No3M,metal/H.E.A.T-II-H.E.A.T.jpg
The Royal Guard,Sabaton,https://i.scdn.co/image/ab67616d0000b27377f5109af7d43dfa7e9078e0,https://open.spotify.com/album/66MqUrsicmrueRI5ESINJe,metal/The-Royal-Guard-Sabaton.jpg
Dines X Heafy,Dines-X-Heafy,https://i.scdn.co/image/ab67616d0000b2733e67a0609b2d26876e5d69e2,https://open.spotify.com/album/3MtAMN8DNP0tUQaVMiqns4,metal/Dines-X-Heafy-Dines-X-Heafy.jpg
Rise Of The Dragon Empire,Bloodbound,https://i.scdn.co/image/ab67616d0000b273bf613890981124f8b18b21b7,https://open.spotify.com/album/2EfhdHrbnVo4zt4RnoHOdr,metal/Rise-Of-The-Dragon-Empire-Bloodbound.jpg
Life's a Bitch,Accept,https://i.scdn.co/image/ab67616d0000b273742bba6660465c21ea67c840,https://open.spotify.com/album/6zlNESSvqvwfRqKsAkFHjn,metal/Life's-a-Bitch-Accept.jpg
The World Is Burning,Ember-Falls,https://i.scdn.co/image/ab67616d0000b273e5af83ba46dd9cfa3380b9a6,https://open.spotify.com/album/73MEQygFKwruE4aIxmA3Lf,metal/The-World-Is-Burning-Ember-Falls.jpg
Souleater,Iron-Savior,https://i.scdn.co/image/ab67616d0000b27350811101f6a0a21d8c896360,https://open.spotify.com/album/0odSFBZLUN9TLasYMArCU6,metal/Souleater-Iron-Savior.jpg
Hellfire Thunderbolt,KK's-Priest,https://i.scdn.co/image/ab67616d0000b273a1d2e2bc23a1540becd6b546,https://open.spotify.com/album/0uzXsHn4u4M052Ok4Vfz2u,metal/Hellfire-Thunderbolt-KK's-Priest.jpg
I Got No Friends,The-Last-Band,https://i.scdn.co/image/ab67616d0000b273708a580ab95d8ac6bb65ec16,https://open.spotify.com/album/1bAMCC1n1lPh4X9QsIW4qn,metal/I-Got-No-Friends-The-Last-Band.jpg
Prove Me Wrong,Dee-Snider,https://i.scdn.co/image/ab67616d0000b273d8b8b6847f55ed79789bc385,https://open.spotify.com/album/3ETXhmjMQ4aKFULZ4bNEB9,metal/Prove-Me-Wrong-Dee-Snider.jpg
Dominion,HammerFall,https://i.scdn.co/image/ab67616d0000b2735d6b4d606535772e4d53226b,https://open.spotify.com/album/5lqDlYKKERiLwrIkW6qyls,metal/Dominion-HammerFall.jpg
Ambush,Tygers-Of-Pan-Tang,https://i.scdn.co/image/ab67616d0000b2731ae720325f7a439bb9a549ec,https://open.spotify.com/album/4Lp11oj4GJEz5j4bXEfdZk,metal/Ambush-Tygers-Of-Pan-Tang.jpg
Reinventing The Steel - 20th Anniversary Deluxe Edition (Terry Date Mix),Pantera,https://i.scdn.co/image/ab67616d0000b273ba9b516522503d2641017464,https://open.spotify.com/album/5t6KIM8JLS1NQ46PWPrPtR,metal/Reinventing-The-Steel---20th-Anniversary-Deluxe-Edition-(Terry-Date-Mix)-Pantera.jpg
No More Hollywood Endings,Battle-Beast,https://i.scdn.co/image/ab67616d0000b273f0d55e973f83cbfe90dded16,https://open.spotify.com/album/7H4gPkbdQlDM7jRTRnsnyO,metal/No-More-Hollywood-Endings-Battle-Beast.jpg
Out of My Life,Cyhra,https://i.scdn.co/image/ab67616d0000b2737227b0d3c6a3d016e100bfc0,https://open.spotify.com/album/5O0tzLNKPr2Zw79VPf49Ep,metal/Out-of-My-Life-Cyhra.jpg
Eye to Eye,Mystic-Prophecy,https://i.scdn.co/image/ab67616d0000b273d194a4149f845647df864d0b,https://open.spotify.com/album/1qzFtzzRawXfGTKHCgaCBG,metal/Eye-to-Eye-Mystic-Prophecy.jpg
Uranus (feat. Michael Starr),NanowaR-of-Steel,https://i.scdn.co/image/ab67616d0000b273ef48641573925d67f5148e92,https://open.spotify.com/album/5KquqpCt18zTEVgakTfLYz,metal/Uranus-(feat.-Michael-Starr)-NanowaR-of-Steel.jpg
Berserker,Amon-Amarth,https://i.scdn.co/image/ab67616d0000b273e70aac569b94abd971112f1b,https://open.spotify.com/album/0svoIboyRzqgRpvBDbJtUE,metal/Berserker-Amon-Amarth.jpg
Gunfire,Axel-Rudi-Pell,https://i.scdn.co/image/ab67616d0000b27314f521c8e16988690026457f,https://open.spotify.com/album/4OIbjD6PkHuR2kwIkl6Bsk,metal/Gunfire-Axel-Rudi-Pell.jpg
Far from the Sanctuary,Metalite,https://i.scdn.co/image/ab67616d0000b27344278cfe575bf9aeaa63d49e,https://open.spotify.com/album/6AyVramQtU4y5r3s5R3Org,metal/Far-from-the-Sanctuary-Metalite.jpg
Kill The Pain,Night-Demon,https://i.scdn.co/image/ab67616d0000b273915ef0affda04bcfecb570b9,https://open.spotify.com/album/6MCmWU6Q5xheH4ARXbtJfs,metal/Kill-The-Pain-Night-Demon.jpg
We Are One,U.D.O.,https://i.scdn.co/image/ab67616d0000b27371276ca3f043484cce6eade5,https://open.spotify.com/album/6nDAJj7PlcJ5kscFuU4pr5,metal/We-Are-One-U.D.O..jpg
Conductor (Redux),Metal-Church,https://i.scdn.co/image/ab67616d0000b2738fb303b4983e6bdfa94b7a04,https://open.spotify.com/album/0jaLIvRyOlq3dddmylT8rb,metal/Conductor-(Redux)-Metal-Church.jpg
Sneeztem of a Yawn,NanowaR-of-Steel,https://i.scdn.co/image/ab67616d0000b2736dd8ae5aeb10279856edbed7,https://open.spotify.com/album/77YkXkNlGVl7KAamWvgcQW,metal/Sneeztem-of-a-Yawn-NanowaR-of-Steel.jpg
Magica,Dio,https://i.scdn.co/image/ab67616d0000b27394c706bf0fed72d89ad0226b,https://open.spotify.com/album/2E457EiUG9l2rD1EaWcRM4,metal/Magica-Dio.jpg
Hephaistos,Warkings,https://i.scdn.co/image/ab67616d0000b273f4c18ec5ae8009ff4a3e57ad,https://open.spotify.com/album/0DIvSc4l7bbgBlpi479nQI,metal/Hephaistos-Warkings.jpg
Waterfall,Dynazty,https://i.scdn.co/image/ab67616d0000b2735336b25feea29ddb292bf0d6,https://open.spotify.com/album/6uJesMZ71FKsNbP3cXfFKJ,metal/Waterfall-Dynazty.jpg
Falconer,Falconer,https://i.scdn.co/image/ab67616d0000b273c15f2c3144e86069239d51f5,https://open.spotify.com/album/4j3Pe9H1HCpbunI1XdQWro,metal/Falconer-Falconer.jpg
Straight out of Hell (Remastered 2020),Helloween,https://i.scdn.co/image/ab67616d0000b273ea9959c63fba652eb4be5543,https://open.spotify.com/album/7BD7l7lYzQzoMBLCXDVYHe,metal/Straight-out-of-Hell-(Remastered-2020)-Helloween.jpg
Jenseits der Welt,Unzucht,https://i.scdn.co/image/ab67616d0000b27325b20acf3733641370197a4d,https://open.spotify.com/album/5oVBjXFAwdU5WUiu3Rwo6S,metal/Jenseits-der-Welt-Unzucht.jpg
Face of a Stranger,Dirkschneider-&-The-Old-Gang,https://i.scdn.co/image/ab67616d0000b2734cd04cd376573e97bfce429e,https://open.spotify.com/album/2dCDKEr7baSxy6M8ougCDx,metal/Face-of-a-Stranger-Dirkschneider-&-The-Old-Gang.jpg
Bring It On,Memoremains,https://i.scdn.co/image/ab67616d0000b273054fb8801ddd5425b846e243,https://open.spotify.com/album/5ORHVTkHbZgXHVpOFQS7z8,metal/Bring-It-On-Memoremains.jpg
Straight to Hell,Ozzy-Osbourne,https://i.scdn.co/image/ab67616d0000b2738d7332ab7e9fb27288a4733c,https://open.spotify.com/album/621f68tD6k8azl9FuQgxJT,metal/Straight-to-Hell-Ozzy-Osbourne.jpg
Dance with the Devil,Burning-Witches,https://i.scdn.co/image/ab67616d0000b2733c4814710adae3dc1f9501a2,https://open.spotify.com/album/0prKZd93okYXYYIxrYTtzQ,metal/Dance-with-the-Devil-Burning-Witches.jpg
I Gotta Rock (again),Dee-Snider,https://i.scdn.co/image/ab67616d0000b2735fc58130f45a79b2a4e54be8,https://open.spotify.com/album/2KSjL86rES34UH0Hkesz7n,metal/I-Gotta-Rock-(again)-Dee-Snider.jpg
Into The Storm,Gojira,https://i.scdn.co/image/ab67616d0000b27323cfe7bce4acab8e454f6883,https://open.spotify.com/album/7GcDYQFIVJ6W3IkzIfFiia,metal/Into-The-Storm-Gojira.jpg
Jinnslammer,Ignea,https://i.scdn.co/image/ab67616d0000b27383e8ca8fb6f7ffafecd1c491,https://open.spotify.com/album/6W3LQ5tl5c3srkHOjfG7N9,metal/Jinnslammer-Ignea.jpg
Tempo of the Damned,Exodus,https://i.scdn.co/image/ab67616d0000b273378c4ee63d4511e43d0398b8,https://open.spotify.com/album/3sNPwtcV7Xv9CixCk0PpqP,metal/Tempo-of-the-Damned-Exodus.jpg
Fall to Ascend,Sons-Of-Apollo,https://i.scdn.co/image/ab67616d0000b27336f9a19e49f6a241890b45c9,https://open.spotify.com/album/4mQXlEaXmCJ7o3Tlyv644R,metal/Fall-to-Ascend-Sons-Of-Apollo.jpg
Drilled to Kill,Michael-Schenker-Group,https://i.scdn.co/image/ab67616d0000b27344dafab198ad48808b3b1df2,https://open.spotify.com/album/4jRqlkUhnjE7Dr9aVNXfMg,metal/Drilled-to-Kill-Michael-Schenker-Group.jpg
Firewind,Firewind,https://i.scdn.co/image/ab67616d0000b273d625c3b1b58cb58b84a8ea8c,https://open.spotify.com/album/0eABZjNzoxwU6UVDyPzg3y,metal/Firewind-Firewind.jpg
Lightning,British-Lion,https://i.scdn.co/image/ab67616d0000b2733f9d7f729ebd64c5e7a635e2,https://open.spotify.com/album/4VVnWvGhgOoLhlMnEiktnw,metal/Lightning-British-Lion.jpg
Ride on the Wild Side,Running-Wild,https://i.scdn.co/image/ab67616d0000b2730cc619ec631e67ec4559f38a,https://open.spotify.com/album/4WcHMesMqQUZGiTI2IKltc,metal/Ride-on-the-Wild-Side-Running-Wild.jpg
Wings of Steel,Burning-Witches,https://i.scdn.co/image/ab67616d0000b2736ee372b9f49262d913dce15c,https://open.spotify.com/album/5X16ADkFIiyA3cJsQbMXAy,metal/Wings-of-Steel-Burning-Witches.jpg
Tomorrow's No Concern,Dee-Snider,https://i.scdn.co/image/ab67616d0000b27355f13ebc55185bd1a5f8868f,https://open.spotify.com/album/3fSFfYaGtMMhNDGHTiVyJX,metal/Tomorrow's-No-Concern-Dee-Snider.jpg
Reverence,Parkway-Drive,https://i.scdn.co/image/ab67616d0000b27396b4163add6c85325f8961fd,https://open.spotify.com/album/46hNwndF4Tm6D1cGr0G5zL,metal/Reverence-Parkway-Drive.jpg
Force Majeure,Gus-G.,https://i.scdn.co/image/ab67616d0000b27399134697b93ff30e8569d5dc,https://open.spotify.com/album/5eTz3POhcf7hVr2kh47dP0,metal/Force-Majeure-Gus-G..jpg
Demons Are A Girl's Best Friend,Powerwolf,https://i.scdn.co/image/ab67616d0000b2736b8385ae0c9ceffa3c8e8b23,https://open.spotify.com/album/3KOXlAYb8ESt7oHM9mUK9R,metal/Demons-Are-A-Girl's-Best-Friend-Powerwolf.jpg
Abyss,Unleash-The-Archers,https://i.scdn.co/image/ab67616d0000b273338d49995699b644372426ff,https://open.spotify.com/album/7FgdN0xNj5EfXUo0falBTN,metal/Abyss-Unleash-The-Archers.jpg
Enlightened In Eternity,Spirit-Adrift,https://i.scdn.co/image/ab67616d0000b2737754b5b6f13f7d513a60ceda,https://open.spotify.com/album/2PRYdPB2jz4mC7rmIU4E1M,metal/Enlightened-In-Eternity-Spirit-Adrift.jpg
"Keeper of the Seven Keys, Pt. II (Expanded Edition)",Helloween,https://i.scdn.co/image/ab67616d0000b2733ab4dc4b31ad6870b455ac80,https://open.spotify.com/album/0C00ibrtAGw59osJUg5qOO,"metal/Keeper-of-the-Seven-Keys,-Pt.-II-(Expanded-Edition)-Helloween.jpg"
Heart Demolition,DragonForce,https://i.scdn.co/image/ab67616d0000b273d5ff0fab82d0da2d70b3dab2,https://open.spotify.com/album/4wTUr0wtgvUdMrlQGs1Usi,metal/Heart-Demolition-DragonForce.jpg
Heroes,Sabaton,https://i.scdn.co/image/ab67616d0000b273735eecca68d3bb03e2e35a75,https://open.spotify.com/album/5TdhTTvwtD0ekZBYve97r7,metal/Heroes-Sabaton.jpg
The Hammer of Witches,Sorcerer,https://i.scdn.co/image/ab67616d0000b273d381eeb4cdf615f05cb7ea82,https://open.spotify.com/album/5yNMvmRUiuKnvzA16MuRNA,metal/The-Hammer-of-Witches-Sorcerer.jpg
I Will Be Gone,Primal-Fear,https://i.scdn.co/image/ab67616d0000b2739a23b5368352ca74ecc1f96f,https://open.spotify.com/album/3hGFrVDa7GSUMkJ5KaNlml,metal/I-Will-Be-Gone-Primal-Fear.jpg
Cloud Connected,Metalite,https://i.scdn.co/image/ab67616d0000b273479c472c25c0e94d5a5b5cb9,https://open.spotify.com/album/2Jh3N37zJQBE4TrDP3T0KE,metal/Cloud-Connected-Metalite.jpg
Tunes Of War (Remastered 2006),Grave-Digger,https://i.scdn.co/image/ab67616d0000b2735d5ef12b8c86299ec4e16f7c,https://open.spotify.com/album/4ZNfzHslrjITU8iqfzCAL8,metal/Tunes-Of-War-(Remastered-2006)-Grave-Digger.jpg
Maximus,Warkings,https://i.scdn.co/image/ab67616d0000b273c8c055941263167d80e57b8e,https://open.spotify.com/album/4FGuBSsKGaTw0MV7qBeq16,metal/Maximus-Warkings.jpg
(We Make) Sweden Rock,HammerFall,https://i.scdn.co/image/ab67616d0000b273521cc4c62018cd0441777fe4,https://open.spotify.com/album/1k8eg8tVFM6NBEdeGTUopG,metal/(We-Make)-Sweden-Rock-HammerFall.jpg
We Will Rise,Tungsten,https://i.scdn.co/image/ab67616d0000b273e21615e8de4d69ed47f67ed8,https://open.spotify.com/album/0M79v9JpirSe4epQpkL5xC,metal/We-Will-Rise-Tungsten.jpg
Monarch,Soen,https://i.scdn.co/image/ab67616d0000b273045aedc4c1674717df7b6c95,https://open.spotify.com/album/5wd6XULvXyHvuxFq2wO3vY,metal/Monarch-Soen.jpg
Astorolus - the Great Octopus,Candlemass,https://i.scdn.co/image/ab67616d0000b2736e66b96a135c2e4d12333d18,https://open.spotify.com/album/4XrIy3GrY9wdXMgiBEmj37,metal/Astorolus---the-Great-Octopus-Candlemass.jpg
The Landing,Iron-Savior,https://i.scdn.co/image/ab67616d0000b27396cd0b3287f32ec509c46fed,https://open.spotify.com/album/2UhgoMIFgbaiLHuiB0qjHU,metal/The-Landing-Iron-Savior.jpg
Shake the Baby Silent,Lordi,https://i.scdn.co/image/ab67616d0000b273046b9710848b8d9020774e36,https://open.spotify.com/album/3ntLL9A4xGVTqxj0oMPrQo,metal/Shake-the-Baby-Silent-Lordi.jpg
The Book of Heavy Metal,Dream-Evil,https://i.scdn.co/image/ab67616d0000b2735e63fac5984dc516623ed0bc,https://open.spotify.com/album/6ZWMfxSgjm7dlS6jbypNDW,metal/The-Book-of-Heavy-Metal-Dream-Evil.jpg
It’s Electric,Diamond-Head,https://i.scdn.co/image/ab67616d0000b2738f5b795c2b11dd4f107aa150,https://open.spotify.com/album/1OkYZGeYAH4wbHRcTrkQrS,metal/It’s-Electric-Diamond-Head.jpg
Saturday Night (Hallelujah),Eclipse,https://i.scdn.co/image/ab67616d0000b273a4e10845ef5592392fc7c5bb,https://open.spotify.com/album/12oWtJ1bV116awAv3DRWMK,metal/Saturday-Night-(Hallelujah)-Eclipse.jpg
"The Earth, the Moon, the Sun",Diviner,https://i.scdn.co/image/ab67616d0000b2733e31b719e7f59413aacff791,https://open.spotify.com/album/7C7G9aCcYI3GLqOZP1YnNy,"metal/The-Earth,-the-Moon,-the-Sun-Diviner.jpg"
The Day The World Stood Still,The-Raven-Age,https://i.scdn.co/image/ab67616d0000b273d1d529ddbe18351ad4b12a35,https://open.spotify.com/album/6o0LeUB677iN5E2hmcLRJN,metal/The-Day-The-World-Stood-Still-The-Raven-Age.jpg
Gods of War,Dragony,https://i.scdn.co/image/ab67616d0000b2739e69d01372a5b1f4005237fe,https://open.spotify.com/album/6txOvleyXD8QkecGiWl0Tz,metal/Gods-of-War-Dragony.jpg
Creatures Of The Dark Realm (Japan Edition),Bloodbound,https://i.scdn.co/image/ab67616d0000b273490f910bc49658d43b34a720,https://open.spotify.com/album/1yETM7Cx0FFPiDAAcSOeAQ,metal/Creatures-Of-The-Dark-Realm-(Japan-Edition)-Bloodbound.jpg
Bringer of Pain,Battle-Beast,https://i.scdn.co/image/ab67616d0000b27306cab96db6ba501e585a31a0,https://open.spotify.com/album/5MdrTymhBb1Zt5LJHGlDL9,metal/Bringer-of-Pain-Battle-Beast.jpg
Love is Gonna Get You Killed,Axxis,https://i.scdn.co/image/ab67616d0000b273844b49470b2bf860b154f814,https://open.spotify.com/album/2eKvO8SeApDc4id1XahaiC,metal/Love-is-Gonna-Get-You-Killed-Axxis.jpg
Ready For A War EP,Surrender-The-Crown,https://i.scdn.co/image/ab67616d0000b273f5f6e41eb776c3d6f65e233e,https://open.spotify.com/album/14DNHX332nSwQFg2hyCPBQ,metal/Ready-For-A-War-EP-Surrender-The-Crown.jpg
Hellbreaker,Motorjesus,https://i.scdn.co/image/ab67616d0000b273e1d08f959d2570d1bef2c2a8,https://open.spotify.com/album/4tN4z7UnYMD8ENTHX0z9ZW,metal/Hellbreaker-Motorjesus.jpg
Kill Or Get Killed,Iron-Savior,https://i.scdn.co/image/ab67616d0000b2732978a0a2be643b4eae0ce24e,https://open.spotify.com/album/6pFMMYR5B72Jx3vy5qyLy1,metal/Kill-Or-Get-Killed-Iron-Savior.jpg
Higher,NorthTale,https://i.scdn.co/image/ab67616d0000b273c9ba24f0bcce1f583987fdce,https://open.spotify.com/album/3pp9yIzgFspykfMxcUhf54,metal/Higher-NorthTale.jpg
Masquerade of Madness,King-Diamond,https://i.scdn.co/image/ab67616d0000b273fbb6ce785633673c07e7b8c8,https://open.spotify.com/album/503TX3VuEPx0zSrKz0ZmNc,metal/Masquerade-of-Madness-King-Diamond.jpg
Punish You,Arion,https://i.scdn.co/image/ab67616d0000b2734a8d3d705ddbb2c4b1ab865c,https://open.spotify.com/album/0LSHUY7MYlV7NKCs8rPD9V,metal/Punish-You-Arion.jpg
Steelfactory,U.D.O.,https://i.scdn.co/image/ab67616d0000b27376ecb142e264cc05c4ea7976,https://open.spotify.com/album/5wQcC9Wbwalmy7fz7IekQP,metal/Steelfactory-U.D.O..jpg
I am The Hurricane,Dee-Snider,https://i.scdn.co/image/ab67616d0000b2733103115c7232ff3d9bd185a4,https://open.spotify.com/album/20Lz3v4KhOVUjvt8vmbtzs,metal/I-am-The-Hurricane-Dee-Snider.jpg
Shed My Skin,Within-Temptation,https://i.scdn.co/image/ab67616d0000b273bc90d967468d65371442d250,https://open.spotify.com/album/5wQ5wKjbpHrjAITDl3LIVA,metal/Shed-My-Skin-Within-Temptation.jpg
Knives,Bullet-For-My-Valentine,https://i.scdn.co/image/ab67616d0000b2735f49c9678ab00c21dc6d1bfa,https://open.spotify.com/album/46fenR6yH4MASF1fkHgcWq,metal/Knives-Bullet-For-My-Valentine.jpg
Collapsing,Dead-by-April,https://i.scdn.co/image/ab67616d0000b273680b0c9269c135e6227e2ec5,https://open.spotify.com/album/7mZxB3QLLTT0TP1UpKnRN9,metal/Collapsing-Dead-by-April.jpg
Aggression Continuum,Fear-Factory,https://i.scdn.co/image/ab67616d0000b2731df43fb97b76d1fe58b10df7,https://open.spotify.com/album/3y1dh8gI1uNvdOI4gI0jxK,metal/Aggression-Continuum-Fear-Factory.jpg
A World on Fire,The-L.I.F.E.-Project,https://i.scdn.co/image/ab67616d0000b273c4844794b1068e20e02c4e6d,https://open.spotify.com/album/2SWpu5Gu0RZUxCY8clCIW3,metal/A-World-on-Fire-The-L.I.F.E.-Project.jpg
Crimson Skies,Black-Veil-Brides,https://i.scdn.co/image/ab67616d0000b273d8099ec897d478014a8cf507,https://open.spotify.com/album/0SsMZzgebkTGO5mduRB7ji,metal/Crimson-Skies-Black-Veil-Brides.jpg
Contraband (feat. Courtney LaPlante),Make-Them-Suffer,https://i.scdn.co/image/ab67616d0000b2737cb4834f06717771d56051be,https://open.spotify.com/album/0qlgSj9XuoYqRc40HAmE3d,metal/Contraband-(feat.-Courtney-LaPlante)-Make-Them-Suffer.jpg
Kill The Pain,Orchards,https://i.scdn.co/image/ab67616d0000b273eb5bc675416f741d6f328c9b,https://open.spotify.com/album/5SW5uZ05o1ryXJzhVfFqkg,metal/Kill-The-Pain-Orchards.jpg
Ich hasse Kinder,Till-Lindemann,https://i.scdn.co/image/ab67616d0000b2734eaa6b95827dced309afbe04,https://open.spotify.com/album/3xYrUZj3xg5dvMrZvqoyKW,metal/Ich-hasse-Kinder-Till-Lindemann.jpg
Blood & Water,Memphis-May-Fire,https://i.scdn.co/image/ab67616d0000b27333bc7b7ef04820ce9e518af4,https://open.spotify.com/album/04AnLeNIV9gBaAqgPIJv9N,metal/Blood-&-Water-Memphis-May-Fire.jpg
Below,Beartooth,https://i.scdn.co/image/ab67616d0000b27335e1ba1b6d84673e306b3e89,https://open.spotify.com/album/5AQKqldLehNX6p4rxFFwAz,metal/Below-Beartooth.jpg
Indestructible,Solence,https://i.scdn.co/image/ab67616d0000b27365283745d504357aadc13c48,https://open.spotify.com/album/7Cs1UNk3IVQeCHjNXkSeJQ,metal/Indestructible-Solence.jpg
Arrows In Words From The Sky,Machine-Head,https://i.scdn.co/image/ab67616d0000b2738b24c6e49f3196725b57558b,https://open.spotify.com/album/3161fhMWzGaExi9Dky5MlX,metal/Arrows-In-Words-From-The-Sky-Machine-Head.jpg
Dancing with the Dead,Powerwolf,https://i.scdn.co/image/ab67616d0000b273a29b70fa8dd14376b3df0f16,https://open.spotify.com/album/5mAAQ7KTPsJrny2toIFtn8,metal/Dancing-with-the-Dead-Powerwolf.jpg
Medusa,Times-Of-Grace,https://i.scdn.co/image/ab67616d0000b2739bae20c50c9a4524bfdf6c61,https://open.spotify.com/album/6CNqMl2G9j4Cbg9nqJvtbk,metal/Medusa-Times-Of-Grace.jpg
Scandinavian Aftermath,dEMOTIONAL,https://i.scdn.co/image/ab67616d0000b2732c30cd27aafbb488b52b5779,https://open.spotify.com/album/02ckr5ir6P08lwdV2zdcBl,metal/Scandinavian-Aftermath-dEMOTIONAL.jpg
Bulletproof,Ovtlier,https://i.scdn.co/image/ab67616d0000b2735f7b4e4b0599095314fd2bbc,https://open.spotify.com/album/3fdAcGx7rDtyxRmuLAqYgJ,metal/Bulletproof-Ovtlier.jpg
You Will Be the Death of Me,Light-The-Torch,https://i.scdn.co/image/ab67616d0000b273e7bdb09c822252c93e3f9a57,https://open.spotify.com/album/3wB6kgbmfIEQQz7VOzuFpO,metal/You-Will-Be-the-Death-of-Me-Light-The-Torch.jpg
Baptize,Atreyu,https://i.scdn.co/image/ab67616d0000b273d0a22b11af5e904ace3adbc5,https://open.spotify.com/album/7gSn76j4IpgrhL9r7mNlTL,metal/Baptize-Atreyu.jpg
LOUD,Sullivan-King,https://i.scdn.co/image/ab67616d0000b2733f64eb6073468adf4b09a3ec,https://open.spotify.com/album/45soPQg7CQgBOWHgTBvIFf,metal/LOUD-Sullivan-King.jpg
Dark Side,Blind-Channel,https://i.scdn.co/image/ab67616d0000b2732a90342fc4326d62a06d92db,https://open.spotify.com/album/6Lzb7EjZXgtelxgBsZUhMS,metal/Dark-Side-Blind-Channel.jpg
Hyperactive,One-Morning-Left,https://i.scdn.co/image/ab67616d0000b27351eeafc4015d1c7f4a3c23d7,https://open.spotify.com/album/0CPNe4YaLziYNNuKMAOiyZ,metal/Hyperactive-One-Morning-Left.jpg
Don't You Feel Amazing?,Trash-Boat,https://i.scdn.co/image/ab67616d0000b2735639e26e7faa3336257240f4,https://open.spotify.com/album/5fzm0EmXjDTEOQv6GjGg7v,metal/Don't-You-Feel-Amazing?-Trash-Boat.jpg
Matter Of Time,Fight-The-Fade,https://i.scdn.co/image/ab67616d0000b27365935f946c9acadab3525b0c,https://open.spotify.com/album/2TuYShywQwSIJt5htfRqH2,metal/Matter-Of-Time-Fight-The-Fade.jpg
Hyperdialect,Hacktivist,https://i.scdn.co/image/ab67616d0000b2730a2f78cde5502dd64bdebc5f,https://open.spotify.com/album/6fbpfUEDmxy1nfubzY95V0,metal/Hyperdialect-Hacktivist.jpg
All or Nothing (feat. Sonny Sandoval of P.O.D.),Ill-Niño,https://i.scdn.co/image/ab67616d0000b2734bfc1b3dff609590e305c478,https://open.spotify.com/album/1t3b5IAZwvWbi3solpTr44,metal/All-or-Nothing-(feat.-Sonny-Sandoval-of-P.O.D.)-Ill-Niño.jpg
FU2 (feat. AJ Channer of Fire From The Gods),Hyro-The-Hero,https://i.scdn.co/image/ab67616d0000b27315100b578484f971fa46ffdd,https://open.spotify.com/album/3pSmwSKb6XLN4WtYI5knKB,metal/FU2-(feat.-AJ-Channer-of-Fire-From-The-Gods)-Hyro-The-Hero.jpg
Vortex,Jinjer,https://i.scdn.co/image/ab67616d0000b2735552973babf1c3410cd0f184,https://open.spotify.com/album/1s1ll0zKsvf84v44oeBmNy,metal/Vortex-Jinjer.jpg
COLD BLOODED,Our-Last-Night,https://i.scdn.co/image/ab67616d0000b273ccffb81b6a56456983caa07e,https://open.spotify.com/album/5XqC4fztj9XUhWEruZmFq1,metal/COLD-BLOODED-Our-Last-Night.jpg
Negative Noise,Tetrarch,https://i.scdn.co/image/ab67616d0000b2735afeefd6641c9fed3a4e7fd8,https://open.spotify.com/album/5KaMjiFEjt7dIk68gpK2Pk,metal/Negative-Noise-Tetrarch.jpg
Right Here Waiting (feat. Richard Marx),Matthew-K.-Heafy,https://i.scdn.co/image/ab67616d0000b2732bcb25b21909c34516b3cbf3,https://open.spotify.com/album/1B4BDjYAVXwO42BbKI1CrB,metal/Right-Here-Waiting-(feat.-Richard-Marx)-Matthew-K.-Heafy.jpg
The Only Ones,Caskets,https://i.scdn.co/image/ab67616d0000b273735d57e5862b8a3241f4f7c6,https://open.spotify.com/album/57WzmyRWCcmcPPK9UNZxjy,metal/The-Only-Ones-Caskets.jpg
Stressed Out,Downswing,https://i.scdn.co/image/ab67616d0000b273a6b71d1c0e86f5641b86ea2b,https://open.spotify.com/album/6i6gFhFDIS7Bj2zRgqz3vW,metal/Stressed-Out-Downswing.jpg
My Generation,Onlap,https://i.scdn.co/image/ab67616d0000b27379e50b8484a0ba50fe709f11,https://open.spotify.com/album/69qgt8XRl3r9s6TaJ74LCa,metal/My-Generation-Onlap.jpg
Burn in the Flood,"Our-Hollow,-Our-Home",https://i.scdn.co/image/ab67616d0000b273b1347add894bd191f5bf7dea,https://open.spotify.com/album/6PpoMPWBANTdMIoyX6eQx6,"metal/Burn-in-the-Flood-Our-Hollow,-Our-Home.jpg"
Witness,VOLA,https://i.scdn.co/image/ab67616d0000b273d36b28372ff3a8b52e399ed3,https://open.spotify.com/album/30RmzbD5a5hqRPgyzBq7La,metal/Witness-VOLA.jpg
Mask,Sepultura,https://i.scdn.co/image/ab67616d0000b27364f62e15f1c535a356f1fe2c,https://open.spotify.com/album/4lNflIma2yBRAv5FFtjcoR,metal/Mask-Sepultura.jpg
SLEEPS SOCIETY,While-She-Sleeps,https://i.scdn.co/image/ab67616d0000b27333c772eed844369e33093dae,https://open.spotify.com/album/0wotrj0XrHFh7x2FVvsuA1,metal/SLEEPS-SOCIETY-While-She-Sleeps.jpg
Music (Edit),Nightwish,https://i.scdn.co/image/ab67616d0000b273a18513f08cf61d6c779891b1,https://open.spotify.com/album/74yf9InZ3uUBOLYKpIrk93,metal/Music-(Edit)-Nightwish.jpg
Manchester Super Reds No.1 Fan,DON-BROCO,https://i.scdn.co/image/ab67616d0000b2732258c5ae1f704bd2f3e758ee,https://open.spotify.com/album/3isrwzU5n4SVNvw5n0HPzw,metal/Manchester-Super-Reds-No.1-Fan-DON-BROCO.jpg
Nightfall,The-Devil-Wears-Prada,https://i.scdn.co/image/ab67616d0000b273ddb9b8f2a931a0bab8f44230,https://open.spotify.com/album/6c7U2YXjHUA6W2iljglTaq,metal/Nightfall-The-Devil-Wears-Prada.jpg
Unbreakable,Kingdom-Collapse,https://i.scdn.co/image/ab67616d0000b2737e11485db5ebb078e20ecc67,https://open.spotify.com/album/2S2fJjhwJknUU0GoBLMrmb,metal/Unbreakable-Kingdom-Collapse.jpg
Forged By Neron,Mastodon,https://i.scdn.co/image/ab67616d0000b27381cd9badfbfc7847f82a6b8c,https://open.spotify.com/album/4jdNvSi7ujZEW8KQ3gk1iD,metal/Forged-By-Neron-Mastodon.jpg
Leveler: 10th Anniversary Edition,August-Burns-Red,https://i.scdn.co/image/ab67616d0000b273bef538c4cfd4c05d4326cd47,https://open.spotify.com/album/6q5D3ge2Dtf9RNMyXOr90V,metal/Leveler:-10th-Anniversary-Edition-August-Burns-Red.jpg
The Fall into Time,At-The-Gates,https://i.scdn.co/image/ab67616d0000b273caea34226aea32b8e12f77d5,https://open.spotify.com/album/6N4k7vlPBJOuL0pC7FfVSq,metal/The-Fall-into-Time-At-The-Gates.jpg
Lost in Echoes,Caskets,https://i.scdn.co/image/ab67616d0000b273c88fc579b0abd410851619c3,https://open.spotify.com/album/0ulqOTuPwEwrAKmrUoJDhz,metal/Lost-in-Echoes-Caskets.jpg
Sane,Fozzy,https://i.scdn.co/image/ab67616d0000b27383f70678e022d43267676ab5,https://open.spotify.com/album/63TT4OsgibdCVUVCTdCg0W,metal/Sane-Fozzy.jpg
Life Imitates Art,Bad-Love,https://i.scdn.co/image/ab67616d0000b2733149f4200bb8dc2bb441198e,https://open.spotify.com/album/4LEDh8seNo8YRhecjcWVPN,metal/Life-Imitates-Art-Bad-Love.jpg
Rather Be Lonely,Siamese,https://i.scdn.co/image/ab67616d0000b27364eecd66cb586c243e3c5514,https://open.spotify.com/album/7r43Dagxm8DLxCwaGs5q2i,metal/Rather-Be-Lonely-Siamese.jpg
Cost of Lies,Outrun-the-Fall,https://i.scdn.co/image/ab67616d0000b27344c45d9e4dcd4c0405b6f3fe,https://open.spotify.com/album/6wzjwgS8f7irNCVertFn1P,metal/Cost-of-Lies-Outrun-the-Fall.jpg
Into The Void,Celldweller,https://i.scdn.co/image/ab67616d0000b273060dd334ede1cfd6877e4aaa,https://open.spotify.com/album/4NJtkDQbFepS3gzXRNCTwL,metal/Into-The-Void-Celldweller.jpg
Lamb of God (Deluxe Version),Lamb-of-God,https://i.scdn.co/image/ab67616d0000b27331d4d66c7b847fe1c80be275,https://open.spotify.com/album/13oFnEbK6yXLZBLm1rMqzE,metal/Lamb-of-God-(Deluxe-Version)-Lamb-of-God.jpg
Part Of Me,Afterlife,https://i.scdn.co/image/ab67616d0000b273e32e46045eedde3d03955de7,https://open.spotify.com/album/3usPdBLqiWWEr2ltwJ1Kc6,metal/Part-Of-Me-Afterlife.jpg
Overdrive,Breathe-Atlantis,https://i.scdn.co/image/ab67616d0000b27336302cc6490104c677be3ad6,https://open.spotify.com/album/3ZLzQDRnDzAxRsSpugfIhX,metal/Overdrive-Breathe-Atlantis.jpg
Within Each Lies the Other,As-Everything-Unfolds,https://i.scdn.co/image/ab67616d0000b2734d2a8404ce3c21a5728cc5a5,https://open.spotify.com/album/6isj0Hqo95H2vYzkEEoWvO,metal/Within-Each-Lies-the-Other-As-Everything-Unfolds.jpg
Unsainted,Slipknot,https://i.scdn.co/image/ab67616d0000b27319018a2d261a6e4c262ca1ba,https://open.spotify.com/album/6OmUwiZBss5csDAD3IAhdD,metal/Unsainted-Slipknot.jpg
TRAUMA,I-Prevail,https://i.scdn.co/image/ab67616d0000b27324261dc1d55e438883664bfd,https://open.spotify.com/album/2QRU8jGOJHDMrCTPKIHVik,metal/TRAUMA-I-Prevail.jpg
What The Dead Men Say,Trivium,https://i.scdn.co/image/ab67616d0000b273f11a218563f0edfa7940fc94,https://open.spotify.com/album/0aXIJYbWk4u41iJmoJmp8y,metal/What-The-Dead-Men-Say-Trivium.jpg
No Absolution,Lost-Society,https://i.scdn.co/image/ab67616d0000b27365783e0765a9205535bdc623,https://open.spotify.com/album/5KxFFFGTWgff5YGl6EfOsN,metal/No-Absolution-Lost-Society.jpg
Taste of Regret,Of-Mice-&-Men,https://i.scdn.co/image/ab67616d0000b273411dfe3190993ef0e6ab6e89,https://open.spotify.com/album/0rRovslVT0e3rekVYsOMfo,metal/Taste-of-Regret-Of-Mice-&-Men.jpg
My Own Grave,As-I-Lay-Dying,https://i.scdn.co/image/ab67616d0000b273ab876e767fcb1cace4048db4,https://open.spotify.com/album/4zSeVXasb7coGxo7ymD3EM,metal/My-Own-Grave-As-I-Lay-Dying.jpg
Flawed Design,Saint-Asonia,https://i.scdn.co/image/ab67616d0000b273154d8407422a77c5ba9f4169,https://open.spotify.com/album/59pOP9owt8GjGJ2aTVmcHG,metal/Flawed-Design-Saint-Asonia.jpg
Fleur de lis,The-Raven-Age,https://i.scdn.co/image/ab67616d0000b273b3211a0e95ff5352ac50b81b,https://open.spotify.com/album/5D6MRnCofJbNXzoNkGYeyf,metal/Fleur-de-lis-The-Raven-Age.jpg
TRAUMA,I-Prevail,https://i.scdn.co/image/ab67616d0000b27324261dc1d55e438883664bfd,https://open.spotify.com/album/2QRU8jGOJHDMrCTPKIHVik,metal/TRAUMA-I-Prevail.jpg
Hybrid Theory (Bonus Edition),Linkin-Park,https://i.scdn.co/image/ab67616d0000b273e2f039481babe23658fc719a,https://open.spotify.com/album/6hPkbAV3ZXpGZBGUvL6jVM,metal/Hybrid-Theory-(Bonus-Edition)-Linkin-Park.jpg
We Are Not Your Kind,Slipknot,https://i.scdn.co/image/ab67616d0000b27326f20b4d67c0c7b0f137ce4f,https://open.spotify.com/album/754RY5WpZ2LTUZsk8kDBju,metal/We-Are-Not-Your-Kind-Slipknot.jpg
Popular Monster,Falling-In-Reverse,https://i.scdn.co/image/ab67616d0000b2735f4c9262d32be3019e1dda3e,https://open.spotify.com/album/4gxFqhVYU4wp1XDH1KiIo4,metal/Popular-Monster-Falling-In-Reverse.jpg
Disguise,Motionless-In-White,https://i.scdn.co/image/ab67616d0000b273daa4a83d2f794c1e31265dab,https://open.spotify.com/album/4JECM4NZhtpjDX4JbYkh00,metal/Disguise-Motionless-In-White.jpg
Cross Off,Mark-Morton,https://i.scdn.co/image/ab67616d0000b2732c7d0a60dafac66df522a719,https://open.spotify.com/album/4ePpOl2GPiJuZ75RSdN1FB,metal/Cross-Off-Mark-Morton.jpg
Hornet's Nest,Power-Trip,https://i.scdn.co/image/ab67616d0000b273a8964f613a5ed465570b6f93,https://open.spotify.com/album/3fqlPOjQ8mmYRV3ZtlkQEB,metal/Hornet's-Nest-Power-Trip.jpg
Heroes (Bonus Version),Sabaton,https://i.scdn.co/image/ab67616d0000b2733aaa6ee1e823f7a0ffeff27c,https://open.spotify.com/album/5EigDkziY0nhBI6UbZuXVb,metal/Heroes-(Bonus-Version)-Sabaton.jpg
Is There Anybody out There?,Machine-Head,https://i.scdn.co/image/ab67616d0000b2732e4baa09745ee0a696a3f82f,https://open.spotify.com/album/0IalnI5Z5nOfqOt9HusTCx,metal/Is-There-Anybody-out-There?-Machine-Head.jpg
FAKERS PLAGUE,While-She-Sleeps,https://i.scdn.co/image/ab67616d0000b27310107954ad2a269fb05b5e05,https://open.spotify.com/album/2oTcPmqPDi87enHXXQG8d3,metal/FAKERS-PLAGUE-While-She-Sleeps.jpg
Oh My God,HELLYEAH,https://i.scdn.co/image/ab67616d0000b273bb900039bd1b0733cb4890ab,https://open.spotify.com/album/1f2OVhqcB3vM5oev9MiYLx,metal/Oh-My-God-HELLYEAH.jpg
Chaos And Earthquakes,Nonpoint,https://i.scdn.co/image/ab67616d0000b273df696e9f4604d6a795ceae47,https://open.spotify.com/album/1UnoCRuJTGd39YMDNGI1RE,metal/Chaos-And-Earthquakes-Nonpoint.jpg
Atonement,Killswitch-Engage,https://i.scdn.co/image/ab67616d0000b273ef43657f03bd2a4f26cccfb5,https://open.spotify.com/album/6kkUp557e0o5k0dRBfohJZ,metal/Atonement-Killswitch-Engage.jpg
Is There Anybody out There?,Machine-Head,https://i.scdn.co/image/ab67616d0000b2732e4baa09745ee0a696a3f82f,https://open.spotify.com/album/0IalnI5Z5nOfqOt9HusTCx,metal/Is-There-Anybody-out-There?-Machine-Head.jpg
Venom (Deluxe Edition),Bullet-For-My-Valentine,https://i.scdn.co/image/ab67616d0000b273b5836f92f626bb4fe05b016a,https://open.spotify.com/album/1YjxZhd158jSm2906JqzXF,metal/Venom-(Deluxe-Edition)-Bullet-For-My-Valentine.jpg
Magma,Gojira,https://i.scdn.co/image/ab67616d0000b273422c622517ea0bd7eda33e08,https://open.spotify.com/album/7D7V6M05UIOTjLdqbwRX0w,metal/Magma-Gojira.jpg
Platitudes and Barren Words,Children-Of-Bodom,https://i.scdn.co/image/ab67616d0000b273cd2f09828c9ee61e5ef63e0a,https://open.spotify.com/album/2IW9jj5htzHc2XASwNlviW,metal/Platitudes-and-Barren-Words-Children-Of-Bodom.jpg
RAMMSTEIN,Rammstein,https://i.scdn.co/image/ab67616d0000b27302add2c77fb6999e311a3248,https://open.spotify.com/album/1LoyJQVHPLHE3fCCS8Juek,metal/RAMMSTEIN-Rammstein.jpg
Seal The Deal & Let's Boogie (Deluxe),Volbeat,https://i.scdn.co/image/ab67616d0000b273af770a3e65634b9ed7b00e8c,https://open.spotify.com/album/3v78ZZiv9L2Fb5x5fC8kVC,metal/Seal-The-Deal-&-Let's-Boogie-(Deluxe)-Volbeat.jpg
Ritual,In-This-Moment,https://i.scdn.co/image/ab67616d0000b27305d9b34c8a670ec1447121c8,https://open.spotify.com/album/1JIIc6FIetBaCAzWkCSBjL,metal/Ritual-In-This-Moment.jpg
You'll Never Find Me,Korn,https://i.scdn.co/image/ab67616d0000b2738d2a047462e03baed60c988d,https://open.spotify.com/album/4XucqZK1zp6BGA888pkJb3,metal/You'll-Never-Find-Me-Korn.jpg
Black Flame,Bury-Tomorrow,https://i.scdn.co/image/ab67616d0000b273e766a6c11d76e73691339f57,https://open.spotify.com/album/00DQxO6RTdm2gvlcpjlOzt,metal/Black-Flame-Bury-Tomorrow.jpg
Got Your Six,Five-Finger-Death-Punch,https://i.scdn.co/image/ab67616d0000b2734804f1513736e5e2b3e053dc,https://open.spotify.com/album/4KXYNMizBHgXUFM1UOUhoJ,metal/Got-Your-Six-Five-Finger-Death-Punch.jpg
Graveyard Shift,Motionless-In-White,https://i.scdn.co/image/ab67616d0000b27320bfa6114be3fcada3b5b3e3,https://open.spotify.com/album/5ucBd1GYFRg0uVhP4a4AY6,metal/Graveyard-Shift-Motionless-In-White.jpg
Evolution (Deluxe Edition),Disturbed,https://i.scdn.co/image/ab67616d0000b2731c8a25920cf6c0967dd67ac5,https://open.spotify.com/album/1IpufqmucrxYUJQxf1AP0n,metal/Evolution-(Deluxe-Edition)-Disturbed.jpg
Blood,Breaking-Benjamin,https://i.scdn.co/image/ab67616d0000b273c596c825e96de2a09808f9d0,https://open.spotify.com/album/1ckgU9Oj16CQfpY2Mbn86S,metal/Blood-Breaking-Benjamin.jpg
Melancholy,Shadow-of-Intent,https://i.scdn.co/image/ab67616d0000b273a8a77ba4aed962b28920a181,https://open.spotify.com/album/5IgHVlikizQFBPieV1uk8v,metal/Melancholy-Shadow-of-Intent.jpg
Finding God Before God Finds Me (Deluxe),Bad-Omens,https://i.scdn.co/image/ab67616d0000b273dde91e50cb51436b06204c9e,https://open.spotify.com/album/0fPsaPPbXurVDqFC2qE0Bo,metal/Finding-God-Before-God-Finds-Me-(Deluxe)-Bad-Omens.jpg
Tū,Alien-Weaponry,https://i.scdn.co/image/ab67616d0000b273fd9104f83223065d556f5f50,https://open.spotify.com/album/4RBkIbNroo8Lp1Y8p3VV4M,metal/Tū-Alien-Weaponry.jpg
And Justice for None (Deluxe),Five-Finger-Death-Punch,https://i.scdn.co/image/ab67616d0000b273fb94cdee49bcfbbefa8400ee,https://open.spotify.com/album/2IA9d7atwNgtiS6Tpv9WKt,metal/And-Justice-for-None-(Deluxe)-Five-Finger-Death-Punch.jpg
Destruction or Strength,As-I-Lay-Dying,https://i.scdn.co/image/ab67616d0000b2733e69d9328a639147d479dcc8,https://open.spotify.com/album/1ZtZZXTDDt9wnpXLgLLM4n,metal/Destruction-or-Strength-As-I-Lay-Dying.jpg
THE SIDE EFFECTS,coldrain,https://i.scdn.co/image/ab67616d0000b273132f225040371f2ad93af051,https://open.spotify.com/album/1BGWyz8x5J2qChX1X0r60e,metal/THE-SIDE-EFFECTS-coldrain.jpg
Killing Me Slowly,Bad-Wolves,https://i.scdn.co/image/ab67616d0000b273352d2b48224430577aae2c65,https://open.spotify.com/album/4JJYvxmSDCIExVj13cWCes,metal/Killing-Me-Slowly-Bad-Wolves.jpg
California Dreaming,Hollywood-Undead,https://i.scdn.co/image/ab67616d0000b273fb0db6a4fec3bfce8fed7b11,https://open.spotify.com/album/61Ss7TgVSqwBoLIOT28MXW,metal/California-Dreaming-Hollywood-Undead.jpg
/with_errors,Norma-Jean,https://i.scdn.co/image/ab67616d0000b27342a80a21ddfb597d3e11cd53,https://open.spotify.com/album/6RSGiHP9YKJzIh9qsBJvUl,metal/-with_errors-Norma-Jean.jpg
Night of the Witch,Testament,https://i.scdn.co/image/ab67616d0000b273602cef54d49f35721d4d84d2,https://open.spotify.com/album/4prdwVIIRKWXs8c4WcOT6y,metal/Night-of-the-Witch-Testament.jpg
When Legends Rise,Godsmack,https://i.scdn.co/image/ab67616d0000b2732508fbd2c6d2b562dd8548a9,https://open.spotify.com/album/6ZrSVDC1YIqoWDc4bcRDaf,metal/When-Legends-Rise-Godsmack.jpg
Crack of Doom (feat. Troy Sanders),Kvelertak,https://i.scdn.co/image/ab67616d0000b273b1f75ab704406b956d18903d,https://open.spotify.com/album/0OWnxrfD3RbAqoa1SwbU8b,metal/Crack-of-Doom-(feat.-Troy-Sanders)-Kvelertak.jpg
Holding My Breath,Alien-Weaponry,https://i.scdn.co/image/ab67616d0000b27321edb005f848717cd81fba1c,https://open.spotify.com/album/76rph5WWiuCixcvOxS9ZXA,metal/Holding-My-Breath-Alien-Weaponry.jpg
Save Me,Skillet,https://i.scdn.co/image/ab67616d0000b27334a78d68a8d93b36f0056642,https://open.spotify.com/album/6LJiP6blb71XuM0Tky5MpR,metal/Save-Me-Skillet.jpg
Fear Tomorrow,Fit-For-An-Autopsy,https://i.scdn.co/image/ab67616d0000b273dd00da528096790db8719056,https://open.spotify.com/album/5Zp2KRLuMqZiUbq04wpDD8,metal/Fear-Tomorrow-Fit-For-An-Autopsy.jpg
The Unforgiving,Within-Temptation,https://i.scdn.co/image/ab67616d0000b273d85125df7939073fbc1b956e,https://open.spotify.com/album/1tlnNem19ENnRvFalZqxLK,metal/The-Unforgiving-Within-Temptation.jpg
War,Palisades,https://i.scdn.co/image/ab67616d0000b273e907ea3c10a98bc02cc3dac5,https://open.spotify.com/album/3zXnGYcc3qrKog46LhlED4,metal/War-Palisades.jpg
Jomsviking,Amon-Amarth,https://i.scdn.co/image/ab67616d0000b273a6c97e91aad5eecb10919b15,https://open.spotify.com/album/79GLbXCHnsOG9TBzvtS3sy,metal/Jomsviking-Amon-Amarth.jpg
Bartzabel,Behemoth,https://i.scdn.co/image/ab67616d0000b273fe8118c32af780804b37fd48,https://open.spotify.com/album/5vVagWabBelkQkRX5LO1dG,metal/Bartzabel-Behemoth.jpg
Gods of Violence,Kreator,https://i.scdn.co/image/ab67616d0000b273d5c0fc40f7b9299fd277dd8a,https://open.spotify.com/album/4YySbln9km5fNhE4NwlC6Q,metal/Gods-of-Violence-Kreator.jpg
Demolisher,Slaughter-to-Prevail,https://i.scdn.co/image/ab67616d0000b273d5ee8f193fd3bf8d82bef25d,https://open.spotify.com/album/208720QaPUwdbfMMbDRmhK,metal/Demolisher-Slaughter-to-Prevail.jpg
The Mortal Coil,Polaris,https://i.scdn.co/image/ab67616d0000b27368bb82b3a30353a20869f39c,https://open.spotify.com/album/6jhjtf53IXjEMMolFVZfH7,metal/The-Mortal-Coil-Polaris.jpg
5x3,Upon-A-Burning-Body,https://i.scdn.co/image/ab67616d0000b2734792b85dca7c839ecb10acd5,https://open.spotify.com/album/7N0w5nxPWAyeovkmBRThdA,metal/5x3-Upon-A-Burning-Body.jpg
Bum-Rush,Body-Count,https://i.scdn.co/image/ab67616d0000b273825dafc287fff78c5bbcbec7,https://open.spotify.com/album/7tSF45OeMvo9ln1HaOr77W,metal/Bum-Rush-Body-Count.jpg
Hydrograd,Stone-Sour,https://i.scdn.co/image/ab67616d0000b27349ca1daa7d94fbbd6ddbba87,https://open.spotify.com/album/4PERSgw7TXqpEZlIVN6zHr,metal/Hydrograd-Stone-Sour.jpg
Meliora (Deluxe Edition),Ghost,https://i.scdn.co/image/ab67616d0000b2735b752bd7476346431a8d1e79,https://open.spotify.com/album/2uaQ1K2eSqaWeVQRXeuGdN,metal/Meliora-(Deluxe-Edition)-Ghost.jpg
few,He-Is-Legend,https://i.scdn.co/image/ab67616d0000b27375f1e72907825678211ceb5c,https://open.spotify.com/album/1uXJ01pmkQzFFvb7h6sO0y,metal/few-He-Is-Legend.jpg
Revival,Light-The-Torch,https://i.scdn.co/image/ab67616d0000b273fb5896e1ceafb2f43feae134,https://open.spotify.com/album/7dKXOhHlJaTCnwBQpxh1vY,metal/Revival-Light-The-Torch.jpg
Don't Need You (Edit),Bullet-For-My-Valentine,https://i.scdn.co/image/ab67616d0000b273bd903b0c1900629eefea798d,https://open.spotify.com/album/0QRkaf6ewruqL8zk4WG9Ne,metal/Don't-Need-You-(Edit)-Bullet-For-My-Valentine.jpg
Final Breath,The-Browning,https://i.scdn.co/image/ab67616d0000b2730ac582a131a93a6e42a8d2e5,https://open.spotify.com/album/0fm7SRk4ucI8nYt2UINwDS,metal/Final-Breath-The-Browning.jpg
L'Enfant Sauvage (Special Edition),Gojira,https://i.scdn.co/image/ab67616d0000b2733ac9158414ee0e4042ffc56d,https://open.spotify.com/album/5dxqD5Kc6cRRi3rErmDfXG,metal/L'Enfant-Sauvage-(Special-Edition)-Gojira.jpg
Evolution,Disturbed,https://i.scdn.co/image/ab67616d0000b27356351a5b4d78e94390514484,https://open.spotify.com/album/0V73oq7XX0jQL8hd1EZWe4,metal/Evolution-Disturbed.jpg
You Are We,While-She-Sleeps,https://i.scdn.co/image/ab67616d0000b273c29eec7702466cebfe864198,https://open.spotify.com/album/26wFh7VUA3ykYy2IMVdHpI,metal/You-Are-We-While-She-Sleeps.jpg
Eradicate,Heaven-Shall-Burn,https://i.scdn.co/image/ab67616d0000b273052aa3b96821ac4703582f2c,https://open.spotify.com/album/2BS5FS6c7ubAuXlYo8cVgG,metal/Eradicate-Heaven-Shall-Burn.jpg
Hollowed Heart,Make-Them-Suffer,https://i.scdn.co/image/ab67616d0000b2731b98ada997e6e45724fd6d5a,https://open.spotify.com/album/1eugdphmac0WQccxNJ96tn,metal/Hollowed-Heart-Make-Them-Suffer.jpg
Into The Fire,Asking-Alexandria,https://i.scdn.co/image/ab67616d0000b273e2d60cfc3c84f1d3c6397997,https://open.spotify.com/album/3ziY15FdoKXvXWmxO8RZn1,metal/Into-The-Fire-Asking-Alexandria.jpg
Emblas Saga,Brothers-of-Metal,https://i.scdn.co/image/ab67616d0000b273f959fa12f3157d5968aca89d,https://open.spotify.com/album/4v0Kqr29qIlu0YRuWm52Sc,metal/Emblas-Saga-Brothers-of-Metal.jpg
Metal Division,Mystic-Prophecy,https://i.scdn.co/image/ab67616d0000b27341f051d6cfe18f9478318753,https://open.spotify.com/album/39TpYxmd8AwMLv94u4LsQn,metal/Metal-Division-Mystic-Prophecy.jpg
Suicide Silence,Suicide-Silence,https://i.scdn.co/image/ab67616d0000b27315a0a5f0b2ddcffb67b18efc,https://open.spotify.com/album/5XAe2MIBgjYVZjwTP4n779,metal/Suicide-Silence-Suicide-Silence.jpg
The Price of Agony,Fit-For-A-King,https://i.scdn.co/image/ab67616d0000b2739eef223a68d9194ab6edbe75,https://open.spotify.com/album/4bZEganDeSIt1ucYgX93Ao,metal/The-Price-of-Agony-Fit-For-A-King.jpg
Protection,Alcest,https://i.scdn.co/image/ab67616d0000b2737a00cadde9d391e125bfa6bb,https://open.spotify.com/album/5WmxHKFdBeEZYtgT7yCRFc,metal/Protection-Alcest.jpg
Fade,Catch-Your-Breath,https://i.scdn.co/image/ab67616d0000b2733e62c92d33ac970b00f4fd9a,https://open.spotify.com/album/5ipLw8pJR65yPyylZCqBT0,metal/Fade-Catch-Your-Breath.jpg
All Pride No Pain,Upon-A-Burning-Body,https://i.scdn.co/image/ab67616d0000b27369dd116fcf2f091eb4380859,https://open.spotify.com/album/1BVvHpjzpIhvfC98htOt9z,metal/All-Pride-No-Pain-Upon-A-Burning-Body.jpg
Falling Apart,Caskets,https://i.scdn.co/image/ab67616d0000b273037317f46161f34ff0e6e9a5,https://open.spotify.com/album/7CQo7bup1p4UIgPO7VStZG,metal/Falling-Apart-Caskets.jpg
The Hell I Overcame,Bad-Omens,https://i.scdn.co/image/ab67616d0000b273e245c5045d9a4eb24d2603f9,https://open.spotify.com/album/2mmWt8sRLS65Bbqrsfm2V6,metal/The-Hell-I-Overcame-Bad-Omens.jpg
Helix,Crystal-Lake,https://i.scdn.co/image/ab67616d0000b273ed8ea2011fb2dc20548e5822,https://open.spotify.com/album/5XlKRhFaEPZl0NEoLbMsRo,metal/Helix-Crystal-Lake.jpg
Virus,Memphis-May-Fire,https://i.scdn.co/image/ab67616d0000b2737906ffd2c4575e7de37185ab,https://open.spotify.com/album/608S2NU54jQt2mhVISLAs1,metal/Virus-Memphis-May-Fire.jpg
Outsider,Three-Days-Grace,https://i.scdn.co/image/ab67616d0000b273019b8c9f33d9c361b1b9a571,https://open.spotify.com/album/3e8KUqPO1wRmwqAxENX38s,metal/Outsider-Three-Days-Grace.jpg
The Sin and the Sentence,Trivium,https://i.scdn.co/image/ab67616d0000b27349297ff523b7098a50195711,https://open.spotify.com/album/3qq44o8Qqvz5JQ7b5AevLT,metal/The-Sin-and-the-Sentence-Trivium.jpg
Underneath the Scars,Kataklysm,https://i.scdn.co/image/ab67616d0000b273243daae1e242e33edff923ee,https://open.spotify.com/album/4o28Uy70mmJey8AJJIundI,metal/Underneath-the-Scars-Kataklysm.jpg
Resist (Extended Deluxe),Within-Temptation,https://i.scdn.co/image/ab67616d0000b27374615e79e3ec1228d8697e21,https://open.spotify.com/album/1SL2IdaCrXDtv695Px6AXR,metal/Resist-(Extended-Deluxe)-Within-Temptation.jpg
Flagged Channel,Hyro-The-Hero,https://i.scdn.co/image/ab67616d0000b273e3e0f915efcac33d60472d26,https://open.spotify.com/album/2O6gx6GOXvN9eLsPghTdpv,metal/Flagged-Channel-Hyro-The-Hero.jpg
Judas,Fozzy,https://i.scdn.co/image/ab67616d0000b27386cec87a72ce10ec15135f86,https://open.spotify.com/album/3mr9etJ9IMRFRXAfLkGWcJ,metal/Judas-Fozzy.jpg
How To Survive,Of-Mice-&-Men,https://i.scdn.co/image/ab67616d0000b2733f44d93219593492292c44d7,https://open.spotify.com/album/5D0qpD5DSQ7TLA790C8Wya,metal/How-To-Survive-Of-Mice-&-Men.jpg
Paramount,August-Burns-Red,https://i.scdn.co/image/ab67616d0000b2732e3693c2c3be5774d760ea58,https://open.spotify.com/album/3PeeMj71DFYQx5x9Se5ePd,metal/Paramount-August-Burns-Red.jpg
Dystopia,In-Hearts-Wake,https://i.scdn.co/image/ab67616d0000b273f1e3a747e111355c3d511ab0,https://open.spotify.com/album/6uo6WEpD7yKdwRNTGKS4gw,metal/Dystopia-In-Hearts-Wake.jpg
Reckless,Lacuna-Coil,https://i.scdn.co/image/ab67616d0000b273afa7cc95ef4d85a77d37f731,https://open.spotify.com/album/0nd9VY90TYG8TuZpiU3boV,metal/Reckless-Lacuna-Coil.jpg
Resolution,Lamb-of-God,https://i.scdn.co/image/ab67616d0000b273b4aea229ce3a46e0a32a1dfc,https://open.spotify.com/album/73k8aD6VzabLHfwIdiasdS,metal/Resolution-Lamb-of-God.jpg
Human,Three-Days-Grace,https://i.scdn.co/image/ab67616d0000b2738443a724ced4e3bef303fb7a,https://open.spotify.com/album/0YkHsU3Mblh7jvNngbV20W,metal/Human-Three-Days-Grace.jpg
Periphery III: Select Difficulty,Periphery,https://i.scdn.co/image/ab67616d0000b273c4e9a067fc1fca367e1aaf36,https://open.spotify.com/album/1NBUh16Mfz7kNjIJKVO9sC,metal/Periphery-III:-Select-Difficulty-Periphery.jpg
The Concrete Confessional,Hatebreed,https://i.scdn.co/image/ab67616d0000b273db197978cdead2fccb5bfd9e,https://open.spotify.com/album/1LG9oSoshyuwFt25Qlwglh,metal/The-Concrete-Confessional-Hatebreed.jpg
On the Top,Jinjer,https://i.scdn.co/image/ab67616d0000b2734f6aa510c6fdfd1c57d6f9ad,https://open.spotify.com/album/46GgvdBEtNXaJKoY3S8Ypc,metal/On-the-Top-Jinjer.jpg
Behold The Crown,After-The-Burial,https://i.scdn.co/image/ab67616d0000b273edce54a8ecec6ee7bafcc330,https://open.spotify.com/album/7xvmc4DDMSokbn96oWC4r3,metal/Behold-The-Crown-After-The-Burial.jpg
Carry the Weight / From the First Note,We-Came-As-Romans,https://i.scdn.co/image/ab67616d0000b27356da8bed1dffded53834d515,https://open.spotify.com/album/1LWKl74lrLudXEtmIUDr3o,metal/Carry-the-Weight---From-the-First-Note-We-Came-As-Romans.jpg
Renegades - A Lost Generation,Equilibrium,https://i.scdn.co/image/ab67616d0000b273c5f12251fd005073f2054a82,https://open.spotify.com/album/57LDzqIlvbKBYgKsU2pX8c,metal/Renegades---A-Lost-Generation-Equilibrium.jpg
The Serenity of Suffering (Deluxe),Korn,https://i.scdn.co/image/ab67616d0000b273fe20726a44bde7a7ba069da1,https://open.spotify.com/album/4RjHOlFpX2rHqsViJa0fSn,metal/The-Serenity-of-Suffering-(Deluxe)-Korn.jpg
Defy,Of-Mice-&-Men,https://i.scdn.co/image/ab67616d0000b2738237d03c649302980ded387b,https://open.spotify.com/album/78yMb0lsPLAEuugaeLeLL0,metal/Defy-Of-Mice-&-Men.jpg
Rising Fire,Firewind,https://i.scdn.co/image/ab67616d0000b2735a51887602396179062bb297,https://open.spotify.com/album/4gGtBcTbf80l1PNvhgJXnx,metal/Rising-Fire-Firewind.jpg
"Ballistic, Sadistic",Annihilator,https://i.scdn.co/image/ab67616d0000b2733eac1aacb4482a47ed6b359d,https://open.spotify.com/album/6aGmL5PVbZgU3QjnuwiohE,"metal/Ballistic,-Sadistic-Annihilator.jpg"
For The Love Of Metal,Dee-Snider,https://i.scdn.co/image/ab67616d0000b2732e69a97c942d40b5318ba226,https://open.spotify.com/album/3hltBVcsoTwKuShT41jBBf,metal/For-The-Love-Of-Metal-Dee-Snider.jpg
A Statue Of The King,Avatar,https://i.scdn.co/image/ab67616d0000b273d1299607e353053973dcce1e,https://open.spotify.com/album/5nN6NRLEKd5BEZqfLU1Bp7,metal/A-Statue-Of-The-King-Avatar.jpg
One Folk,Equilibrium,https://i.scdn.co/image/ab67616d0000b2739f5efa4529cd5ac828fd7b32,https://open.spotify.com/album/0xd69MXvkpCodo9Ph3nUi1,metal/One-Folk-Equilibrium.jpg
From Hell with Love,Beast-In-Black,https://i.scdn.co/image/ab67616d0000b273e7e159331be0371c437ab1c6,https://open.spotify.com/album/6URiGUB9MrHBCzitqgFCDj,metal/From-Hell-with-Love-Beast-In-Black.jpg
Catharsis,Machine-Head,https://i.scdn.co/image/ab67616d0000b273bcacc04a8b2f3d5f2b973197,https://open.spotify.com/album/7k3Tbnfio1Wnr8vf4dfzp0,metal/Catharsis-Machine-Head.jpg
Burn It Down,Silverstein,https://i.scdn.co/image/ab67616d0000b273ae36d07ec47db73455bbde95,https://open.spotify.com/album/4CAwR5GCqpfDAHE85WsAqK,metal/Burn-It-Down-Silverstein.jpg
Sundowning,Sleep-Token,https://i.scdn.co/image/ab67616d0000b2733e74821ac31253732e0fa71b,https://open.spotify.com/album/4jnYLTLs0ro2Z3yVafwpHB,metal/Sundowning-Sleep-Token.jpg
Alien,Northlane,https://i.scdn.co/image/ab67616d0000b273035f1b8eecca44a114356252,https://open.spotify.com/album/29q56s9HFBRPKUmSfkeFZx,metal/Alien-Northlane.jpg
Opus Eponymous,Ghost,https://i.scdn.co/image/ab67616d0000b273dc5a2487c66937e50faa8c4a,https://open.spotify.com/album/5aEgt9uHrVL3QGzKaUSy2J,metal/Opus-Eponymous-Ghost.jpg
Leave It All Behind,Sleeping-With-Sirens,https://i.scdn.co/image/ab67616d0000b273633caa429eb516e9df0c8365,https://open.spotify.com/album/76qwO2cPiwixGhfBnoGZFE,metal/Leave-It-All-Behind-Sleeping-With-Sirens.jpg
Gravity,Bullet-For-My-Valentine,https://i.scdn.co/image/ab67616d0000b273678614607d963702636ee75a,https://open.spotify.com/album/28sCbClwbAhHN6ovutizQg,metal/Gravity-Bullet-For-My-Valentine.jpg
The Serenity of Suffering,Korn,https://i.scdn.co/image/ab67616d0000b2738ec380fde1acc3e1cd470bf8,https://open.spotify.com/album/2P28i4GUbF4lGMTGTJLKlL,metal/The-Serenity-of-Suffering-Korn.jpg
The Storm Within,Evergrey,https://i.scdn.co/image/ab67616d0000b273ce79cd2eb4c2da448927f557,https://open.spotify.com/album/1xGsKqVelQIkpZRIR48gun,metal/The-Storm-Within-Evergrey.jpg
Wouldn’t You Rather,Alter-Bridge,https://i.scdn.co/image/ab67616d0000b273eccff131d48b0f7be6142ac7,https://open.spotify.com/album/2jQmuLWwZIJ8nh88hvQUnU,metal/Wouldn’t-You-Rather-Alter-Bridge.jpg
Hardwired…To Self-Destruct,Metallica,https://i.scdn.co/image/ab67616d0000b273b02dd21e1baa15b3c8897f07,https://open.spotify.com/album/6BAWrCZig4yVNuJrHSwK4p,metal/Hardwired…To-Self-Destruct-Metallica.jpg
World War X,Carnifex,https://i.scdn.co/image/ab67616d0000b27367c815cf0326602e71f351db,https://open.spotify.com/album/5oz1QfquUAXp4YZDfWLohU,metal/World-War-X-Carnifex.jpg
H.E.A.T II,H.E.A.T,https://i.scdn.co/image/ab67616d0000b27390dc32cd42ce46b853375734,https://open.spotify.com/album/7mYVhch2AqHIkNWNUmCxv0,metal/H.E.A.T-II-H.E.A.T.jpg
Uncontrollable Descent,Emmure,https://i.scdn.co/image/ab67616d0000b273db22eb9e2df92f6c5a35cd39,https://open.spotify.com/album/7o4MEsSSnSdqJs9GwiJzcj,metal/Uncontrollable-Descent-Emmure.jpg
Hard Feelings,blessthefall,https://i.scdn.co/image/ab67616d0000b273b3042e1d62fa495c290d9114,https://open.spotify.com/album/4ynBCBfxMK2COzPTJ8kma9,metal/Hard-Feelings-blessthefall.jpg
Outsider,Veil-Of-Maya,https://i.scdn.co/image/ab67616d0000b27306a1c93d45e598b86becd727,https://open.spotify.com/album/7GO1IxJeKLxhsOiD6aag2r,metal/Outsider-Veil-Of-Maya.jpg
Chaos & Bliss,The-One-Hundred,https://i.scdn.co/image/ab67616d0000b273b04c21f7f50542259eb5fec8,https://open.spotify.com/album/1d4zPVcwlsCyQsP4SqwVR3,metal/Chaos-&-Bliss-The-One-Hundred.jpg
Violent Noise,The-Word-Alive,https://i.scdn.co/image/ab67616d0000b273d997e6c050cf7deae873fec1,https://open.spotify.com/album/7J66HLhb0QYzZ5P19tHcZP,metal/Violent-Noise-The-Word-Alive.jpg
Cloud Factory (Re-Issue),Jinjer,https://i.scdn.co/image/ab67616d0000b273ad5d56b414f69495ef7f583d,https://open.spotify.com/album/1UCftLQD0hJ5vRy7OMfbcF,metal/Cloud-Factory-(Re-Issue)-Jinjer.jpg
A New Kind of Horror,Anaal-Nathrakh,https://i.scdn.co/image/ab67616d0000b2732062374a30e7d9604293d659,https://open.spotify.com/album/7ML6J0j6KW0Y3X6N6qvTta,metal/A-New-Kind-of-Horror-Anaal-Nathrakh.jpg
The Black,Asking-Alexandria,https://i.scdn.co/image/ab67616d0000b27309c75d1cfb683d10fd4b3eb3,https://open.spotify.com/album/399w1uaOvKhnkczdMMZYoy,metal/The-Black-Asking-Alexandria.jpg
Doomsday,Architects,https://i.scdn.co/image/ab67616d0000b27322535d3425b7b1f4e972d434,https://open.spotify.com/album/6lkAncARvp5qQVKYQocuWf,metal/Doomsday-Architects.jpg
The Heretics,Rotting-Christ,https://i.scdn.co/image/ab67616d0000b273ef6562c009742acb1b61fd10,https://open.spotify.com/album/4HKBgdPfT3n7f9IhcPFUEG,metal/The-Heretics-Rotting-Christ.jpg
Harbinger,Arrival-Of-Autumn,https://i.scdn.co/image/ab67616d0000b273ef58b0844a57a4fee41bb227,https://open.spotify.com/album/11KNTC9eCKHlot7EOaZJIt,metal/Harbinger-Arrival-Of-Autumn.jpg
Outlaw Gentlemen & Shady Ladies (Deluxe Version),Volbeat,https://i.scdn.co/image/ab67616d0000b27323f479dae01ad805b46272f4,https://open.spotify.com/album/6bM5H5CIEsTtIoHcScwJWX,metal/Outlaw-Gentlemen-&-Shady-Ladies-(Deluxe-Version)-Volbeat.jpg
FREEDOM,Crossfaith,https://i.scdn.co/image/ab67616d0000b273a65044b5503685847f63849a,https://open.spotify.com/album/34tRAEbfX2SQGSSuLO6s4J,metal/FREEDOM-Crossfaith.jpg
Nightmare Logic,Power-Trip,https://i.scdn.co/image/ab67616d0000b273fbe6b24ddc7dc5075cbab217,https://open.spotify.com/album/3suNG9n4WGYQabXhUTkQ70,metal/Nightmare-Logic-Power-Trip.jpg
Swallowing the Rabbit Whole / Underneath,Code-Orange,https://i.scdn.co/image/ab67616d0000b27360c71dac8cf59de587c9bac3,https://open.spotify.com/album/4QZ7FnlVrC8swrx9AGQN3o,metal/Swallowing-the-Rabbit-Whole---Underneath-Code-Orange.jpg
"I, the Mask",In-Flames,https://i.scdn.co/image/ab67616d0000b2733d23e900636428d6074d9829,https://open.spotify.com/album/73r3tGWR9B01WSm2UKongI,"metal/I,-the-Mask-In-Flames.jpg"
The Sacrament Of Sin (Deluxe Version),Powerwolf,https://i.scdn.co/image/ab67616d0000b2739224dd3ffa81938f6438bc21,https://open.spotify.com/album/4gsY9RZah70Ym1oFlaKf7c,metal/The-Sacrament-Of-Sin-(Deluxe-Version)-Powerwolf.jpg
Hail to the King,Avenged-Sevenfold,https://i.scdn.co/image/ab67616d0000b2730ea1ecb2d5271c2db402b0c2,https://open.spotify.com/album/0ks45m1bsP2JsZpM5D2FFA,metal/Hail-to-the-King-Avenged-Sevenfold.jpg
Seal The Deal & Let's Boogie (Deluxe),Volbeat,https://i.scdn.co/image/ab67616d0000b273af770a3e65634b9ed7b00e8c,https://open.spotify.com/album/3v78ZZiv9L2Fb5x5fC8kVC,metal/Seal-The-Deal-&-Let's-Boogie-(Deluxe)-Volbeat.jpg
"House of Gold & Bones, Part 1",Stone-Sour,https://i.scdn.co/image/ab67616d0000b2738328645e58684d8770a8475f,https://open.spotify.com/album/2nCHgPLLyIgxFKUBYuMKPn,"metal/House-of-Gold-&-Bones,-Part-1-Stone-Sour.jpg"
Immortalized (Deluxe Edition),Disturbed,https://i.scdn.co/image/ab67616d0000b273a58c62e75b82e9c3b47d9ef3,https://open.spotify.com/album/1ROVEUk4lc2vD4a0IN1TWS,metal/Immortalized-(Deluxe-Edition)-Disturbed.jpg
"I, the Mask",In-Flames,https://i.scdn.co/image/ab67616d0000b2738f4f560a68f7bd381417cf7b,https://open.spotify.com/album/6506V4XWYGGts5vk1PnOs8,"metal/I,-the-Mask-In-Flames.jpg"
1000hp,Godsmack,https://i.scdn.co/image/ab67616d0000b2730b5c1cd424b83d33d424a4ae,https://open.spotify.com/album/43crHBVr5O6Z71eLsvq0JG,metal/1000hp-Godsmack.jpg
We Are Not Your Kind,Slipknot,https://i.scdn.co/image/ab67616d0000b27326f20b4d67c0c7b0f137ce4f,https://open.spotify.com/album/754RY5WpZ2LTUZsk8kDBju,metal/We-Are-Not-Your-Kind-Slipknot.jpg
"The Wrong Side Of Heaven And The Righteous Side Of Hell, Volume 1",Five-Finger-Death-Punch,https://i.scdn.co/image/ab67616d0000b27376df46a3fd82c419a2dc0a43,https://open.spotify.com/album/6vMTdFzBPjyrBSFkCvjUh3,"metal/The-Wrong-Side-Of-Heaven-And-The-Righteous-Side-Of-Hell,-Volume-1-Five-Finger-Death-Punch.jpg"
MASSIVE ADDICTIVE,Amaranthe,https://i.scdn.co/image/ab67616d0000b2737e1fea351d3673f4f94f5c8c,https://open.spotify.com/album/0GCcO9StyRRAGumjCOTSpN,metal/MASSIVE-ADDICTIVE-Amaranthe.jpg
Magma,Gojira,https://i.scdn.co/image/ab67616d0000b273422c622517ea0bd7eda33e08,https://open.spotify.com/album/7D7V6M05UIOTjLdqbwRX0w,metal/Magma-Gojira.jpg
Reverence,Parkway-Drive,https://i.scdn.co/image/ab67616d0000b27396b4163add6c85325f8961fd,https://open.spotify.com/album/46hNwndF4Tm6D1cGr0G5zL,metal/Reverence-Parkway-Drive.jpg
Hardwired…To Self-Destruct (Deluxe),Metallica,https://i.scdn.co/image/ab67616d0000b273e5a07037750e97dca575c690,https://open.spotify.com/album/4bcUiX49wpmDRhrC8TvDWV,metal/Hardwired…To-Self-Destruct-(Deluxe)-Metallica.jpg
HUMAN ERR0R,Ghostemane,https://i.scdn.co/image/ab67616d0000b2735abcea911bfb4b25200f770f,https://open.spotify.com/album/5CUBWdPcLPRctBuUY04boT,metal/HUMAN-ERR0R-Ghostemane.jpg
Resist (Extended Deluxe),Within-Temptation,https://i.scdn.co/image/ab67616d0000b27374615e79e3ec1228d8697e21,https://open.spotify.com/album/1SL2IdaCrXDtv695Px6AXR,metal/Resist-(Extended-Deluxe)-Within-Temptation.jpg
Blood of the Saints,Powerwolf,https://i.scdn.co/image/ab67616d0000b27346c550081a2f5674e2cf608d,https://open.spotify.com/album/1MSxQKpaZ2nPubMVQi9V3N,metal/Blood-of-the-Saints-Powerwolf.jpg
Verkligheten,Soilwork,https://i.scdn.co/image/ab67616d0000b273e80dd6bdb67f124c62a671ae,https://open.spotify.com/album/0RA9GbvuV3aC4mgFq0oTMW,metal/Verkligheten-Soilwork.jpg
RAMMSTEIN,Rammstein,https://i.scdn.co/image/ab67616d0000b27302add2c77fb6999e311a3248,https://open.spotify.com/album/1LoyJQVHPLHE3fCCS8Juek,metal/RAMMSTEIN-Rammstein.jpg
Blessed & Possessed,Powerwolf,https://i.scdn.co/image/ab67616d0000b273548ded7a6630965dc0d6f46f,https://open.spotify.com/album/7pLj8emutrO3tdnPzN4ISb,metal/Blessed-&-Possessed-Powerwolf.jpg
The Rise of Chaos,Accept,https://i.scdn.co/image/ab67616d0000b273aee495c22f14e75cecfa217f,https://open.spotify.com/album/1kzfP9URLnFFCN3H0mrOFo,metal/The-Rise-of-Chaos-Accept.jpg
Beyond Hell / Above Heaven,Volbeat,https://i.scdn.co/image/ab67616d0000b2730a414fa735f6e9d7c27f4523,https://open.spotify.com/album/2gBziT8McYGmC7Vzf4BsK9,metal/Beyond-Hell---Above-Heaven-Volbeat.jpg
Piece of Mind (2015 Remaster),Iron-Maiden,https://i.scdn.co/image/ab67616d0000b2732277d1a849a63c7075ec38ff,https://open.spotify.com/album/7I9Wh2IgvI3Nnr8Z1ZSWby,metal/Piece-of-Mind-(2015-Remaster)-Iron-Maiden.jpg
Atlas,Parkway-Drive,https://i.scdn.co/image/ab67616d0000b273356c88f4aacba39173266b8e,https://open.spotify.com/album/0bdtf7LHukCZbCyKMYdHXP,metal/Atlas-Parkway-Drive.jpg
Jomsviking,Amon-Amarth,https://i.scdn.co/image/ab67616d0000b273a6c97e91aad5eecb10919b15,https://open.spotify.com/album/79GLbXCHnsOG9TBzvtS3sy,metal/Jomsviking-Amon-Amarth.jpg
Unto the Locust (Special Edition),Machine-Head,https://i.scdn.co/image/ab67616d0000b2732fa3e471bead2f607a1f03ab,https://open.spotify.com/album/79EwDnZoH0n7vIAXmYP1cz,metal/Unto-the-Locust-(Special-Edition)-Machine-Head.jpg
Bismarck,Sabaton,https://i.scdn.co/image/ab67616d0000b2734f41a332a8deb1ff7b9ebafe,https://open.spotify.com/album/3RIq2tHWbtfYMZmd6tPTwY,metal/Bismarck-Sabaton.jpg
Berserker,Beast-In-Black,https://i.scdn.co/image/ab67616d0000b273bc64fa76aee6d590e443fffe,https://open.spotify.com/album/6fLTpmXlBt69yjzPvRkaBo,metal/Berserker-Beast-In-Black.jpg
Shaped by Fire,As-I-Lay-Dying,https://i.scdn.co/image/ab67616d0000b273ace3409f33f1cd64f37c2c1f,https://open.spotify.com/album/3EazR9bCfKpB7AxiOqGKGa,metal/Shaped-by-Fire-As-I-Lay-Dying.jpg
RAMMSTEIN,Rammstein,https://i.scdn.co/image/ab67616d0000b27302add2c77fb6999e311a3248,https://open.spotify.com/album/1LoyJQVHPLHE3fCCS8Juek,metal/RAMMSTEIN-Rammstein.jpg
Arson,Harakiri-for-the-Sky,https://i.scdn.co/image/ab67616d0000b2737cf2fa22321c862465e237da,https://open.spotify.com/album/2swBN6MZL9myFcJPgqQR2V,metal/Arson-Harakiri-for-the-Sky.jpg
Prophecy of Ragnarök,Brothers-of-Metal,https://i.scdn.co/image/ab67616d0000b27366a38b753013c0e66084830c,https://open.spotify.com/album/3hkZ5FWUJ23YKAMotqbTm0,metal/Prophecy-of-Ragnarök-Brothers-of-Metal.jpg
All Out Life,Slipknot,https://i.scdn.co/image/ab67616d0000b273120ad9d866b0575b2afeeafb,https://open.spotify.com/album/65QFxYBGGQGGvAcW0YNMXa,metal/All-Out-Life-Slipknot.jpg
Evolution (Deluxe Edition),Disturbed,https://i.scdn.co/image/ab67616d0000b2731c8a25920cf6c0967dd67ac5,https://open.spotify.com/album/1IpufqmucrxYUJQxf1AP0n,metal/Evolution-(Deluxe-Edition)-Disturbed.jpg
The Concrete Confessional,Hatebreed,https://i.scdn.co/image/ab67616d0000b273db197978cdead2fccb5bfd9e,https://open.spotify.com/album/1LG9oSoshyuwFt25Qlwglh,metal/The-Concrete-Confessional-Hatebreed.jpg
Bringer of Pain,Battle-Beast,https://i.scdn.co/image/ab67616d0000b2735dbaa77b6eb154d06b075771,https://open.spotify.com/album/2YGNSXfdt1JdenpFXnN13o,metal/Bringer-of-Pain-Battle-Beast.jpg
Venomous Rat Regeneration Vendor,Rob-Zombie,https://i.scdn.co/image/ab67616d0000b273b06c1c7178b6a6602dc95c03,https://open.spotify.com/album/1y6e636ylJkwxsBwk89gS6,metal/Venomous-Rat-Regeneration-Vendor-Rob-Zombie.jpg
Revival,Light-The-Torch,https://i.scdn.co/image/ab67616d0000b273fb5896e1ceafb2f43feae134,https://open.spotify.com/album/7dKXOhHlJaTCnwBQpxh1vY,metal/Revival-Light-The-Torch.jpg
Human,Three-Days-Grace,https://i.scdn.co/image/ab67616d0000b2738443a724ced4e3bef303fb7a,https://open.spotify.com/album/0YkHsU3Mblh7jvNngbV20W,metal/Human-Three-Days-Grace.jpg
Battles,In-Flames,https://i.scdn.co/image/ab67616d0000b273154825c5957a2b9774ceb8b0,https://open.spotify.com/album/2bHzbOfXCyUSmk5l4IvmKq,metal/Battles-In-Flames.jpg
Silence in the Snow,Trivium,https://i.scdn.co/image/ab67616d0000b273c3ff70d7e2cc94ee82d86126,https://open.spotify.com/album/5ZR5Nxs0Q9sQdNicw8u0fe,metal/Silence-in-the-Snow-Trivium.jpg
Infestissumam,Ghost,https://i.scdn.co/image/ab67616d0000b273e2523f62019aba1b06e16f7e,https://open.spotify.com/album/32CbQps06lUasiux6N8tP3,metal/Infestissumam-Ghost.jpg
Golgotha,W.A.S.P.,https://i.scdn.co/image/ab67616d0000b273dd708c6141797fe99affed24,https://open.spotify.com/album/6yzU8QYj6od609Pu17e7kP,metal/Golgotha-W.A.S.P..jpg
Heart of the Hurricane,Beyond-The-Black,https://i.scdn.co/image/ab67616d0000b2734d6bee0b784bb7ef6cf94635,https://open.spotify.com/album/6KEsvcKdnCdRnJ1zWpMFpE,metal/Heart-of-the-Hurricane-Beyond-The-Black.jpg
The Nexus,Amaranthe,https://i.scdn.co/image/ab67616d0000b2736e1996d8839748b11468f129,https://open.spotify.com/album/6431V8pOEUPUW4k9ASyKCV,metal/The-Nexus-Amaranthe.jpg
N.A.T.I.O.N.,Bad-Wolves,https://i.scdn.co/image/ab67616d0000b2731289003f4068380088b64043,https://open.spotify.com/album/1OSVLEGK6WXM1wPsF4v5M1,metal/N.A.T.I.O.N.-Bad-Wolves.jpg
The Dirt Soundtrack,Mötley-Crüe,https://i.scdn.co/image/ab67616d0000b273396a05b4c4ffd8f11b939044,https://open.spotify.com/album/41yK0Yl2fDWKMSn3l3Ii3u,metal/The-Dirt-Soundtrack-Mötley-Crüe.jpg
Black Flame,Bury-Tomorrow,https://i.scdn.co/image/ab67616d0000b273c4c6771de2d1f0872d881508,https://open.spotify.com/album/3wTcqfTsKuDvDdbKYPTE2I,metal/Black-Flame-Bury-Tomorrow.jpg
Imaginaerum (Deluxe Bonus Version),Nightwish,https://i.scdn.co/image/ab67616d0000b27395a5f9f967ad9a60d7d35e83,https://open.spotify.com/album/6gTT77DgtftbvP5ISDGGwO,metal/Imaginaerum-(Deluxe-Bonus-Version)-Nightwish.jpg
VII: Sturm und Drang (Deluxe Version),Lamb-of-God,https://i.scdn.co/image/ab67616d0000b2739e0b280a62cf8e0072dbb45b,https://open.spotify.com/album/629YXLcyiFGirB4cm8Oucu,metal/VII:-Sturm-und-Drang-(Deluxe-Version)-Lamb-of-God.jpg
Holy Hell,Architects,https://i.scdn.co/image/ab67616d0000b2730f08d4e55ebd266b7c3e8d74,https://open.spotify.com/album/3gh9LlHXtUEPkqsWj60Qy7,metal/Holy-Hell-Architects.jpg
The Last Stand,Sabaton,https://i.scdn.co/image/ab67616d0000b2734186b858259c9ebf72bf6950,https://open.spotify.com/album/3KePhGKcmAXACdYBFtILDX,metal/The-Last-Stand-Sabaton.jpg
Winter Kills,DevilDriver,https://i.scdn.co/image/ab67616d0000b2735ec76999669d4a17f9f374b9,https://open.spotify.com/album/3RGEn6GMNXVTFO2buzqgsl,metal/Winter-Kills-DevilDriver.jpg
The Legacy of Shi,Rise-Of-The-Northstar,https://i.scdn.co/image/ab67616d0000b2731c68eff72ff0e951574a1e65,https://open.spotify.com/album/0BcG1327bQBcg09ysnzudZ,metal/The-Legacy-of-Shi-Rise-Of-The-Northstar.jpg
Disarm the Descent (Special Edition),Killswitch-Engage,https://i.scdn.co/image/ab67616d0000b27341f130b95f06817413147298,https://open.spotify.com/album/5I6bH0UaVR4LnKmVUWDZoD,metal/Disarm-the-Descent-(Special-Edition)-Killswitch-Engage.jpg
Dark Skies,Fit-For-A-King,https://i.scdn.co/image/ab67616d0000b2737c3fe6445b0693d0ddcb25ca,https://open.spotify.com/album/73AvGSgwYiht6qw4p7LmLc,metal/Dark-Skies-Fit-For-A-King.jpg
13,Black-Sabbath,https://i.scdn.co/image/ab67616d0000b273a7e7bfdfd15d41435f17ba64,https://open.spotify.com/album/5WXL9YjbNd4GIqWc9mZOOq,metal/13-Black-Sabbath.jpg
The Grinding Wheel,Overkill,https://i.scdn.co/image/ab67616d0000b273571675c380c71ed2c5184e5d,https://open.spotify.com/album/2ipM355Ls9KXvq3Xo5MwQG,metal/The-Grinding-Wheel-Overkill.jpg
Nightmare Logic,Power-Trip,https://i.scdn.co/image/ab67616d0000b273fbe6b24ddc7dc5075cbab217,https://open.spotify.com/album/3suNG9n4WGYQabXhUTkQ70,metal/Nightmare-Logic-Power-Trip.jpg
Blood In Blood Out,Exodus,https://i.scdn.co/image/ab67616d0000b273c1406e424ba336122a956a7b,https://open.spotify.com/album/6ADCzwIfUXx602GGCvYPzY,metal/Blood-In-Blood-Out-Exodus.jpg
Scream (Expanded Edition),Ozzy-Osbourne,https://i.scdn.co/image/ab67616d0000b27324851127b3387dfcf056808b,https://open.spotify.com/album/72OTYgFKqc6ALaGfXZQUWM,metal/Scream-(Expanded-Edition)-Ozzy-Osbourne.jpg
The Oracle (Deluxe Edition),Godsmack,https://i.scdn.co/image/ab67616d0000b273b43a15c506be1d7ea9f0caa0,https://open.spotify.com/album/6yOWKkrlpmUWOC5yndULeq,metal/The-Oracle-(Deluxe-Edition)-Godsmack.jpg
War Eternal,Arch-Enemy,https://i.scdn.co/image/ab67616d0000b273ffe6955b65d9425f0cce4472,https://open.spotify.com/album/3qzrNVuUyOJxfzMYRCh5qN,metal/War-Eternal-Arch-Enemy.jpg
Blood Of The Nations,Accept,https://i.scdn.co/image/ab67616d0000b27353f472a6a6a32e8ea6f404c7,https://open.spotify.com/album/70gEplvmKUXn50LfDh1GIO,metal/Blood-Of-The-Nations-Accept.jpg
The Mortal Coil,Polaris,https://i.scdn.co/image/ab67616d0000b27368bb82b3a30353a20869f39c,https://open.spotify.com/album/6jhjtf53IXjEMMolFVZfH7,metal/The-Mortal-Coil-Polaris.jpg
Eat The Elephant,A-Perfect-Circle,https://i.scdn.co/image/ab67616d0000b2732aa2cd2ad88867eccce47b4e,https://open.spotify.com/album/3Jr1RhAyndBxtyi8rJs3Op,metal/Eat-The-Elephant-A-Perfect-Circle.jpg
Sounds of a Playground Fading,In-Flames,https://i.scdn.co/image/ab67616d0000b27374834493889f9d4dfd601061,https://open.spotify.com/album/5sntGYi5etQESPeKSa89JR,metal/Sounds-of-a-Playground-Fading-In-Flames.jpg
Brainwashed (Deluxe),While-She-Sleeps,https://i.scdn.co/image/ab67616d0000b273db27fccd2f05acdd987c14ee,https://open.spotify.com/album/30TMZxAS5atxns4X1e8LOQ,metal/Brainwashed-(Deluxe)-While-She-Sleeps.jpg
That's The Spirit,Bring-Me-The-Horizon,https://i.scdn.co/image/ab67616d0000b273736145b97bab8fa92cb6113f,https://open.spotify.com/album/7FqHuAvmREiIwVXVpZ9ooP,metal/That's-The-Spirit-Bring-Me-The-Horizon.jpg
Periphery III: Select Difficulty,Periphery,https://i.scdn.co/image/ab67616d0000b273c4e9a067fc1fca367e1aaf36,https://open.spotify.com/album/1NBUh16Mfz7kNjIJKVO9sC,metal/Periphery-III:-Select-Difficulty-Periphery.jpg
Defy,Of-Mice-&-Men,https://i.scdn.co/image/ab67616d0000b2738237d03c649302980ded387b,https://open.spotify.com/album/78yMb0lsPLAEuugaeLeLL0,metal/Defy-Of-Mice-&-Men.jpg
Our Endless War,Whitechapel,https://i.scdn.co/image/ab67616d0000b273bc217f13765d008be2633a1f,https://open.spotify.com/album/4ldi4wEpZSlSw9DGE2Sx85,metal/Our-Endless-War-Whitechapel.jpg
For We Are Many,All-That-Remains,https://i.scdn.co/image/ab67616d0000b273d95df8ab5382d116e021959c,https://open.spotify.com/album/265S1PnneYr8bc7LH3wxxt,metal/For-We-Are-Many-All-That-Remains.jpg
Repentless,Slayer,https://i.scdn.co/image/ab67616d0000b2739385a07d859de2aac5da7049,https://open.spotify.com/album/4w99bkmWwryeYvw2zFYt9M,metal/Repentless-Slayer.jpg
Gravity,Bullet-For-My-Valentine,https://i.scdn.co/image/ab67616d0000b273678614607d963702636ee75a,https://open.spotify.com/album/28sCbClwbAhHN6ovutizQg,metal/Gravity-Bullet-For-My-Valentine.jpg
Brotherhood of the Snake,Testament,https://i.scdn.co/image/ab67616d0000b27397464fd9e0bdac0722ee2caf,https://open.spotify.com/album/1Dds3ubhvSj5vr86lzk5k2,metal/Brotherhood-of-the-Snake-Testament.jpg
The Black,Asking-Alexandria,https://i.scdn.co/image/ab67616d0000b27309c75d1cfb683d10fd4b3eb3,https://open.spotify.com/album/399w1uaOvKhnkczdMMZYoy,metal/The-Black-Asking-Alexandria.jpg
Hate,Thy-Art-Is-Murder,https://i.scdn.co/image/ab67616d0000b273e2c9bcf1ae2bafc0f6b01c0d,https://open.spotify.com/album/0SIgxCGt8Nxyb126A3NYBU,metal/Hate-Thy-Art-Is-Murder.jpg
Firepower,Judas-Priest,https://i.scdn.co/image/ab67616d0000b2735c48f1b63e4b70cf96ffb088,https://open.spotify.com/album/7p3G0OCxtlWyJcPE1FxnyB,metal/Firepower-Judas-Priest.jpg
The Future in Whose Eyes?,SikTh,https://i.scdn.co/image/ab67616d0000b273f8c6caab2290af85b653fb05,https://open.spotify.com/album/3AglitukJSID7M51tDEDdH,metal/The-Future-in-Whose-Eyes?-SikTh.jpg
Blood,In-This-Moment,https://i.scdn.co/image/ab67616d0000b273c6aa6fca567129638c3c4355,https://open.spotify.com/album/3u8UbYIIZkOtawXLDuu57l,metal/Blood-In-This-Moment.jpg
Shadows Inside,Miss-May-I,https://i.scdn.co/image/ab67616d0000b2732a13eb517e793cea9c835b46,https://open.spotify.com/album/5hjlMSENMKPc21HuK3mINd,metal/Shadows-Inside-Miss-May-I.jpg
Once More 'Round the Sun,Mastodon,https://i.scdn.co/image/ab67616d0000b2736faddf21400e22f617bcd2e4,https://open.spotify.com/album/7mEkBi9a2p2f1WQbnH8Qk5,metal/Once-More-'Round-the-Sun-Mastodon.jpg
The Holographic Principle,Epica,https://i.scdn.co/image/ab67616d0000b273960a27d9cc0600db13a9e136,https://open.spotify.com/album/0DdC6Ddd4U6rMcNhS3FffF,metal/The-Holographic-Principle-Epica.jpg
You Are We,While-She-Sleeps,https://i.scdn.co/image/ab67616d0000b273c29eec7702466cebfe864198,https://open.spotify.com/album/26wFh7VUA3ykYy2IMVdHpI,metal/You-Are-We-While-She-Sleeps.jpg
Blood For Blood,HELLYEAH,https://i.scdn.co/image/ab67616d0000b273ba322d5faed51c07fd6f47f1,https://open.spotify.com/album/6O24vHd68xPWQZGU9ppv7G,metal/Blood-For-Blood-HELLYEAH.jpg
Strength in Numbers,The-Haunted,https://i.scdn.co/image/ab67616d0000b273e3177cf995c7514bedaaa53a,https://open.spotify.com/album/5GVpTi1IWHZWsb6FMUhwrN,metal/Strength-in-Numbers-The-Haunted.jpg
The Pale Emperor,Marilyn-Manson,https://i.scdn.co/image/ab67616d0000b2737ff2555301b6a0bdd629bac2,https://open.spotify.com/album/0F9brQbQ3vLDYyTElx9f9n,metal/The-Pale-Emperor-Marilyn-Manson.jpg
Bad Magic,Motörhead,https://i.scdn.co/image/ab67616d0000b273a24a1e56a7c7b7de341babde,https://open.spotify.com/album/6dMv1580G91kLYjquABSPQ,metal/Bad-Magic-Motörhead.jpg
Restoring Force,Of-Mice-&-Men,https://i.scdn.co/image/ab67616d0000b27395d0fe3c442f412d0e3a4c21,https://open.spotify.com/album/4cntNMQjpROMQmevKb8H9f,metal/Restoring-Force-Of-Mice-&-Men.jpg
The Evil Divide,Death-Angel,https://i.scdn.co/image/ab67616d0000b273eb9a1a9cef7fb756a68e4354,https://open.spotify.com/album/5aECkLUyXtjfrbcIh3alJ1,metal/The-Evil-Divide-Death-Angel.jpg
Snakes For The Divine,High-On-Fire,https://i.scdn.co/image/ab67616d0000b27393e33085262ee4419a8e3f2d,https://open.spotify.com/album/064du5ghHslVEkh80bT7wr,metal/Snakes-For-The-Divine-High-On-Fire.jpg
Deadweight,Wage-War,https://i.scdn.co/image/ab67616d0000b273cf835d6ada985cb303254f96,https://open.spotify.com/album/0c4JrJyBCQHU0Pq3td483f,metal/Deadweight-Wage-War.jpg
Tomorrow We Die Alive,Born-Of-Osiris,https://i.scdn.co/image/ab67616d0000b2734d3b8a7bb094d3eb76b2de4b,https://open.spotify.com/album/5ttebRYn0OFb5dnmCythXf,metal/Tomorrow-We-Die-Alive-Born-Of-Osiris.jpg
Madness,All-That-Remains,https://i.scdn.co/image/ab67616d0000b2731d7560b0426cd7d7e26c2bcc,https://open.spotify.com/album/2Jf9p35vqs8jEReDRJsEDE,metal/Madness-All-That-Remains.jpg
Sol Invictus,Faith-No-More,https://i.scdn.co/image/ab67616d0000b27396fa71273d9bba4727bf0fb5,https://open.spotify.com/album/5qp9HbqfqVZNRa0ZCApASw,metal/Sol-Invictus-Faith-No-More.jpg
The Violent Sleep of Reason,Meshuggah,https://i.scdn.co/image/ab67616d0000b2736ffe054523fedb54b64f9115,https://open.spotify.com/album/7iqG1CTQwnil3TQ0Tiq9DD,metal/The-Violent-Sleep-of-Reason-Meshuggah.jpg
Fear Inoculum,TOOL,https://i.scdn.co/image/ab67616d0000b273a3e829a04b1fa282a69e4694,https://open.spotify.com/album/7acEciVtnuTzmwKptkjth5,metal/Fear-Inoculum-TOOL.jpg
Diamond Eyes,Deftones,https://i.scdn.co/image/ab67616d0000b27372c2145d48f68917a7361b15,https://open.spotify.com/album/1GjjBpY2iDwSQs5bykQI5e,metal/Diamond-Eyes-Deftones.jpg
Mutter,Rammstein,https://i.scdn.co/image/ab67616d0000b2738b2c42026277efc3e058855b,https://open.spotify.com/album/1CtTTpKbHU8KbHRB4LmBbv,metal/Mutter-Rammstein.jpg
The Number of the Beast (2015 Remaster),Iron-Maiden,https://i.scdn.co/image/ab67616d0000b2735c29a88ba5341ca428f0c322,https://open.spotify.com/album/5S3gls8Kjn8KVmqlIDEBbO,metal/The-Number-of-the-Beast-(2015-Remaster)-Iron-Maiden.jpg
Toxicity,System-Of-A-Down,https://i.scdn.co/image/ab67616d0000b27328afd76e21eed9788506c40e,https://open.spotify.com/album/5AOu8nTJSHWiIDxPvcIDRF,metal/Toxicity-System-Of-A-Down.jpg
British Steel,Judas-Priest,https://i.scdn.co/image/ab67616d0000b273be0e5ebab8c61469b1ff9f62,https://open.spotify.com/album/5bqtZRbUZUxUps8mrO9tGY,metal/British-Steel-Judas-Priest.jpg
Sempiternal (Expanded Edition),Bring-Me-The-Horizon,https://i.scdn.co/image/ab67616d0000b27360cf7c8dd93815ccd6cb4830,https://open.spotify.com/album/6IYPmM3xsOPL2XPSvf1ZAz,metal/Sempiternal-(Expanded-Edition)-Bring-Me-The-Horizon.jpg
The Great War,Sabaton,https://i.scdn.co/image/ab67616d0000b273b37a2bb117c7ae30ee77b6bd,https://open.spotify.com/album/7FtCDX4COLE3HR2vBv7411,metal/The-Great-War-Sabaton.jpg
Doom (Original Game Soundtrack),Mick-Gordon,https://i.scdn.co/image/ab67616d0000b273aad36b64a1a78951b504bc4e,https://open.spotify.com/album/0KQyC28P9808r0oKKNgHvp,metal/Doom-(Original-Game-Soundtrack)-Mick-Gordon.jpg
Vulgar Display of Power,Pantera,https://i.scdn.co/image/ab67616d0000b273347c0a40c1e3f0c890a6d9d6,https://open.spotify.com/album/7kW0cpKgSVsEqcc8xgbSb0,metal/Vulgar-Display-of-Power-Pantera.jpg
Blood of the Saints,Powerwolf,https://i.scdn.co/image/ab67616d0000b27346c550081a2f5674e2cf608d,https://open.spotify.com/album/1MSxQKpaZ2nPubMVQi9V3N,metal/Blood-of-the-Saints-Powerwolf.jpg
Got Your Six,Five-Finger-Death-Punch,https://i.scdn.co/image/ab67616d0000b273295294827ebbbb6293915643,https://open.spotify.com/album/5YEezQ7GrCn9pJ6BzuCmcq,metal/Got-Your-Six-Five-Finger-Death-Punch.jpg
Ten Thousand Fists,Disturbed,https://i.scdn.co/image/ab67616d0000b2739ed426cd696d9bfc8215fff6,https://open.spotify.com/album/0Te7OvzuUMnbsqCneIDUm6,metal/Ten-Thousand-Fists-Disturbed.jpg
Holy Diver,Dio,https://i.scdn.co/image/ab67616d0000b27315350aa1c89e23a5fa6c0de1,https://open.spotify.com/album/1QJmLRcuIMMjZ49elafR3K,metal/Holy-Diver-Dio.jpg
Inhuman Rampage,DragonForce,https://i.scdn.co/image/ab67616d0000b273aba1be9e11135df25f6f1e49,https://open.spotify.com/album/0ArDqNElLSOLvF98oFNUNp,metal/Inhuman-Rampage-DragonForce.jpg
The Last Stand,Sabaton,https://i.scdn.co/image/ab67616d0000b2730c100c40bdedea776770e7aa,https://open.spotify.com/album/14OgR04PHXULz1svvsol8L,metal/The-Last-Stand-Sabaton.jpg
We Are Not Your Kind,Slipknot,https://i.scdn.co/image/ab67616d0000b27326f20b4d67c0c7b0f137ce4f,https://open.spotify.com/album/754RY5WpZ2LTUZsk8kDBju,metal/We-Are-Not-Your-Kind-Slipknot.jpg
Follow The Leader,Korn,https://i.scdn.co/image/ab67616d0000b27350d216aebaf98e8ac9947fd5,https://open.spotify.com/album/0gsiszk6JWYwAyGvaTTud4,metal/Follow-The-Leader-Korn.jpg
Sehnsucht,Rammstein,https://i.scdn.co/image/ab67616d0000b273a715d32590424cd667879ba3,https://open.spotify.com/album/2w6Vy8qZLU4niyQAHyu0Ag,metal/Sehnsucht-Rammstein.jpg
Defence of Moscow,Sabaton,https://i.scdn.co/image/ab67616d0000b273ff62fb994eee2b31b3a4df02,https://open.spotify.com/album/6sJEfwnTIxQZC1boBo2aqY,metal/Defence-of-Moscow-Sabaton.jpg
Wintersaga,Wind-Rose,https://i.scdn.co/image/ab67616d0000b2732bc72d41450826d2a81b2280,https://open.spotify.com/album/2C0EZtKA9v6wCq2pZMMxRd,metal/Wintersaga-Wind-Rose.jpg
Master Of Puppets (Remastered),Metallica,https://i.scdn.co/image/ab67616d0000b273668e3aca3167e6e569a9aa20,https://open.spotify.com/album/2Lq2qX3hYhiuPckC8Flj21,metal/Master-Of-Puppets-(Remastered)-Metallica.jpg
War is the Answer,Five-Finger-Death-Punch,https://i.scdn.co/image/ab67616d0000b273021dd6fc31a42ac4e4ab778c,https://open.spotify.com/album/6UVYgnSnY4ytapGgBY4BzZ,metal/War-is-the-Answer-Five-Finger-Death-Punch.jpg
Meliora,Ghost,https://i.scdn.co/image/ab67616d0000b273a256ca1c8b636857574886fe,https://open.spotify.com/album/74QTwjBLo1eLqpjL320rXX,metal/Meliora-Ghost.jpg
Hail to the King,Avenged-Sevenfold,https://i.scdn.co/image/ab67616d0000b2730ea1ecb2d5271c2db402b0c2,https://open.spotify.com/album/0ks45m1bsP2JsZpM5D2FFA,metal/Hail-to-the-King-Avenged-Sevenfold.jpg
