!volare! the very best of the gipsy kings,gipsy-kings,https://i.scdn.co/image/ab67616d0000b273b05ca66ebcd3135cc47ce993,https://open.spotify.com/album/1i1pxmve6exx9i3blhq3id,latin/!volare!-the-very-best-of-the-gipsy-kings-gipsy-kings.jpg
"1, 2, 3 (feat. jason derulo & de la ghetto)",sofía-reyes,https://i.scdn.co/image/ab67616d0000b273775d1e288c04237d896e8357,https://open.spotify.com/album/1jhsafchkufx5imuezi7he,"latin/1,-2,-3-(feat.-jason-derulo-&-de-la-ghetto)-sofía-reyes.jpg"
11:11,maluma,https://i.scdn.co/image/ab67616d0000b273073bc2070f7fa02b2a6bda64,https://open.spotify.com/album/3yiunl7qfe8np3x3zaysnd,latin/11:11-maluma.jpg
15 exitos de- oscar d leon,oscar-d'león,https://i.scdn.co/image/ab67616d0000b273299210aa79f235e45b6c8d4e,https://open.spotify.com/album/412arc7byotb5iwnc6fz6i,latin/15-exitos-de--oscar-d-leon-oscar-d'león.jpg
16 éxitos de oro,alejandra-guzman,https://i.scdn.co/image/ab67616d0000b2735ddba02aef89eaf2a065a64f,https://open.spotify.com/album/6ugipz6zx3iwpw4hgpp9fk,latin/16-éxitos-de-oro-alejandra-guzman.jpg
2 grandes de la salsa vol. 4,various-artists,https://i.scdn.co/image/ab67616d0000b273f86f333df7034165b37bdc44,https://open.spotify.com/album/0eowrfcaxaroasmm50he7s,latin/2-grandes-de-la-salsa-vol.-4-various-artists.jpg
2/catorce,rauw-alejandro,https://i.scdn.co/image/ab67616d0000b273c9ad83aa591e331a1e773ce2,https://open.spotify.com/album/23ceovjypwscuj9zrw8fno,latin/2-catorce-rauw-alejandro.jpg
2:50 remix,mya,https://i.scdn.co/image/ab67616d0000b27339265f49323199c1be1fedaa,https://open.spotify.com/album/0hbwacjgbgp2gutkpqha8d,latin/2:50-remix-mya.jpg
2en1,cristian-castro,https://i.scdn.co/image/ab67616d0000b273bb3b0136fcc2049a4c69be09,https://open.spotify.com/album/55p4d6ubsommrdmaxvn6mp,latin/2en1-cristian-castro.jpg
3 de la mañana,mau-y-ricky,https://i.scdn.co/image/ab67616d0000b273c578e9c01e70ef6a43314ee2,https://open.spotify.com/album/1vdsa2ed7ur8kspgslqnnt,latin/3-de-la-mañana-mau-y-ricky.jpg
3.0,marc-anthony,https://i.scdn.co/image/ab67616d0000b27321be16e998effa9f1f4b63a9,https://open.spotify.com/album/6vbplg3t8bojcqzoki6m0r,latin/3.0-marc-anthony.jpg
32 cañonazos,joe-arroyo,https://i.scdn.co/image/ab67616d0000b2730c2c6e30fedd6dc367484d79,https://open.spotify.com/album/6ubtk1qvlwqsblspjfxtzn,latin/32-cañonazos-joe-arroyo.jpg
42,sech,https://i.scdn.co/image/ab67616d0000b273fe23dd528684203b1b2eb754,https://open.spotify.com/album/3trrovxwgrsfbu3myhqsvj,latin/42-sech.jpg
911,sech,https://i.scdn.co/image/ab67616d0000b2735639a77e5474c51ec19701b8,https://open.spotify.com/album/4g5vks8uru6hwvdzba0fp1,latin/911-sech.jpg
a la mar,vicente-garcia,https://i.scdn.co/image/ab67616d0000b273d736613f902425dbf608194d,https://open.spotify.com/album/5afhhk03afhr76hfjrnobe,latin/a-la-mar-vicente-garcia.jpg
a little bit of mambo,lou-bega,https://i.scdn.co/image/ab67616d0000b273cf505191afa6a1978418fdf8,https://open.spotify.com/album/13bmlghvclbn3xzkb8hiai,latin/a-little-bit-of-mambo-lou-bega.jpg
a musical massacre,the-beatnuts,https://i.scdn.co/image/ab67616d0000b2730f1e1e41a7a78ddf61ee8972,https://open.spotify.com/album/1elbbqa8xpbzdp4dtjmb66,latin/a-musical-massacre-the-beatnuts.jpg
a quien quiera escuchar (deluxe edition),ricky-martin,https://i.scdn.co/image/ab67616d0000b27375862efcb6e061bf1721defb,https://open.spotify.com/album/375cud86z58eqxn2yw3do9,latin/a-quien-quiera-escuchar-(deluxe-edition)-ricky-martin.jpg
a través del vaso,grupo-arranke,https://i.scdn.co/image/ab67616d0000b2737daf936107946d621174c3cd,https://open.spotify.com/album/4ushx3znzgciumnqg9bfoo,latin/a-través-del-vaso-grupo-arranke.jpg
adan y eva,paulo-londra,https://i.scdn.co/image/ab67616d0000b27344de3fd4618260574d905bcc,https://open.spotify.com/album/1xbtyv1if5x9su4ihpfh5r,latin/adan-y-eva-paulo-londra.jpg
adicto (with anuel aa & ozuna),tainy,https://i.scdn.co/image/ab67616d0000b27354e5aec17a447066f52874fb,https://open.spotify.com/album/7nqa49hzxjwph4cnm8nk6x,latin/adicto-(with-anuel-aa-&-ozuna)-tainy.jpg
admv (versión urbana),maluma,https://i.scdn.co/image/ab67616d0000b273de72f467a749d177f56edba6,https://open.spotify.com/album/2icmasfpesztzesqmlootz,latin/admv-(versión-urbana)-maluma.jpg
adn,manuel-turizo,https://i.scdn.co/image/ab67616d0000b273c5c0424134778b0f0191aed2,https://open.spotify.com/album/0cumvfalkfhzm6xo0erxli,latin/adn-manuel-turizo.jpg
afrodisíaco,rauw-alejandro,https://i.scdn.co/image/ab67616d0000b2733926e048d839e1173fe17326,https://open.spotify.com/album/3fq06ddikaddrb9rubb22v,latin/afrodisíaco-rauw-alejandro.jpg
"agua (with j balvin) [music from ""sponge on the run"" movie]",tainy,https://i.scdn.co/image/ab67616d0000b27371ea2f5a8d457b18d2bef061,https://open.spotify.com/album/6pvn0rvvbqe21voegmtdrs,"latin/agua-(with-j-balvin)-[music-from-""sponge-on-the-run""-movie]-tainy.jpg"
ahora dice,chris-jedi,https://i.scdn.co/image/ab67616d0000b273c2ebdb7961aa82110fa4877a,https://open.spotify.com/album/7jirydvqealzbilq8b1mob,latin/ahora-dice-chris-jedi.jpg
aire (versión día),jesse-&-joy,https://i.scdn.co/image/ab67616d0000b273958043a9561c7fb2f6616391,https://open.spotify.com/album/6ra5ijflnuwbbm8nhxa2zx,latin/aire-(versión-día)-jesse-&-joy.jpg
"aloha (feat. darell, mambo kingz & dj luian)",maluma,https://i.scdn.co/image/ab67616d0000b273e97a01325c43e1577ed49808,https://open.spotify.com/album/7f8usvm4vj3xlrztsbrfeh,"latin/aloha-(feat.-darell,-mambo-kingz-&-dj-luian)-maluma.jpg"
alter ego,prince-royce,https://i.scdn.co/image/ab67616d0000b2736012de41ed6b520b025c389f,https://open.spotify.com/album/3si9tt0meylf26borb6b5p,latin/alter-ego-prince-royce.jpg
am remix,nio-garcia,https://i.scdn.co/image/ab67616d0000b2732ae66aa58208495074d88fd0,https://open.spotify.com/album/1jtrs4ks666besh1guhyev,latin/am-remix-nio-garcia.jpg
amor a la mexicana,thalia,https://i.scdn.co/image/ab67616d0000b273607856fa5e26e9e33056abeb,https://open.spotify.com/album/2tojqfrdrnrnowtdy1blqd,latin/amor-a-la-mexicana-thalia.jpg
amor en coma,manuel-turizo,https://i.scdn.co/image/ab67616d0000b2738c81e79fe0b1bfa9df161749,https://open.spotify.com/album/0nhd8het1mqslp46azkdu2,latin/amor-en-coma-manuel-turizo.jpg
amor prohibido,selena,https://i.scdn.co/image/ab67616d0000b273c26a4f2195b3ecf63d2a30ae,https://open.spotify.com/album/6iv9wtw1nhnxssgkaxmp4e,latin/amor-prohibido-selena.jpg
amorfoda,bad-bunny,https://i.scdn.co/image/ab67616d0000b273f68d3148a46b457e05f2acde,https://open.spotify.com/album/4brjhfl3j50a69zktbzzag,latin/amorfoda-bad-bunny.jpg
andas en mi cabeza,chino-&-nacho,https://i.scdn.co/image/ab67616d0000b2736df5cc472d61a635abab06cf,https://open.spotify.com/album/0maegzfhja76nujyux7ygz,latin/andas-en-mi-cabeza-chino-&-nacho.jpg
ando bien pedo,banda-los-recoditos,https://i.scdn.co/image/ab67616d0000b2731f1b01fdd35b087a9b8fb23d,https://open.spotify.com/album/09qttnasck9vrnnk8yyh65,latin/ando-bien-pedo-banda-los-recoditos.jpg
anthology,tito-puente,https://i.scdn.co/image/ab67616d0000b273d8ce322dc93f69b6bdb696b7,https://open.spotify.com/album/0rgvskof34mljkdtudhlx3,latin/anthology-tito-puente.jpg
aries,luis-miguel,https://i.scdn.co/image/ab67616d0000b273e5f098d592c28ed04867b918,https://open.spotify.com/album/6ufaoildzoot75ejhrhfnc,latin/aries-luis-miguel.jpg
arriba huentitan,vicente-fernández,https://i.scdn.co/image/ab67616d0000b27342608c594516c29b06a957e1,https://open.spotify.com/album/5c4hwsmibtctkbbgb4ilx9,latin/arriba-huentitan-vicente-fernández.jpg
asalto navideño,willie-colón,https://i.scdn.co/image/ab67616d0000b273d04abf40e063389536924cfe,https://open.spotify.com/album/4tnqba58kybpv53g95lhle,latin/asalto-navideño-willie-colón.jpg
asondeguerra,juan-luis-guerra-4.40,https://i.scdn.co/image/ab67616d0000b273552ae7f465c58a22f295fe5b,https://open.spotify.com/album/2lqyd5gijxevg5md8kgeyl,latin/asondeguerra-juan-luis-guerra-4.40.jpg
asondeguerra tour (en vivo estadio olímpico de república dominicana/2012),juan-luis-guerra-4.40,https://i.scdn.co/image/ab67616d0000b273699313e8f5fe73b7474b6c9b,https://open.spotify.com/album/43lcnoro7ybayheztidrrg,latin/asondeguerra-tour-(en-vivo-estadio-olímpico-de-república-dominicana-2012)-juan-luis-guerra-4.40.jpg
atado a tu amor,chayanne,https://i.scdn.co/image/ab67616d0000b273f45720c1ccc4bc5ac36e465b,https://open.spotify.com/album/3libiznxzoekcv9oolm20i,latin/atado-a-tu-amor-chayanne.jpg
ay mi dios,iamchino,https://i.scdn.co/image/ab67616d0000b273c57420ac365a2a189b36d0d5,https://open.spotify.com/album/5ml2recp9gu2mpnc3skere,latin/ay-mi-dios-iamchino.jpg
"ay, dios mío!",karol-g,https://i.scdn.co/image/ab67616d0000b273787fe606ce7ab74559ec541f,https://open.spotify.com/album/1mmubqxa70ghyujk0q0u63,"latin/ay,-dios-mío!-karol-g.jpg"
bachata rosa,juan-luis-guerra-4.40,https://i.scdn.co/image/ab67616d0000b273d74413a7a54936754606fae4,https://open.spotify.com/album/1clblqinfw73cmzhonabw6,latin/bachata-rosa-juan-luis-guerra-4.40.jpg
"baila baila baila (remix) [feat. farruko, anuel aa]",ozuna,https://i.scdn.co/image/ab67616d0000b273231d5e78037b8063fb7edc0a,https://open.spotify.com/album/2njbaonul4fugofmpchugu,"latin/baila-baila-baila-(remix)-[feat.-farruko,-anuel-aa]-ozuna.jpg"
bailando por el mundo (feat. pitbull & el cata),juan-magán,https://i.scdn.co/image/ab67616d0000b273126b81268a7fd81254b50987,https://open.spotify.com/album/5nrieq87f96f29kyc09ozu,latin/bailando-por-el-mundo-(feat.-pitbull-&-el-cata)-juan-magán.jpg
bailar (feat. pitbull & elvis crespo),deorro,https://i.scdn.co/image/ab67616d0000b273180702d36d47f5e64d5b793b,https://open.spotify.com/album/22mgjjcdxcvkbuxqri81gs,latin/bailar-(feat.-pitbull-&-elvis-crespo)-deorro.jpg
bajo la mesa,morat,https://i.scdn.co/image/ab67616d0000b27338383c1d86fe24b5de72fb3f,https://open.spotify.com/album/7skwkkwi2c3azf5obqduy0,latin/bajo-la-mesa-morat.jpg
barrio fino (bonus track version),daddy-yankee,https://i.scdn.co/image/ab67616d0000b2737f68406bafad6162f6acdf8a,https://open.spotify.com/album/5i2hhiryymnqvmsbk9h8im,latin/barrio-fino-(bonus-track-version)-daddy-yankee.jpg
bebé,camilo,https://i.scdn.co/image/ab67616d0000b273a82e8d3dc5cea65aca690beb,https://open.spotify.com/album/0krfgu8xf8xzgoeecqujai,latin/bebé-camilo.jpg
bella,wolfine,https://i.scdn.co/image/ab67616d0000b27300f3f20aca8bce07b5e68af8,https://open.spotify.com/album/1ybo1pegipi8w5pzatgedd,latin/bella-wolfine.jpg
bichota,karol-g,https://i.scdn.co/image/ab67616d0000b273a9c7357101e65ee6af3c3789,https://open.spotify.com/album/6lo6i2ujmkc0u7ghbyha4y,latin/bichota-karol-g.jpg
big bang,los-enanitos-verdes,https://i.scdn.co/image/ab67616d0000b27335bf8a2179962114b8ec7585,https://open.spotify.com/album/3y63u5vmumugqi8lfuuy3a,latin/big-bang-los-enanitos-verdes.jpg
black sunday,cypress-hill,https://i.scdn.co/image/ab67616d0000b273ff2dc734e252aa62bd49ec42,https://open.spotify.com/album/02lktkm4j7k7n8t63gm7kx,latin/black-sunday-cypress-hill.jpg
blanco,j-balvin,https://i.scdn.co/image/ab67616d0000b273fc1c3e13f4538ca5402330a5,https://open.spotify.com/album/5mcubpuvl0i5q4cecq6cv4,latin/blanco-j-balvin.jpg
"boleros para enamorarse, vol. 2",various-artists,https://i.scdn.co/image/ab67616d0000b27327102cfd13d9300072d86392,https://open.spotify.com/album/3ewzi2pldtwzkit9pxhzoz,"latin/boleros-para-enamorarse,-vol.-2-various-artists.jpg"
brasileiro,sérgio-mendes,https://i.scdn.co/image/ab67616d0000b273768b6095113bf2e9b2411fa4,https://open.spotify.com/album/1afnx8gd49eklcjqqvlnra,latin/brasileiro-sérgio-mendes.jpg
buena vista social club,buena-vista-social-club,https://i.scdn.co/image/ab67616d0000b2732a896bf89ee1e87f1a774cb6,https://open.spotify.com/album/6dpdeaz0kdbccgxyy4q8bi,latin/buena-vista-social-club-buena-vista-social-club.jpg
bésame,luis-fonsi,https://i.scdn.co/image/ab67616d0000b2734289d8bf4f55fad259f9105c,https://open.spotify.com/album/2mqdkpwbqze7dmydgxebtt,latin/bésame-luis-fonsi.jpg
callaita,bad-bunny,https://i.scdn.co/image/ab67616d0000b2734aef420e62863ebf622c27f5,https://open.spotify.com/album/06s3qjh4qwltn6c7cvhyh7,latin/callaita-bad-bunny.jpg
calle 13 (explicit version),calle-13,https://i.scdn.co/image/ab67616d0000b273bf3d37f1fd6a7e2cb5fd1487,https://open.spotify.com/album/5pmuwmv2ocuitx7knczq16,latin/calle-13-(explicit-version)-calle-13.jpg
calma (remix),pedro-capó,https://i.scdn.co/image/ab67616d0000b273c736f0be0530ea1e1a7fd601,https://open.spotify.com/album/1tfnp9pwimemiuj92mfswz,latin/calma-(remix)-pedro-capó.jpg
cama incendiada,maná,https://i.scdn.co/image/ab67616d0000b273e7b7c3a49b7a0e2b39c5831a,https://open.spotify.com/album/36lglwe75ftsr4clvlfyqa,latin/cama-incendiada-maná.jpg
canción bonita,carlos-vives,https://i.scdn.co/image/ab67616d0000b273c6289acfa3c53e5fb964a204,https://open.spotify.com/album/0mykrhkniatx85k4bchl8u,latin/canción-bonita-carlos-vives.jpg
capital punishment (explicit version),big-pun,https://i.scdn.co/image/ab67616d0000b2738c7a8e68dc5c20bb72f713f2,https://open.spotify.com/album/3iihk2zlxkwuvajcbq9g4y,latin/capital-punishment-(explicit-version)-big-pun.jpg
caraluna,bacilos,https://i.scdn.co/image/ab67616d0000b273e1f4c211ce1ef95454bbbcc4,https://open.spotify.com/album/2bm009j81obnisrmbfwbjj,latin/caraluna-bacilos.jpg
caramelo,ozuna,https://i.scdn.co/image/ab67616d0000b2734122095eaf28b98e4d0ad4ae,https://open.spotify.com/album/6hze6aicweszsze5oklvmd,latin/caramelo-ozuna.jpg
carte blanche,dj-snake,https://i.scdn.co/image/ab67616d0000b273b638ba80fede94a6f609deac,https://open.spotify.com/album/6x0m8yo71mlqyg6ox1ixtu,latin/carte-blanche-dj-snake.jpg
cazame,maria-becerra,https://i.scdn.co/image/ab67616d0000b27310ff1ce4f19189a1280e328a,https://open.spotify.com/album/2yioaadk2tvesymbe2lfow,latin/cazame-maria-becerra.jpg
celia,celia-cruz,https://i.scdn.co/image/ab67616d0000b273e5d55d161d81f0dd9e644fd6,https://open.spotify.com/album/4avzqm7fhjj0vten0wehwx,latin/celia-celia-cruz.jpg
chica ideal,sebastian-yatra,https://i.scdn.co/image/ab67616d0000b273d773dad5e1b6797f8c821172,https://open.spotify.com/album/7as92rok5rixv65vsrgpct,latin/chica-ideal-sebastian-yatra.jpg
china,anuel-aa,https://i.scdn.co/image/ab67616d0000b2735fa6dc9fc261344044c301a9,https://open.spotify.com/album/1pttaq0oxggvgqp5wtywdh,latin/china-anuel-aa.jpg
christmas hits,various-artists,https://i.scdn.co/image/ab67616d0000b273e60e808ea566aa265ff596f1,https://open.spotify.com/album/6mtye5lhyh1jthenukish6,latin/christmas-hits-various-artists.jpg
clásicos,lagos,https://i.scdn.co/image/ab67616d0000b2730d946b06dd7f6b3488d2a013,https://open.spotify.com/album/0t8h6wc8p63lo0zj7kwzuj,latin/clásicos-lagos.jpg
clásicos de la provincia,carlos-vives,https://i.scdn.co/image/ab67616d0000b2738e4dceb569a5020a45a7d116,https://open.spotify.com/album/3mg8udn3x1gfebvi3ov5au,latin/clásicos-de-la-provincia-carlos-vives.jpg
colegio,cali-y-el-dandee,https://i.scdn.co/image/ab67616d0000b2737be3384d89cb81badce05cf3,https://open.spotify.com/album/6ij3u6r56lp0aut0w9snon,latin/colegio-cali-y-el-dandee.jpg
colores,j-balvin,https://i.scdn.co/image/ab67616d0000b27335692baca45542527d742d0d,https://open.spotify.com/album/2mx8ktjowvyidwbu9u8jis,latin/colores-j-balvin.jpg
comedia,héctor-lavoe,https://i.scdn.co/image/ab67616d0000b2734a8c66809d9bb7b8e1806099,https://open.spotify.com/album/7cbmznpnzpglpbxflb40b6,latin/comedia-héctor-lavoe.jpg
con altura,rosalía,https://i.scdn.co/image/ab67616d0000b27365b0e3e1bd8b5fe2f602c1ea,https://open.spotify.com/album/4bxhlppgdmayjk0yfdcp0l,latin/con-altura-rosalía.jpg
con calma,daddy-yankee,https://i.scdn.co/image/ab67616d0000b273896ffcd42561c44fea2bae7b,https://open.spotify.com/album/1otwhkoq5kpaiekpyk4twh,latin/con-calma-daddy-yankee.jpg
corazones,los-prisioneros,https://i.scdn.co/image/ab67616d0000b27398daeb6fc14ffafc7abaa4c6,https://open.spotify.com/album/1xqzxn8a7z15z5tbsouxch,latin/corazones-los-prisioneros.jpg
criminal,natti-natasha,https://i.scdn.co/image/ab67616d0000b2735f3f4af0d3e662247a7d8cff,https://open.spotify.com/album/0s19ks6tfdhzkeywfvrrm0,latin/criminal-natti-natasha.jpg
cuba classics 1: silvio rodriguez,silvio-rodríguez,https://i.scdn.co/image/ab67616d0000b273a750600d0ed898b99cf2c74e,https://open.spotify.com/album/1sat8xdvqbndid4mxngtjd,latin/cuba-classics-1:-silvio-rodriguez-silvio-rodríguez.jpg
cuenta conmigo,jerry-rivera,https://i.scdn.co/image/ab67616d0000b27310a9f305f4826ba8ce8bfaa0,https://open.spotify.com/album/5cpr9hxuogxhvkjnoamdfh,latin/cuenta-conmigo-jerry-rivera.jpg
cumbias pa' bailar,various-artists,https://i.scdn.co/image/ab67616d0000b273a144ddaf987ae81509ce767e,https://open.spotify.com/album/1ix6hyennsuz4y9ckzcl5p,latin/cumbias-pa'-bailar-various-artists.jpg
dale,pitbull,https://i.scdn.co/image/ab67616d0000b273a1cc249569898d31407fcf7c,https://open.spotify.com/album/5pzwgwwrwa0pjcet9bwbam,latin/dale-pitbull.jpg
dance again...the hits,jennifer-lopez,https://i.scdn.co/image/ab67616d0000b273386cfde5b7b1573e0d001f63,https://open.spotify.com/album/7ln1dm2rlg5gfezakjf4vk,latin/dance-again...the-hits-jennifer-lopez.jpg
dangerous,yandel,https://i.scdn.co/image/ab67616d0000b2732ee867d4b66ff0577b3e0744,https://open.spotify.com/album/2zd0viqjiafbumnbjwc6wy,latin/dangerous-yandel.jpg
de museo,bad-bunny,https://i.scdn.co/image/ab67616d0000b27316dbd686d5d99a24360be0f8,https://open.spotify.com/album/27ei92dkdkhbvheva2zirr,latin/de-museo-bad-bunny.jpg
de pies a cabeza,maná,https://i.scdn.co/image/ab67616d0000b27380ba2956cfaa0f82a0dadfd0,https://open.spotify.com/album/6efrjuqzniymb1sauakjto,latin/de-pies-a-cabeza-maná.jpg
de vuelta pa' la vuelta,daddy-yankee,https://i.scdn.co/image/ab67616d0000b27303c8b74945022105f48dd610,https://open.spotify.com/album/1mfvolrat4jkt4d7agb9tc,latin/de-vuelta-pa'-la-vuelta-daddy-yankee.jpg
definitivamente,daddy-yankee,https://i.scdn.co/image/ab67616d0000b273d78f26be610c8d2368101a09,https://open.spotify.com/album/6pjlqbnee1gjmz15dpi1ch,latin/definitivamente-daddy-yankee.jpg
deja que te bese,alejandro-sanz,https://i.scdn.co/image/ab67616d0000b27335796b8b1a501144bafcc7bf,https://open.spotify.com/album/7jimyzipnqsuqlkbipqaq4,latin/deja-que-te-bese-alejandro-sanz.jpg
des/amor,reik,https://i.scdn.co/image/ab67616d0000b273511cc998154eebad1694f9c2,https://open.spotify.com/album/6tap30zqzxj22svkoy1guj,latin/des-amor-reik.jpg
desconocidos,mau-y-ricky,https://i.scdn.co/image/ab67616d0000b2734f93f90a14f6fe1a5c907d9c,https://open.spotify.com/album/0vfe72mb2weksontbc6spj,latin/desconocidos-mau-y-ricky.jpg
desde el rancho,calibre-50,https://i.scdn.co/image/ab67616d0000b27303f11dc561c59440352babd4,https://open.spotify.com/album/3jgd3lmlv4z7pquzpu6enh,latin/desde-el-rancho-calibre-50.jpg
desde un principio / from the beginning,marc-anthony,https://i.scdn.co/image/ab67616d0000b27321d0c402231babb2d979c4f5,https://open.spotify.com/album/5d7tr9dgugh9z9obykwyoi,latin/desde-un-principio---from-the-beginning-marc-anthony.jpg
despacito (featuring daddy yankee),luis-fonsi,https://i.scdn.co/image/ab67616d0000b273343bd0b686fe428dd9ab6d28,https://open.spotify.com/album/5qnvjbamuzlbsasuykry1l,latin/despacito-(featuring-daddy-yankee)-luis-fonsi.jpg
despacito feat. justin bieber (remix),luis-fonsi,https://i.scdn.co/image/ab67616d0000b273a6a335d613d151c626895a83,https://open.spotify.com/album/3gq2dme9nesdgoqnnlcn8o,latin/despacito-feat.-justin-bieber-(remix)-luis-fonsi.jpg
di letra,jerry-di,https://i.scdn.co/image/ab67616d0000b2731a092ccbef6c3f576b07ce94,https://open.spotify.com/album/1ntapw8mixdsxxai4v9hbn,latin/di-letra-jerry-di.jpg
dime dónde,cazzu,https://i.scdn.co/image/ab67616d0000b273bc3676fb2c1992757b866094,https://open.spotify.com/album/2dagccm4rdkyzqxih5gg7c,latin/dime-dónde-cazzu.jpg
djadja (feat. maluma) [remix],aya-nakamura,https://i.scdn.co/image/ab67616d0000b2734ec452efed595a418b746ce8,https://open.spotify.com/album/0huqjnecak9l5baf75hfev,latin/djadja-(feat.-maluma)-[remix]-aya-nakamura.jpg
don omar presents mto2: new generation,don-omar,https://i.scdn.co/image/ab67616d0000b273a5e45cc0dc2afb858f861736,https://open.spotify.com/album/7vyvmx83pjnuluzugbkfuy,latin/don-omar-presents-mto2:-new-generation-don-omar.jpg
donde estan los ladrones,shakira,https://i.scdn.co/image/ab67616d0000b273bfcff1dd252b22bba16a2a5d,https://open.spotify.com/album/5hckstqkoluzjgyiqileae,latin/donde-estan-los-ladrones-shakira.jpg
downtown,anitta,https://i.scdn.co/image/ab67616d0000b2738c6b830c36c7b4ac43c3cee8,https://open.spotify.com/album/1qifx05cb36cfsignhv2lt,latin/downtown-anitta.jpg
drama queen (deluxe version),ivy-queen,https://i.scdn.co/image/ab67616d0000b2733f2fe35d676fd45d1e44ed6a,https://open.spotify.com/album/4wsip6swqkbrhdlqk6psav,latin/drama-queen-(deluxe-version)-ivy-queen.jpg
dream girl (remix),ir-sais,https://i.scdn.co/image/ab67616d0000b273297245e15c7f7f8f779f870c,https://open.spotify.com/album/0beosbwoamfz5itwyqfw86,latin/dream-girl-(remix)-ir-sais.jpg
dreaming of you,selena,https://i.scdn.co/image/ab67616d0000b273332344b575d4acea537704f5,https://open.spotify.com/album/2ievuwpkz9kucr6zhtkle0,latin/dreaming-of-you-selena.jpg
dura (remix),daddy-yankee,https://i.scdn.co/image/ab67616d0000b2738a31cacc2818b37d9e4e4bdc,https://open.spotify.com/album/5xgcxkkipqigansdanurj7,latin/dura-(remix)-daddy-yankee.jpg
dákiti,bad-bunny,https://i.scdn.co/image/ab67616d0000b27334c8199b0b3b3fb42b8a98a8,https://open.spotify.com/album/43dl8hp5unn9s6yeeja5fv,latin/dákiti-bad-bunny.jpg
e5,ivy-queen,https://i.scdn.co/image/ab67616d0000b2736c565aca653a5410ad2a26fb,https://open.spotify.com/album/50m6cwgzwksacvpz9scmrp,latin/e5-ivy-queen.jpg
easy money baby,myke-towers,https://i.scdn.co/image/ab67616d0000b273a01abf0f3b93ee5902fef2a7,https://open.spotify.com/album/3dm5wcvdxdnqle14d16gmj,latin/easy-money-baby-myke-towers.jpg
el abayarde,tego-calderon,https://i.scdn.co/image/ab67616d0000b27372b621a4c23f797307d35f11,https://open.spotify.com/album/6q1kisijkahwocwzuhw6iy,latin/el-abayarde-tego-calderon.jpg
el amor de mi tierra,carlos-vives,https://i.scdn.co/image/ab67616d0000b2734a27a644e5a9238511847224,https://open.spotify.com/album/6koqhvdpcg9hkntcfiwesh,latin/el-amor-de-mi-tierra-carlos-vives.jpg
el amor en los tiempos del perreo,piso-21,https://i.scdn.co/image/ab67616d0000b2739a74860d7918c8e38c5220cf,https://open.spotify.com/album/4aruavqnidb02yvo8uvaje,latin/el-amor-en-los-tiempos-del-perreo-piso-21.jpg
el cantante de los cantantes,héctor-lavoe,https://i.scdn.co/image/ab67616d0000b273eaf876d3d517f21c934b9db7,https://open.spotify.com/album/1uj6t6qrkyuyehdhckpork,latin/el-cantante-de-los-cantantes-héctor-lavoe.jpg
el dorado,shakira,https://i.scdn.co/image/ab67616d0000b273d05d3aad30c5fb7614893cf5,https://open.spotify.com/album/6buxh58rytl67fs8dytkmn,latin/el-dorado-shakira.jpg
el mismo aire (con pablo alborán),camilo,https://i.scdn.co/image/ab67616d0000b27320d0a6e2ca32d7efd7d0a655,https://open.spotify.com/album/3e3cojkwv6rbqutiw1qlz6,latin/el-mismo-aire-(con-pablo-alborán)-camilo.jpg
el niño,lunay,https://i.scdn.co/image/ab67616d0000b2731baf36948854565db3c3b3e0,https://open.spotify.com/album/0hzro3fma48t0agqdhkpay,latin/el-niño-lunay.jpg
el poder de la música,various-artists,https://i.scdn.co/image/e3419cd5f9f7348f93a79c6dcc47a6f8bdee0c07,https://open.spotify.com/album/4wfbj8v9wtgnvtqs3nt49p,latin/el-poder-de-la-música-various-artists.jpg
el tren,micro-tdh,https://i.scdn.co/image/ab67616d0000b27337a25e858c326777712f9e2c,https://open.spotify.com/album/4awgstshdk0mrxjbufhney,latin/el-tren-micro-tdh.jpg
el último tour del mundo,bad-bunny,https://i.scdn.co/image/ab67616d0000b273005ee342f4eef2cc6e8436ab,https://open.spotify.com/album/2d9bczeaahizwppbx9apcw,latin/el-último-tour-del-mundo-bad-bunny.jpg
ella,boza,https://i.scdn.co/image/ab67616d0000b27367deb9dda871c1e370a816a8,https://open.spotify.com/album/4u2a6ahoycoyg6yicfm7ru,latin/ella-boza.jpg
ella quiere beber (remix),anuel-aa,https://i.scdn.co/image/ab67616d0000b2734130163b161ad26915093fc5,https://open.spotify.com/album/6lnu03tcxixoalih2r65xm,latin/ella-quiere-beber-(remix)-anuel-aa.jpg
emmanuel,anuel-aa,https://i.scdn.co/image/ab67616d0000b2733cb695bfc1246bdf66161fce,https://open.spotify.com/album/7jtt7oywm8bnis5fxxpmkg,latin/emmanuel-anuel-aa.jpg
"en concierto, vol. 2",los-temerarios,https://i.scdn.co/image/ab67616d0000b27367089c017c99bf5ebbd01828,https://open.spotify.com/album/3lpgevfyvzebwhbcik2qgu,"latin/en-concierto,-vol.-2-los-temerarios.jpg"
en extasis,thalia,https://i.scdn.co/image/ab67616d0000b27385614c68b8499f13931150b3,https://open.spotify.com/album/48squ1oysmrjeguknmehyp,latin/en-extasis-thalia.jpg
en peligro de extinción,la-adictiva-banda-san-josé-de-mesillas,https://i.scdn.co/image/ab67616d0000b2737404671c45e4e1ea0f5d8ef6,https://open.spotify.com/album/4wvjfdqvkamizwila4gtdp,latin/en-peligro-de-extinción-la-adictiva-banda-san-josé-de-mesillas.jpg
en todo estaré (deluxe edition),chayanne,https://i.scdn.co/image/ab67616d0000b2738b02886da55459c302791820,https://open.spotify.com/album/0p0d0y1lq5vgrp58tq0om2,latin/en-todo-estaré-(deluxe-edition)-chayanne.jpg
enchule,rauw-alejandro,https://i.scdn.co/image/ab67616d0000b2731598d5c656420c6dc24d1460,https://open.spotify.com/album/3dxqnlzyd3wbfxdg7fnkpy,latin/enchule-rauw-alejandro.jpg
energía,j-balvin,https://i.scdn.co/image/ab67616d0000b273734b36a0655aae40d78d70f4,https://open.spotify.com/album/4cgc9eeb3gjff2aq5illef,latin/energía-j-balvin.jpg
enoc,ozuna,https://i.scdn.co/image/ab67616d0000b273b1717c201d31ad8e43dedc55,https://open.spotify.com/album/69iupqsxel3luosdnf0q2q,latin/enoc-ozuna.jpg
enrique iglesias,enrique-iglesias,https://i.scdn.co/image/ab67616d0000b2738b7784245f3c4b2408105f3e,https://open.spotify.com/album/7ds5eaasqaprerczmkxvel,latin/enrique-iglesias-enrique-iglesias.jpg
entrega total,onda-vaselina,https://i.scdn.co/image/ab67616d0000b2738ff260da6818dd4c09e39231,https://open.spotify.com/album/7fghgpxfoyzxjitoz2e2ht,latin/entrega-total-onda-vaselina.jpg
entren los que quieran,calle-13,https://i.scdn.co/image/ab67616d0000b27316c24c88236c87c148bb4329,https://open.spotify.com/album/3yqcj5g3zkexuwix6cjqgx,latin/entren-los-que-quieran-calle-13.jpg
epoca de oro,josé-alfredo-jimenez,https://i.scdn.co/image/ab67616d0000b27304153fb27e3f6148a7910c87,https://open.spotify.com/album/6w8jvmi9l1xwotzgq7ntoa,latin/epoca-de-oro-josé-alfredo-jimenez.jpg
escape from havana,mellow-man-ace,https://i.scdn.co/image/ab67616d0000b273a5d0790869ae071f93056b98,https://open.spotify.com/album/3jzuazldcrjmal9exk51ap,latin/escape-from-havana-mellow-man-ace.jpg
estas buena,el-general,https://i.scdn.co/image/ab67616d0000b273610b09b10f4bf305844bfe45,https://open.spotify.com/album/0qq0v5ltymoukwbisfozdi,latin/estas-buena-el-general.jpg
esto sí es cumbia,los-ángeles-azules,https://i.scdn.co/image/ab67616d0000b2733616f5d3c8e4e13081d14bde,https://open.spotify.com/album/3m1t3n3pcjlooo4gflggky,latin/esto-sí-es-cumbia-los-ángeles-azules.jpg
f.a.m.e.,maluma,https://i.scdn.co/image/ab67616d0000b2739fa9c0acaf11becc12d22300,https://open.spotify.com/album/6moadh76fsg0ogw2l7hafx,latin/f.a.m.e.-maluma.jpg
falta amor,maná,https://i.scdn.co/image/ab67616d0000b2738f301c227a7a88dd9e9f0dc0,https://open.spotify.com/album/0ume2yr7h5jo91x7xhjoxy,latin/falta-amor-maná.jpg
fan de tus fotos,nicky-jam,https://i.scdn.co/image/ab67616d0000b27393c2be7dce0629575bd5d0cc,https://open.spotify.com/album/2awg2khofurpjjkyyttf9t,latin/fan-de-tus-fotos-nicky-jam.jpg
fantasias,rauw-alejandro,https://i.scdn.co/image/ab67616d0000b273ca6183e9d0bfb66f996eefce,https://open.spotify.com/album/1flcx9eduv7ptgm9njbmgl,latin/fantasias-rauw-alejandro.jpg
fantasias (remix) [feat. farruko & lunay],rauw-alejandro,https://i.scdn.co/image/ab67616d0000b273182a8d8f51a51dad8d12f522,https://open.spotify.com/album/2kckdeulktoib701vwtopr,latin/fantasias-(remix)-[feat.-farruko-&-lunay]-rauw-alejandro.jpg
favorito,camilo,https://i.scdn.co/image/ab67616d0000b273e8caaede0454ed3d397fd75b,https://open.spotify.com/album/5wb9mx2yfxzzkypzhp4fae,latin/favorito-camilo.jpg
feliz navidad,josé-feliciano,https://i.scdn.co/image/ab67616d0000b273c8ac560f803bba4902f8bbc5,https://open.spotify.com/album/3no96ptefyrfx1oelmztpu,latin/feliz-navidad-josé-feliciano.jpg
fey,fey,https://i.scdn.co/image/ab67616d0000b27320128c3918da286a8c52922a,https://open.spotify.com/album/28ibwbs08ifdlkcmysn7jh,latin/fey-fey.jpg
fiel (remix),wisin,https://i.scdn.co/image/ab67616d0000b2737725ef758fa90bc18f0cd261,https://open.spotify.com/album/1jbesh0defn7z8wh8b0b5c,latin/fiel-(remix)-wisin.jpg
fiesta macarena,los-del-rio,https://i.scdn.co/image/ab67616d0000b273a8c284ce171e96a79eabf7de,https://open.spotify.com/album/6ypjmxbhq3zxj9gftddfyu,latin/fiesta-macarena-los-del-rio.jpg
"fijación oral, vol. 1",shakira,https://i.scdn.co/image/ab67616d0000b273f342e70aacda9d78cfb6ce7a,https://open.spotify.com/album/3zhpywimjqa3htbgk695ae,"latin/fijación-oral,-vol.-1-shakira.jpg"
for sale,carlos-vives,https://i.scdn.co/image/ab67616d0000b273e9b7773d786f8aeb3b93cb80,https://open.spotify.com/album/2k7mugxr7yekud7udjesty,latin/for-sale-carlos-vives.jpg
foursider,sergio-mendes-&-brasil-'66,https://i.scdn.co/image/ab67616d0000b27363b382b8786ce29eb28783c5,https://open.spotify.com/album/7sltxmp2mlbxhermdvqyd0,latin/foursider-sergio-mendes-&-brasil-'66.jpg
fulanito,becky-g,https://i.scdn.co/image/ab67616d0000b273a7139a321e02756c596076e4,https://open.spotify.com/album/5avkorawqfcfuipknwv89o,latin/fulanito-becky-g.jpg
fénix,nicky-jam,https://i.scdn.co/image/ab67616d0000b273d77dbcd4dbd37cdfa61771fa,https://open.spotify.com/album/2dbgwxp41imu2zbnv9ofxz,latin/fénix-nicky-jam.jpg
fórmula vol. 1 (deluxe edition),romeo-santos,https://i.scdn.co/image/ab67616d0000b2731d6d3d544ca5b46453fafbb6,https://open.spotify.com/album/6a3rdpcfamzvfci8vexwkk,latin/fórmula-vol.-1-(deluxe-edition)-romeo-santos.jpg
"fórmula, vol. 2 (deluxe edition)",romeo-santos,https://i.scdn.co/image/ab67616d0000b273e9da42890bbd629df1e8f640,https://open.spotify.com/album/17hsixfqkupotp6y5ebs1l,"latin/fórmula,-vol.-2-(deluxe-edition)-romeo-santos.jpg"
globalization,pitbull,https://i.scdn.co/image/ab67616d0000b2731e340d1480e7bb29a45e3bd7,https://open.spotify.com/album/4euf4yynjuxypwy6w5wedm,latin/globalization-pitbull.jpg
grandes exitos,el-general,https://i.scdn.co/image/ab67616d0000b2738546b9c9e7d410a92d66eff0,https://open.spotify.com/album/5xwd8nyr65tu50roohkprc,latin/grandes-exitos-el-general.jpg
"greatest cumbia classics of colombia, vol. 1",various-artists,https://i.scdn.co/image/ab67616d0000b273ffbb48b648d75cca9f3b74f0,https://open.spotify.com/album/53w9qg1q6xakluvuzkbnpv,"latin/greatest-cumbia-classics-of-colombia,-vol.-1-various-artists.jpg"
"greatest cumbia classics of colombia, vol. 2",various-artists,https://i.scdn.co/image/ab67616d0000b273f8cde8233710b7098254dd5d,https://open.spotify.com/album/3trkivetld5qx29dhlnoa9,"latin/greatest-cumbia-classics-of-colombia,-vol.-2-various-artists.jpg"
havana (remix),camila-cabello,https://i.scdn.co/image/ab67616d0000b2735556fb4dfea9c05e09519c25,https://open.spotify.com/album/3g56eeg5ygmf3lzphcmox2,latin/havana-(remix)-camila-cabello.jpg
hawái,maluma,https://i.scdn.co/image/ab67616d0000b2734805528033046475b63f0fd5,https://open.spotify.com/album/3grnh56dyfyevbaz3otptm,latin/hawái-maluma.jpg
hispanic causing panic,kid-frost,https://i.scdn.co/image/ab67616d0000b273981d49061b84a2aaadce13e3,https://open.spotify.com/album/54du51rsgc4ennk2k2e2jx,latin/hispanic-causing-panic-kid-frost.jpg
historias de un capricornio,arcangel,https://i.scdn.co/image/ab67616d0000b2737ce7c833a19b3552c318f080,https://open.spotify.com/album/0cplmvp7rmi3bkzamve96k,latin/historias-de-un-capricornio-arcangel.jpg
hola (remix),dalex,https://i.scdn.co/image/ab67616d0000b2738f0f79f8cb6c758356ec53b6,https://open.spotify.com/album/65pp2to1ul66kccmmkrgwz,latin/hola-(remix)-dalex.jpg
honey boo,cnco,https://i.scdn.co/image/ab67616d0000b2738c684d7745b7b5b76f1706c6,https://open.spotify.com/album/2mtqe42ibi1cwwiymrb8rr,latin/honey-boo-cnco.jpg
hora loca,the-change,https://i.scdn.co/image/ab67616d0000b273778da9663eda5ca5cac09123,https://open.spotify.com/album/10z3jekbiqs2xzzob4vfyc,latin/hora-loca-the-change.jpg
i like it like that,pete-rodriguez,https://i.scdn.co/image/ab67616d0000b27315945265f8acdaa88076cb07,https://open.spotify.com/album/3jmsgvimal1yxitxnnivvb,latin/i-like-it-like-that-pete-rodriguez.jpg
idiota,morat,https://i.scdn.co/image/ab67616d0000b273a91d39d695bf749164881c98,https://open.spotify.com/album/2xbvwfhkiw4jjusjl6n9ki,latin/idiota-morat.jpg
imposible (remix),blessd,https://i.scdn.co/image/ab67616d0000b273a358cc7eb68ec4629d72cf84,https://open.spotify.com/album/6txoo9xrjrnpynshltmpir,latin/imposible-(remix)-blessd.jpg
in da getto,j-balvin,https://i.scdn.co/image/ab67616d0000b2732e6afa31fc58b96531768d8d,https://open.spotify.com/album/2m7g0snxnsq7j5bgyjyjsl,latin/in-da-getto-j-balvin.jpg
in da house,proyecto-uno,https://i.scdn.co/image/e4580087ec3930f22f981a7798883de1ccea18a7,https://open.spotify.com/album/6abwkvd3idhjdtxk7bqtke,latin/in-da-house-proyecto-uno.jpg
indeciso,reik,https://i.scdn.co/image/ab67616d0000b27343939a5f995d82cd434f5057,https://open.spotify.com/album/4qect0zjrf35thz2waem6p,latin/indeciso-reik.jpg
inolvidables,roberto-carlos,https://i.scdn.co/image/ab67616d0000b273c7787c932375f1522173f65a,https://open.spotify.com/album/7d79ie8kdqxlvfyxi4ikil,latin/inolvidables-roberto-carlos.jpg
intimo,nicky-jam,https://i.scdn.co/image/ab67616d0000b273072a21c666bf2f7b3fababef,https://open.spotify.com/album/1cyqlkke5q0khu6emwvavt,latin/intimo-nicky-jam.jpg
invasion of privacy,cardi-b,https://i.scdn.co/image/ab67616d0000b273a0caffda54afd0a65995bbab,https://open.spotify.com/album/4kdtekjy3gi0mkisdy96ml,latin/invasion-of-privacy-cardi-b.jpg
jardin azul: las canciones favoritas,linda-ronstadt,https://i.scdn.co/image/ab67616d0000b273cc2d9b097b8b68097a0f4991,https://open.spotify.com/album/5k6mg8zovwzr1r9ul4ghwr,latin/jardin-azul:-las-canciones-favoritas-linda-ronstadt.jpg
jimmy humilde presenta lo mejor de las calles vol. 4,jimmy-humilde,https://i.scdn.co/image/ab67616d0000b273fddda716def1e39cec3f3416,https://open.spotify.com/album/22p1tti3jfpolcl6hcfhlx,latin/jimmy-humilde-presenta-lo-mejor-de-las-calles-vol.-4-jimmy-humilde.jpg
jon secada,jon-secada,https://i.scdn.co/image/ab67616d0000b273b4b02d890230139604057523,https://open.spotify.com/album/1duv6atgfqwmvjnyfhmxzl,latin/jon-secada-jon-secada.jpg
just another band from east l.a.: a collection,los-lobos,https://i.scdn.co/image/ab67616d0000b273223f4d1d04ee7612b1cfc858,https://open.spotify.com/album/0bzq56leyrcyzu3jdxmz87,latin/just-another-band-from-east-l.a.:-a-collection-los-lobos.jpg
kg0516,karol-g,https://i.scdn.co/image/ab67616d0000b273ae28c8f2748587cc2a33d6c2,https://open.spotify.com/album/5cs8e6jvacityto4oojopw,latin/kg0516-karol-g.jpg
la chica dorada,paulina-rubio,https://i.scdn.co/image/ab67616d0000b273a424fea6dd8a77087f7c1036,https://open.spotify.com/album/4zhy5b4jqoi7lahkzwf57c,latin/la-chica-dorada-paulina-rubio.jpg
la gran señora,jenni-rivera,https://i.scdn.co/image/ab67616d0000b273e0a4e03df53de72f1aa4df62,https://open.spotify.com/album/6jpmhu4ir3a7gwjksos2sa,latin/la-gran-señora-jenni-rivera.jpg
la historia de magneto,magneto,https://i.scdn.co/image/ab67616d0000b273e415825edc259f350d02a044,https://open.spotify.com/album/3kdmjhv55zr0h9lns0nftu,latin/la-historia-de-magneto-magneto.jpg
la jeepeta (remix),nio-garcia,https://i.scdn.co/image/ab67616d0000b2735a89169ff864c80931b2b073,https://open.spotify.com/album/5emzm1p5ggeroiivnqgcq4,latin/la-jeepeta-(remix)-nio-garcia.jpg
la leyenda (version super deluxe),selena,https://i.scdn.co/image/ab67616d0000b273673648f5fb3d29a82733479b,https://open.spotify.com/album/058vohyts6kfauvul6eh03,latin/la-leyenda-(version-super-deluxe)-selena.jpg
la luz,sech,https://i.scdn.co/image/ab67616d0000b273ace3418c8fb2fa70bff2ffb3,https://open.spotify.com/album/68jmnfwtqrgtdy4uffg8ee,latin/la-luz-sech.jpg
la mamá de la mamá,el-alfa,https://i.scdn.co/image/ab67616d0000b273ffd586e74e6d94886b391305,https://open.spotify.com/album/2wg76kepcwl8c790ziexk7,latin/la-mamá-de-la-mamá-el-alfa.jpg
la más completa colección,kabah,https://i.scdn.co/image/ab67616d0000b273672a414341dd621eabc3bb16,https://open.spotify.com/album/6klkzewl7iig1qgantajwx,latin/la-más-completa-colección-kabah.jpg
la negra tiene tumbao,celia-cruz,https://i.scdn.co/image/ab67616d0000b2738d3a44a8c692637612563199,https://open.spotify.com/album/1206sphfii9eoxieiqthr9,latin/la-negra-tiene-tumbao-celia-cruz.jpg
la ocasión (remix),dj-luian,https://i.scdn.co/image/ab67616d0000b273902039a9809571693fd92757,https://open.spotify.com/album/0bwndvytwewhko0yuugzwl,latin/la-ocasión-(remix)-dj-luian.jpg
la player (bandolera),zion-&-lennox,https://i.scdn.co/image/ab67616d0000b273300e1b3b6b6904d84e76bb14,https://open.spotify.com/album/57bgq6lpz8rk1cqr2fpvii,latin/la-player-(bandolera)-zion-&-lennox.jpg
la tierra del olvido,carlos-vives,https://i.scdn.co/image/ab67616d0000b2733d8ac6c8a740faf95d4830f7,https://open.spotify.com/album/4eulyehcegyfenta5t0p51,latin/la-tierra-del-olvido-carlos-vives.jpg
la tóxica,farruko,https://i.scdn.co/image/ab67616d0000b27300dbb42f00340f35ce0ec816,https://open.spotify.com/album/1r0ocprmedu8zkzn29xyfx,latin/la-tóxica-farruko.jpg
la ultima tentación,amistades-peligrosas,https://i.scdn.co/image/ab67616d0000b273527e09404841b0b5f4dcd140,https://open.spotify.com/album/4zgauvhwju5tst7eobm9vq,latin/la-ultima-tentación-amistades-peligrosas.jpg
lambada - les originaux no. 1 de l'été (original 1989),kaoma,https://i.scdn.co/image/ab67616d0000b27370a92681f8aff88714cb0296,https://open.spotify.com/album/0lku5y0i5agcrsgeo2mojm,latin/lambada---les-originaux-no.-1-de-l'été-(original-1989)-kaoma.jpg
latin explosion,various-artists,https://i.scdn.co/image/ab67616d0000b273edb033d1aa150bccb06459b9,https://open.spotify.com/album/5c1ctclsuiafvpnpazlyli,latin/latin-explosion-various-artists.jpg
lento,mr-eazi,https://i.scdn.co/image/ab67616d0000b273589e69c43ee2360d05c69e1b,https://open.spotify.com/album/3p5vwf0kjyyobvnkb7jp00,latin/lento-mr-eazi.jpg
live at yankee stadium vol. 2,fania-all-stars,https://i.scdn.co/image/ab67616d0000b273f06a49077082217c6b8a0b01,https://open.spotify.com/album/0d6rjmre2vgol76mdptlle,latin/live-at-yankee-stadium-vol.-2-fania-all-stars.jpg
lo esencial,dlg,https://i.scdn.co/image/ab67616d0000b273f6bde804ea36842277429f83,https://open.spotify.com/album/0xgbpkhh5hvuqa0hbgjpj3,latin/lo-esencial-dlg.jpg
lo mejor de joan sebastian,joan-sebastian,https://i.scdn.co/image/ab67616d0000b2738ea463242900410ff2ed8430,https://open.spotify.com/album/46jbolgipcu6meswfedxw3,latin/lo-mejor-de-joan-sebastian-joan-sebastian.jpg
lo mejor de los tres grandes,juan-gabriel,https://i.scdn.co/image/ab67616d0000b27365e6a697ce4ac899323ce06a,https://open.spotify.com/album/3z5bchc31nufparr4uostl,latin/lo-mejor-de-los-tres-grandes-juan-gabriel.jpg
lo mejor de vilma palma,vilma-palma-e-vampiros,https://i.scdn.co/image/ab67616d0000b27356c8a538c29de9bf55b24897,https://open.spotify.com/album/04ezqvyrgncxyrbul42nzi,latin/lo-mejor-de-vilma-palma-vilma-palma-e-vampiros.jpg
loco,justin-quiles,https://i.scdn.co/image/ab67616d0000b273d1e1a62623e54c60d3cf19a3,https://open.spotify.com/album/0aq33kpcbxrhkuyfmheori,latin/loco-justin-quiles.jpg
"loco contigo (with j. balvin & ozuna feat. nicky jam, natti natasha, darell & sech) [remix]",dj-snake,https://i.scdn.co/image/ab67616d0000b273b45d5ee9b8a45b61f028f3ee,https://open.spotify.com/album/3crpfli8e2vwff7zljgpnt,"latin/loco-contigo-(with-j.-balvin-&-ozuna-feat.-nicky-jam,-natti-natasha,-darell-&-sech)-[remix]-dj-snake.jpg"
los besos,greeicy,https://i.scdn.co/image/ab67616d0000b27372b46a9183d22a1cb6618c23,https://open.spotify.com/album/0sjhyex0vgbhuulhgjtfws,latin/los-besos-greeicy.jpg
los fabulosos cadillacs - el matador,los-fabulosos-cadillacs,https://i.scdn.co/image/ab67616d0000b273269c300ae335efc74ffdc9e4,https://open.spotify.com/album/6cs28ziaqia4ni3nlu73bu,latin/los-fabulosos-cadillacs---el-matador-los-fabulosos-cadillacs.jpg
los legendarios 001,los-legendarios,https://i.scdn.co/image/ab67616d0000b27350c22294cd0ef1271dd7df3c,https://open.spotify.com/album/7g5wqpi4cda22cy8lxrxcf,latin/los-legendarios-001-los-legendarios.jpg
lost,alex-rose,https://i.scdn.co/image/ab67616d0000b273462c6ba1c246cc8aeb62086c,https://open.spotify.com/album/3bncoq9bm24ecefxljvrtk,latin/lost-alex-rose.jpg
love? (deluxe edition),jennifer-lopez,https://i.scdn.co/image/ab67616d0000b273a9303ea0a84a88eb9294bab8,https://open.spotify.com/album/2l8hcthlnwsuwk47umlj2c,latin/love?-(deluxe-edition)-jennifer-lopez.jpg
mamacita,black-eyed-peas,https://i.scdn.co/image/ab67616d0000b2739d15726502d4c533bbc3f308,https://open.spotify.com/album/39kxbkujh0iiyogbnlgx9v,latin/mamacita-black-eyed-peas.jpg
mambo no 5,pérez-prado,https://i.scdn.co/image/ab67616d0000b2730cb71a67899d301bd358f256,https://open.spotify.com/album/1utfiwvskpe7pq7on5qnwi,latin/mambo-no-5-pérez-prado.jpg
mantra,sebastian-yatra,https://i.scdn.co/image/ab67616d0000b273a04e5df68ea4c891a4252c7e,https://open.spotify.com/album/1l1zci8iwjg4wcb7jxhtbn,latin/mantra-sebastian-yatra.jpg
manuel medrano,manuel-medrano,https://i.scdn.co/image/ab67616d0000b2738195fefecfd1ba1918971352,https://open.spotify.com/album/3xeebv0owmhwhmylfamxwg,latin/manuel-medrano-manuel-medrano.jpg
mayor que yo 3,various-artists,https://i.scdn.co/image/ab67616d0000b27393879cdf4154b309294444dc,https://open.spotify.com/album/571drpm82jnsynpu9yheex,latin/mayor-que-yo-3-various-artists.jpg
mayores,becky-g,https://i.scdn.co/image/ab67616d0000b273ba1e9f009b3b2b28c08b6118,https://open.spotify.com/album/1ootmdly2ezuvrvodaxj8o,latin/mayores-becky-g.jpg
mdo,mdo,https://i.scdn.co/image/ab67616d0000b2736b42c58226d5d5c2e9a8e4db,https://open.spotify.com/album/1qh8iqiggpcgxhgxqdpbvr,latin/mdo-mdo.jpg
me dejé llevar,christian-nodal,https://i.scdn.co/image/ab67616d0000b2731f5a61ca13f18ac48efcd1ae,https://open.spotify.com/album/2xhw4pfht6srg7dxa3yrkv,latin/me-dejé-llevar-christian-nodal.jpg
me enamora,mau-y-ricky,https://i.scdn.co/image/ab67616d0000b27306e85236f53ac807e29eac07,https://open.spotify.com/album/1dig8yszw8urxj89d1isc2,latin/me-enamora-mau-y-ricky.jpg
me gusta,shakira,https://i.scdn.co/image/ab67616d0000b273e71aaa885c4df5f0a92eab12,https://open.spotify.com/album/4icq1ni07pmloenqwf6mgg,latin/me-gusta-shakira.jpg
me gusta (with cardi b & myke towers),anitta,https://i.scdn.co/image/ab67616d0000b273774b6059847afd5681899dde,https://open.spotify.com/album/5j7bwcachl4q662xafzyjd,latin/me-gusta-(with-cardi-b-&-myke-towers)-anitta.jpg
me pase (feat. farruko),enrique-iglesias,https://i.scdn.co/image/ab67616d0000b27350b448af3e894f8a0291cd35,https://open.spotify.com/album/4jmazabdfcvjdpeaknb4nz,latin/me-pase-(feat.-farruko)-enrique-iglesias.jpg
me rehúso,danny-ocean,https://i.scdn.co/image/ab67616d0000b2737d46593471038b38e40d59a7,https://open.spotify.com/album/6qiolt2svkfs9nynvpaq1j,latin/me-rehúso-danny-ocean.jpg
mediterráneo,joan-manuel-serrat,https://i.scdn.co/image/ab67616d0000b27318c680615698813af5f21fb7,https://open.spotify.com/album/7h6vvypuiudf6kkcqmde72,latin/mediterráneo-joan-manuel-serrat.jpg
meet the orphans,don-omar,https://i.scdn.co/image/ab67616d0000b2734640a26eb27649006be29a94,https://open.spotify.com/album/6mgdfbderyijsmsewvccwm,latin/meet-the-orphans-don-omar.jpg
mi chile lindo,various-artists,https://i.scdn.co/image/ab67616d0000b2738393077fd051247aa2237923,https://open.spotify.com/album/16kwkuyl6muyjwzyo5onbl,latin/mi-chile-lindo-various-artists.jpg
mi gente,j-balvin,https://i.scdn.co/image/ab67616d0000b273dc1e881b8bb3e6ca57e82fcd,https://open.spotify.com/album/1zjtkybzrb7drznu3uyb3k,latin/mi-gente-j-balvin.jpg
mi niña,wisin,https://i.scdn.co/image/ab67616d0000b27300690a8308104ec86eee3dbb,https://open.spotify.com/album/5f7ruv9xzpannfekcykqzs,latin/mi-niña-wisin.jpg
mi niña bonita,chino-&-nacho,https://i.scdn.co/image/ab67616d0000b27391a3d2123421a67b17cd1c31,https://open.spotify.com/album/1w7pigcdapzjd99rppbkfx,latin/mi-niña-bonita-chino-&-nacho.jpg
mi sangre,juanes,https://i.scdn.co/image/ab67616d0000b273c091c40987e92a9256d2f210,https://open.spotify.com/album/2hbvqejxke68tjwocsj8ne,latin/mi-sangre-juanes.jpg
mi tierra,gloria-estefan,https://i.scdn.co/image/ab67616d0000b27396e3f3e349f6f63db6fe6e70,https://open.spotify.com/album/2k2yvhtferbzddbosqzfaj,latin/mi-tierra-gloria-estefan.jpg
mi vida es cantar,celia-cruz,https://i.scdn.co/image/ab67616d0000b273608733525fd9c05d3c6fda45,https://open.spotify.com/album/2clei9ip3vkzzzkydajfda,latin/mi-vida-es-cantar-celia-cruz.jpg
mi vida loca,jenni-rivera,https://i.scdn.co/image/ab67616d0000b273dce954c46177161ff712fbb9,https://open.spotify.com/album/6t7kg6x0fdyehdlacj1xmm,latin/mi-vida-loca-jenni-rivera.jpg
mia (feat. drake),bad-bunny,https://i.scdn.co/image/ab67616d0000b2734d382194384bc6e08eb090f6,https://open.spotify.com/album/0p0w4rxcnc59jgatcdzozo,latin/mia-(feat.-drake)-bad-bunny.jpg
mis favoritas,rocío-dúrcal,https://i.scdn.co/image/ab67616d0000b273a142faa2b784c77f1191e02e,https://open.spotify.com/album/1fkvvhoxy1bnxbgwibpcsf,latin/mis-favoritas-rocío-dúrcal.jpg
mis ojos lloran por ti,big-boy,https://i.scdn.co/image/ab67616d0000b27352f0def0db70d374791610c8,https://open.spotify.com/album/5o36xrjvl3ydbyqt0p57gc,latin/mis-ojos-lloran-por-ti-big-boy.jpg
mis planes son amarte,juanes,https://i.scdn.co/image/ab67616d0000b27362b1255019e7d3dd9c433994,https://open.spotify.com/album/3nzriskmqdas5kww45pijd,latin/mis-planes-son-amarte-juanes.jpg
miénteme,tini,https://i.scdn.co/image/ab67616d0000b273610c6b200ecf596166c50d90,https://open.spotify.com/album/4d9xs6o1gnmmuuwhi5qixg,latin/miénteme-tini.jpg
mon laferte (vol. 1),mon-laferte,https://i.scdn.co/image/ab67616d0000b2735eebf3f8ec6e9807105f3151,https://open.spotify.com/album/5sg9v1v0gjnbqqixkykwe0,latin/mon-laferte-(vol.-1)-mon-laferte.jpg
morado,j-balvin,https://i.scdn.co/image/ab67616d0000b27346fb838a9cea3ec56afb5335,https://open.spotify.com/album/7yntasxd9esxkgy0gg8ufd,latin/morado-j-balvin.jpg
mtv unplugged,pepe-aguilar,https://i.scdn.co/image/ab67616d0000b2736638f4e3dcc92cedd605df00,https://open.spotify.com/album/0oj8wucwlqcs6csjeajaob,latin/mtv-unplugged-pepe-aguilar.jpg
mucho azucar (grandes exitos),azucar-moreno,https://i.scdn.co/image/ab67616d0000b273cce7a3201f8ba77c8a526722,https://open.spotify.com/album/7xciu7l8tcgakywndas0uv,latin/mucho-azucar-(grandes-exitos)-azucar-moreno.jpg
mujer,marta-sánchez,https://i.scdn.co/image/ab67616d0000b273d54f56460a229e7fec78198c,https://open.spotify.com/album/4fbm0oytjthyi4rltqut6l,latin/mujer-marta-sánchez.jpg
muévelo,nicky-jam,https://i.scdn.co/image/ab67616d0000b2735a6a60d6253bfc14c5f1a12c,https://open.spotify.com/album/6stdi5hrn3ufharaqbikjg,latin/muévelo-nicky-jam.jpg
más,alejandro-sanz,https://i.scdn.co/image/ab67616d0000b2733443d9c76e9713a5986c983c,https://open.spotify.com/album/3mfnbojufb5h4cjrt49oii,latin/más-alejandro-sanz.jpg
n.o.r.e. y la familia,n.o.r.e.,https://i.scdn.co/image/ab67616d0000b273b961172ecb9063a778dea528,https://open.spotify.com/album/0rlmaxs9mhy149lu93u7ga,latin/n.o.r.e.-y-la-familia-n.o.r.e..jpg
nada,cali-y-el-dandee,https://i.scdn.co/image/ab67616d0000b273efcef350a2e75689cf29e4e2,https://open.spotify.com/album/5edb3i7c5azj1bh2obuxne,latin/nada-cali-y-el-dandee.jpg
"narcos, vol. 2 (more music from the netflix original series)",various-artists,https://i.scdn.co/image/ab67616d0000b2733ff5449cbea83c1343bb3c63,https://open.spotify.com/album/0ejrlyjvvcym9k4wrww9vb,"latin/narcos,-vol.-2-(more-music-from-the-netflix-original-series)-various-artists.jpg"
navegando,mike-bahía,https://i.scdn.co/image/ab67616d0000b2731e7b15088bef347e4355af62,https://open.spotify.com/album/3ubzvslswqe2l5mbiglzo0,latin/navegando-mike-bahía.jpg
"nicky jam: bzrp music sessions, vol. 41",bizarrap,https://i.scdn.co/image/ab67616d0000b27380a1f4b7c3d950a7c99661d9,https://open.spotify.com/album/0ueajbefr70dbf41lts1cd,"latin/nicky-jam:-bzrp-music-sessions,-vol.-41-bizarrap.jpg"
nina sky,nina-sky,https://i.scdn.co/image/ab67616d0000b273e0c595c1a9a2f98535072fdd,https://open.spotify.com/album/15zjx7k5iftvmxa3nk5b88,latin/nina-sky-nina-sky.jpg
no bailes sola,danna-paola,https://i.scdn.co/image/ab67616d0000b273f382e58f42d0f2cd169ee822,https://open.spotify.com/album/2fdblyhy3clr2q3jrq89rd,latin/no-bailes-sola-danna-paola.jpg
no drama,becky-g,https://i.scdn.co/image/ab67616d0000b273f8e751c3058a5eee977ca927,https://open.spotify.com/album/3lzwue8nbjtlco5uk6bbgo,latin/no-drama-becky-g.jpg
no me conoce (remix),jhay-cortez,https://i.scdn.co/image/ab67616d0000b273552837b3e37071cbf3c9dc53,https://open.spotify.com/album/2t2angqxtxuch9fqt05g9u,latin/no-me-conoce-(remix)-jhay-cortez.jpg
no me pidas perdón,banda-ms-de-sergio-lizárraga,https://i.scdn.co/image/ab67616d0000b273013603742e84134ada987fe1,https://open.spotify.com/album/1iq9u0vsxffdolmx5bltvl,latin/no-me-pidas-perdón-banda-ms-de-sergio-lizárraga.jpg
no te vayas,camilo,https://i.scdn.co/image/ab67616d0000b273574eda8ed05cf67848844ac4,https://open.spotify.com/album/1m98axlpqpf3odjjqyc5ok,latin/no-te-vayas-camilo.jpg
oasis,j-balvin,https://i.scdn.co/image/ab67616d0000b2734891d9b25d8919448388f3bb,https://open.spotify.com/album/6ylffzx32icw4l1a7ywnln,latin/oasis-j-balvin.jpg
odisea,ozuna,https://i.scdn.co/image/ab67616d0000b273b0a875d7f1bfe4ec4aaffa48,https://open.spotify.com/album/4s05nbwggw5so42adsn5oo,latin/odisea-ozuna.jpg
olha a explosão,mc-kevinho,https://i.scdn.co/image/ab67616d0000b2733452d31d2ef8ce06f151a028,https://open.spotify.com/album/4qehwb117fjj8howeyn6pg,latin/olha-a-explosão-mc-kevinho.jpg
on the 6,jennifer-lopez,https://i.scdn.co/image/ab67616d0000b2735c34d7a87663652675cf3264,https://open.spotify.com/album/3gby5nnenykmganrtea3lc,latin/on-the-6-jennifer-lopez.jpg
"oral fixation, vol. 2 (expanded edition)",shakira,https://i.scdn.co/image/ab67616d0000b27327ddd747545c0d0cfe7595fa,https://open.spotify.com/album/5ppnleoj4hdrrdrihny3ju,"latin/oral-fixation,-vol.-2-(expanded-edition)-shakira.jpg"
originales,el-general,https://i.scdn.co/image/ab67616d0000b273a908ed6eeeb286b8775a1724,https://open.spotify.com/album/3wjm6qkojqu2vsvmfi05xj,latin/originales-el-general.jpg
originales - 20 exitos,soda-stereo,https://i.scdn.co/image/ab67616d0000b273017ed8a01b6648a9d1fe2f58,https://open.spotify.com/album/75lbselspdtkmo9oud9j8n,latin/originales---20-exitos-soda-stereo.jpg
oro salsero,jerry-rivera,https://i.scdn.co/image/ab67616d0000b2739c8d729f39d099f506830c40,https://open.spotify.com/album/0fqmlebvyxk7seqvm32jka,latin/oro-salsero-jerry-rivera.jpg
otra noche sin ti,j-balvin,https://i.scdn.co/image/ab67616d0000b2730be3514a5b184c135a27d7f1,https://open.spotify.com/album/0q7l1mc5jse0srnjewcifv,latin/otra-noche-sin-ti-j-balvin.jpg
otro trago (remix),sech,https://i.scdn.co/image/ab67616d0000b273b195123bcd742d6019ac9dc8,https://open.spotify.com/album/3hijmthcss4ugtpzvgunt1,latin/otro-trago-(remix)-sech.jpg
oye mujer,raymix,https://i.scdn.co/image/ab67616d0000b273cb610f9d9d31287af389de3b,https://open.spotify.com/album/6uppp1yriv4bpzkjofh8x1,latin/oye-mujer-raymix.jpg
pa ti + lonely,jennifer-lopez,https://i.scdn.co/image/ab67616d0000b2733ae627b449ba2d07c521257d,https://open.spotify.com/album/006fevu63b1nsxinsxzgat,latin/pa-ti-+-lonely-jennifer-lopez.jpg
pa' olvidarme de ella,piso-21,https://i.scdn.co/image/ab67616d0000b27326dfdcfae1c961172197a362,https://open.spotify.com/album/6nsiakma61cjji9ahqohuz,latin/pa'-olvidarme-de-ella-piso-21.jpg
pa' otro la 'o,chichi-peralta,https://i.scdn.co/image/ab67616d0000b27348600708bc1ce294f16df42e,https://open.spotify.com/album/7goocwuzsnfnmeofqvdbqf,latin/pa'-otro-la-'o-chichi-peralta.jpg
papás,mau-y-ricky,https://i.scdn.co/image/ab67616d0000b2732a709a83a5f869e443c9a721,https://open.spotify.com/album/1cvkwcta426nzjfp0da2aa,latin/papás-mau-y-ricky.jpg
para la eternidad,celia-cruz,https://i.scdn.co/image/ab67616d0000b2733f265b6afc76d0f74d35df8e,https://open.spotify.com/album/2msp1jg7kflqyqahtk7wlb,latin/para-la-eternidad-celia-cruz.jpg
pareja del año,sebastian-yatra,https://i.scdn.co/image/ab67616d0000b273ee3c93eb863c564418d8f921,https://open.spotify.com/album/202flmfhxcvlhpiqmajwyj,latin/pareja-del-año-sebastian-yatra.jpg
pepas,farruko,https://i.scdn.co/image/ab67616d0000b273c77a01f0166fd8343d3a3edb,https://open.spotify.com/album/2a5ksnhz7ywbrlvfmjx1j1,latin/pepas-farruko.jpg
perdiendo la cabeza,carlos-rivera,https://i.scdn.co/image/ab67616d0000b273cb03de7721af9981009b52f8,https://open.spotify.com/album/1txrbhhtkfinyljm0x1ua3,latin/perdiendo-la-cabeza-carlos-rivera.jpg
perfecta,luis-fonsi,https://i.scdn.co/image/ab67616d0000b273f7a936582b84fbdc6d413369,https://open.spotify.com/album/79q7mpuo3zx0drv4lte2yc,latin/perfecta-luis-fonsi.jpg
persia (remix),jossef,https://i.scdn.co/image/ab67616d0000b273d7a380b5a9c13976de609c9a,https://open.spotify.com/album/4elbi3egy3cub0ezljan4w,latin/persia-(remix)-jossef.jpg
personalidad,julio-iglesias,https://i.scdn.co/image/ab67616d0000b27364453ab832b07e158d63b587,https://open.spotify.com/album/2mvtdpihxiom17qqglkk3i,latin/personalidad-julio-iglesias.jpg
pies descalzos,shakira,https://i.scdn.co/image/ab67616d0000b273021b9779a9dbaa6a976edb2d,https://open.spotify.com/album/3hlngzp9wvd8p3smdqgyd9,latin/pies-descalzos-shakira.jpg
pitbull starring in rebelution,pitbull,https://i.scdn.co/image/ab67616d0000b273a511f69870fa68e7ba78c099,https://open.spotify.com/album/4raajieyfizrf8uh6gy43r,latin/pitbull-starring-in-rebelution-pitbull.jpg
platonicos,jay-wheeler,https://i.scdn.co/image/ab67616d0000b273509c45194c1ef6c1cb509e5d,https://open.spotify.com/album/5sepxan86hecm8ezsaowhw,latin/platonicos-jay-wheeler.jpg
poblado (remix),j-balvin,https://i.scdn.co/image/ab67616d0000b273a7d29ec22bb580efedf76275,https://open.spotify.com/album/1avdiejbj9ayo1lj7lxnm7,latin/poblado-(remix)-j-balvin.jpg
polvo,nicky-jam,https://i.scdn.co/image/ab67616d0000b273acdb516fd1cff5b73bde9b1d,https://open.spotify.com/album/3xhacmnvvakmvdsle1bevb,latin/polvo-nicky-jam.jpg
"pretty boy, dirty boy",maluma,https://i.scdn.co/image/ab67616d0000b2733c3acd23605ccd1a9fd038bd,https://open.spotify.com/album/3pomvfr694srcszzdwmwv7,"latin/pretty-boy,-dirty-boy-maluma.jpg"
primer dia de clases,mora,https://i.scdn.co/image/ab67616d0000b273dcec31b44548687b2a81d0c2,https://open.spotify.com/album/5r8t7s23cvdsd7a045h4n5,latin/primer-dia-de-clases-mora.jpg
primera cita,cnco,https://i.scdn.co/image/ab67616d0000b2737db0f7ac4c612cce26ccacf9,https://open.spotify.com/album/0ylrawuby0nym7pftqnyld,latin/primera-cita-cnco.jpg
que calor,major-lazer,https://i.scdn.co/image/ab67616d0000b2738f821b07fe794d45c274bb15,https://open.spotify.com/album/2epuyhjteejhg4trbc8drd,latin/que-calor-major-lazer.jpg
que tire pa lante,daddy-yankee,https://i.scdn.co/image/ab67616d0000b2736e5bab685b7c52762e09b784,https://open.spotify.com/album/155ygqqpxsykhv7zqyl95t,latin/que-tire-pa-lante-daddy-yankee.jpg
quien como tú,ana-gabriel,https://i.scdn.co/image/ab67616d0000b27378d2cf944219487a9594d0f5,https://open.spotify.com/album/4r2m65ixlmzhi06v5v9cs5,latin/quien-como-tú-ana-gabriel.jpg
quiéreme mientras se pueda,manuel-turizo,https://i.scdn.co/image/ab67616d0000b27340477042ab0fc4abd155dcd9,https://open.spotify.com/album/7cd7ofpesybopdb2dtubj5,latin/quiéreme-mientras-se-pueda-manuel-turizo.jpg
qué chimba,maluma,https://i.scdn.co/image/ab67616d0000b273f9825cbb382aa12a9d452f2b,https://open.spotify.com/album/3bcabsapm2gty3kyrkmsw6,latin/qué-chimba-maluma.jpg
qué más pues?,j-balvin,https://i.scdn.co/image/ab67616d0000b27374063b2c20fb50f80388eac2,https://open.spotify.com/album/53ul5sfjvuqcotbjhjckkk,latin/qué-más-pues?-j-balvin.jpg
ram pam pam,natti-natasha,https://i.scdn.co/image/ab67616d0000b2734471db1db53e3124151f280b,https://open.spotify.com/album/6wg0bzna6okqrbb6jgoemr,latin/ram-pam-pam-natti-natasha.jpg
re,café-tacvba,https://i.scdn.co/image/ab67616d0000b2733b9211139eb247b12f6ba6c5,https://open.spotify.com/album/7ej5pxrsqqfybkyfbvlz84,latin/re-café-tacvba.jpg
real hasta la muerte,anuel-aa,https://i.scdn.co/image/ab67616d0000b2738cce3c807c4a560c09a86e9a,https://open.spotify.com/album/5pqwqrnqoukrbvuvngmen4,latin/real-hasta-la-muerte-anuel-aa.jpg
reggaeton hitmakers tropical blend,various-artists,https://i.scdn.co/image/ab67616d0000b273b8b73d154468fc6baaaa5d1f,https://open.spotify.com/album/6cqwsud484u7t1xqzqgbyy,latin/reggaeton-hitmakers-tropical-blend-various-artists.jpg
relación (remix),sech,https://i.scdn.co/image/ab67616d0000b27363d74fcb3aaafe8c16e62f9b,https://open.spotify.com/album/2o985dzab4i6m6iu4hwqsx,latin/relación-(remix)-sech.jpg
reloj,rauw-alejandro,https://i.scdn.co/image/ab67616d0000b273f61c8abf8d5036817477482e,https://open.spotify.com/album/56vyuqyoabcrokfauiuxik,latin/reloj-rauw-alejandro.jpg
ricky martin,ricky-martin,https://i.scdn.co/image/ab67616d0000b273e7e9b85cc1f021ec12130d80,https://open.spotify.com/album/1k1cr3nljda8pvwzuj5xfj,latin/ricky-martin-ricky-martin.jpg
ritchie valens,ritchie-valens,https://i.scdn.co/image/ab67616d0000b2737723fdc89d8e25e65aa6730d,https://open.spotify.com/album/77ui8f1luhiqakil1qoe1w,latin/ritchie-valens-ritchie-valens.jpg
ritmo (bad boys for life),black-eyed-peas,https://i.scdn.co/image/ab67616d0000b2739e57eff8f10bfc9a8dbfe337,https://open.spotify.com/album/6eobpc5sdfy5df50dwnvgf,latin/ritmo-(bad-boys-for-life)-black-eyed-peas.jpg
rojo,j-balvin,https://i.scdn.co/image/ab67616d0000b273ead7b9dec942f62137ce0e5d,https://open.spotify.com/album/54lqxbrug66eynyqksku5c,latin/rojo-j-balvin.jpg
ropa cara,camilo,https://i.scdn.co/image/ab67616d0000b273f7884ae3a1a00f73dd0e9fff,https://open.spotify.com/album/02yduo8kgcvf3wqycmeh4g,latin/ropa-cara-camilo.jpg
sabor a salsa,various-artists,https://i.scdn.co/image/ab67616d0000b27364b4a6c22b44342947a9b5e4,https://open.spotify.com/album/4168lznmkt5rgittnbbo5z,latin/sabor-a-salsa-various-artists.jpg
se te nota (with guaynaa),lele-pons,https://i.scdn.co/image/ab67616d0000b273b7ca812abc74e09faeeadbb7,https://open.spotify.com/album/4xihcunnggnnn5xkgue4rf,latin/se-te-nota-(with-guaynaa)-lele-pons.jpg
secreto,anuel-aa,https://i.scdn.co/image/ab67616d0000b273dc67d6f3cc602f02ed7fd932,https://open.spotify.com/album/6owzcg80ifzrdapcpzjyk1,latin/secreto-anuel-aa.jpg
segundo romance,luis-miguel,https://i.scdn.co/image/ab67616d0000b273830debe4a54e0122a6138a71,https://open.spotify.com/album/2e6hp6xatbudvzcglnthm0,latin/segundo-romance-luis-miguel.jpg
sentimental de punta a punta,guayacán-orquesta,https://i.scdn.co/image/ab67616d0000b2735b2f022a24e702e19b4a16b7,https://open.spotify.com/album/0tumgqjld38nqd7osfpqgk,latin/sentimental-de-punta-a-punta-guayacán-orquesta.jpg
serie 2000,el-general,https://i.scdn.co/image/ab67616d0000b2734781550a6b7d0c1909401445,https://open.spotify.com/album/71s0hsh2qwf99hbioct7rr,latin/serie-2000-el-general.jpg
serie diamante (usa),lola-beltrán,https://i.scdn.co/image/ab67616d0000b273af40e8f73dddfad91f1a933b,https://open.spotify.com/album/2eobgufrjzobgxgpwz7dap,latin/serie-diamante-(usa)-lola-beltrán.jpg
sex and love (deluxe),enrique-iglesias,https://i.scdn.co/image/ab67616d0000b273d27447cdbed86ca4dfd61f48,https://open.spotify.com/album/2kzkivn1m00xcgawllb2ld,latin/sex-and-love-(deluxe)-enrique-iglesias.jpg
shaky shaky,daddy-yankee,https://i.scdn.co/image/ab67616d0000b273144e8c5692fe724db38a9688,https://open.spotify.com/album/0j74hxgbgc4thmz7rasxgn,latin/shaky-shaky-daddy-yankee.jpg
shape of you (feat. zion & lennox) [latin remix],ed-sheeran,https://i.scdn.co/image/621d2909bcc2c26cd0b274aab0414c9d422a1576,https://open.spotify.com/album/0lwrykrsx54awimzlv5uuk,latin/shape-of-you-(feat.-zion-&-lennox)-[latin-remix]-ed-sheeran.jpg
si me dices que sí,reik,https://i.scdn.co/image/ab67616d0000b27310438587583386547d847db6,https://open.spotify.com/album/2u2txczs8j0h4nevhfe4zv,latin/si-me-dices-que-sí-reik.jpg
si se da remix,myke-towers,https://i.scdn.co/image/ab67616d0000b2730e13eee4ec9f7ca9c603baf4,https://open.spotify.com/album/75y4sj1vwzfeivbskpzax6,latin/si-se-da-remix-myke-towers.jpg
si supieras,daddy-yankee,https://i.scdn.co/image/ab67616d0000b2734f083921227dd5aa6ab09832,https://open.spotify.com/album/4lmkt00bhleeqjrtlnoxxs,latin/si-supieras-daddy-yankee.jpg
si te veo,arcangel,https://i.scdn.co/image/ab67616d0000b273ed420b145bfb89a7a17625ba,https://open.spotify.com/album/1g0enqdot94aw5vcjvubzd,latin/si-te-veo-arcangel.jpg
siembra,willie-colón,https://i.scdn.co/image/ab67616d0000b273e646fcd49b6dfc91d1dba2ae,https://open.spotify.com/album/7woj9rtqr05ytqrowttpzy,latin/siembra-willie-colón.jpg
sigo buscandote,ovy-on-the-drums,https://i.scdn.co/image/ab67616d0000b27332921161ec3b41a29afe9c0a,https://open.spotify.com/album/791xp0zkgxyqtzo5cbuoxm,latin/sigo-buscandote-ovy-on-the-drums.jpg
sigues con el (remix),arcangel,https://i.scdn.co/image/ab67616d0000b273d38e4bbbb40863f2ec5d4057,https://open.spotify.com/album/0vpg06qvqmd1xl1uafyskm,latin/sigues-con-el-(remix)-arcangel.jpg
simplemente amigos,juan-gabriel,https://i.scdn.co/image/ab67616d0000b2733f7c0cb718ecc85a20623bad,https://open.spotify.com/album/3u1zrt7pkv0ujxkqfgpjtc,latin/simplemente-amigos-juan-gabriel.jpg
sin pijama,becky-g,https://i.scdn.co/image/ab67616d0000b2734661cf765439018ebb7e0009,https://open.spotify.com/album/6haxqfwo3xdgzjs8yad1pb,latin/sin-pijama-becky-g.jpg
sobre el amor y sus efectos secundarios,morat,https://i.scdn.co/image/ab67616d0000b2730c929d54495f38b910f48643,https://open.spotify.com/album/50ehcxc4qede9mukcyouoz,latin/sobre-el-amor-y-sus-efectos-secundarios-morat.jpg
sobrio,maluma,https://i.scdn.co/image/ab67616d0000b2730c912949e9f848cc95797b27,https://open.spotify.com/album/0r1ygba9kbj95maqnuvzm5,latin/sobrio-maluma.jpg
soltera (remix),lunay,https://i.scdn.co/image/ab67616d0000b27358e34ee7bc215e1b03ff78d4,https://open.spotify.com/album/2m9vuc9q19qhsm6rqmbgsr,latin/soltera-(remix)-lunay.jpg
"sopa de caracol, golden hits - exitos de siempre",banda-blanca,https://i.scdn.co/image/ab67616d0000b273100d40c13d63cd8e9e22b2d6,https://open.spotify.com/album/01nanjtqzxeef1d5oyd7aq,"latin/sopa-de-caracol,-golden-hits---exitos-de-siempre-banda-blanca.jpg"
soy el mismo,prince-royce,https://i.scdn.co/image/ab67616d0000b2739698eca2303d9c50b8974064,https://open.spotify.com/album/4o8zybzwpxpvc2bqng5xfe,latin/soy-el-mismo-prince-royce.jpg
stan getz's finest hour,stan-getz,https://i.scdn.co/image/ab67616d0000b2731c5d09eb65fb8cbcdc75fdb2,https://open.spotify.com/album/5bjfvvukrt9yhglju28xwj,latin/stan-getz's-finest-hour-stan-getz.jpg
strictly latin dancing come and dance,various-artists,https://i.scdn.co/image/ab67616d0000b2737d10bf2b870b1ccf2ce196e8,https://open.spotify.com/album/395yg7il5b0i3v22un37y2,latin/strictly-latin-dancing-come-and-dance-various-artists.jpg
suavemente,elvis-crespo,https://i.scdn.co/image/ab67616d0000b2737f21e1d44b7dbb3940f6a93b,https://open.spotify.com/album/378xg6oo0twcsguxeqy2os,latin/suavemente-elvis-crespo.jpg
suavemente...los exitos,elvis-crespo,https://i.scdn.co/image/ab67616d0000b273c49bed8bbd79f0a33fcb67a2,https://open.spotify.com/album/4p7yupyewofheyconnjtqh,latin/suavemente...los-exitos-elvis-crespo.jpg
sueños,sech,https://i.scdn.co/image/ab67616d0000b2738643435482956bab8aa6fcfe,https://open.spotify.com/album/3tgorq3p23af8zssxk8fdx,latin/sueños-sech.jpg
sueños líquidos,maná,https://i.scdn.co/image/ab67616d0000b2732f770148868be769ff9f7a90,https://open.spotify.com/album/7ydfjub1tmzpd6p4xie10v,latin/sueños-líquidos-maná.jpg
super hits,lisa-lisa-&-cult-jam,https://i.scdn.co/image/ab67616d0000b273c70c30cfd8eddac7b7c2c06e,https://open.spotify.com/album/3kdq0nsk9b7ej9mhapxuqj,latin/super-hits-lisa-lisa-&-cult-jam.jpg
sólo hits,grupo-niche,https://i.scdn.co/image/ab67616d0000b2733946a6690302a797cc4b4570,https://open.spotify.com/album/6vk8ocohnglmp5joxdvkev,latin/sólo-hits-grupo-niche.jpg
"tango, tango",various-artists,https://i.scdn.co/image/ab67616d0000b273d59edcc784b239ddea442ee4,https://open.spotify.com/album/7ncojht0myflkmalp2yqf5,"latin/tango,-tango-various-artists.jpg"
tanto,jesse-&-joy,https://i.scdn.co/image/ab67616d0000b273fae4737330674dfaca68e80f,https://open.spotify.com/album/3mbrgkagjkalfdxm5ptevt,latin/tanto-jesse-&-joy.jpg
tattoo,rauw-alejandro,https://i.scdn.co/image/ab67616d0000b2733a0be655a8c95ba6163d2a47,https://open.spotify.com/album/2yrwwcfsk2uf9ycgs7frmv,latin/tattoo-rauw-alejandro.jpg
tattoo (remix with camilo),rauw-alejandro,https://i.scdn.co/image/ab67616d0000b273bbbcca8d3647640ce972d327,https://open.spotify.com/album/3na85e6fobkxaeoaojx427,latin/tattoo-(remix-with-camilo)-rauw-alejandro.jpg
te boté (remix),nio-garcia,https://i.scdn.co/image/ab67616d0000b273a5779a2f04a513fac2fd1d15,https://open.spotify.com/album/42wlknugyblgwwh89lniml,latin/te-boté-(remix)-nio-garcia.jpg
te metiste,ariel-camacho-y-los-plebes-del-rancho,https://i.scdn.co/image/ab67616d0000b273d388f28d0ace9f4e53d5838f,https://open.spotify.com/album/2cs5ffuvuqxzt1fh9rlspt,latin/te-metiste-ariel-camacho-y-los-plebes-del-rancho.jpg
terral,pablo-alborán,https://i.scdn.co/image/ab67616d0000b2734a247de304646e93bc3b0bee,https://open.spotify.com/album/1cwvezm4ysxlvvosruxlms,latin/terral-pablo-alborán.jpg
tesoros de coleccion,la-mafia,https://i.scdn.co/image/ab67616d0000b2736b93fa950f89713e69a72f4e,https://open.spotify.com/album/0zinxpmspu4hy0xrlsztda,latin/tesoros-de-coleccion-la-mafia.jpg
tha smokin' nephew,baby-bash,https://i.scdn.co/image/ab67616d0000b27307acb67d4e71275637cd0a1b,https://open.spotify.com/album/42lldinsxjsbyaqqpzxrp4,latin/tha-smokin'-nephew-baby-bash.jpg
the best,sonora-carruseles,https://i.scdn.co/image/ab67616d0000b27333237b7ee1ac94208586e175,https://open.spotify.com/album/6htmgkwidjzcm9ihp4iolu,latin/the-best-sonora-carruseles.jpg
the best of india,la-india,https://i.scdn.co/image/ab67616d0000b2730b7d856f81f381a0d67af85b,https://open.spotify.com/album/1w0hmdw082hmgo3vul1ggh,latin/the-best-of-india-la-india.jpg
the freddy fender collection,freddy-fender,https://i.scdn.co/image/ab67616d0000b2735af457c250f6cca762a7bc9b,https://open.spotify.com/album/7nxadsb5djsc7lfdv4iplp,latin/the-freddy-fender-collection-freddy-fender.jpg
the greatest hits,ricky-martin,https://i.scdn.co/image/ab67616d0000b273a215d0780485abb2d384bab9,https://open.spotify.com/album/3k0gbdj1p2nbqfnhekvwi4,latin/the-greatest-hits-ricky-martin.jpg
the latin world of tito puente,tito-puente,https://i.scdn.co/image/ab67616d0000b273fee3bed41ab4a10414396504,https://open.spotify.com/album/4jdliffgsiq4am1bsbcxvh,latin/the-latin-world-of-tito-puente-tito-puente.jpg
the very best of gloria estefan (english version),gloria-estefan,https://i.scdn.co/image/ab67616d0000b273710b01ac6bc0a9b602db1d32,https://open.spotify.com/album/1hx9jua0e9dam5z6f0one6,latin/the-very-best-of-gloria-estefan-(english-version)-gloria-estefan.jpg
tiburones (remix),ricky-martin,https://i.scdn.co/image/ab67616d0000b27320a60750e70dd2aef40c21b0,https://open.spotify.com/album/6da3b00ts2tz6kaslxyjrk,latin/tiburones-(remix)-ricky-martin.jpg
tiempo,ozuna,https://i.scdn.co/image/ab67616d0000b2738c5b92bccc0b782670a90800,https://open.spotify.com/album/5we1hfbc5twybxk1kalpqq,latin/tiempo-ozuna.jpg
tiempo pa olvidar,abraham-mateo,https://i.scdn.co/image/ab67616d0000b273e51283601ee85517286a4179,https://open.spotify.com/album/1odx16hd8maqvuvuiflgbd,latin/tiempo-pa-olvidar-abraham-mateo.jpg
tierna la noche,fey,https://i.scdn.co/image/ab67616d0000b273a641c92c6bfb66f360626381,https://open.spotify.com/album/6okryanfqfxumxbcgwrp9y,latin/tierna-la-noche-fey.jpg
tiroteo (remix),marc-seguí,https://i.scdn.co/image/ab67616d0000b2735a048cbaa3385de9f723c699,https://open.spotify.com/album/2ke07jwpowanvypnmmxt7c,latin/tiroteo-(remix)-marc-seguí.jpg
todo de ti,rauw-alejandro,https://i.scdn.co/image/ab67616d0000b2734801828052a610b910cff795,https://open.spotify.com/album/3zjkitmp5fhj5aqtwwxrxh,latin/todo-de-ti-rauw-alejandro.jpg
traicionera,sebastian-yatra,https://i.scdn.co/image/ab67616d0000b27377270d35e2c2d6550c935192,https://open.spotify.com/album/7atqix68z42xqpesiwbz4o,latin/traicionera-sebastian-yatra.jpg
translation,black-eyed-peas,https://i.scdn.co/image/ab67616d0000b2735a7f21dad5c796d719650972,https://open.spotify.com/album/0uxvuy8ek2ojzhrwtg2pdc,latin/translation-black-eyed-peas.jpg
tu angel de la guarda,gloria-trevi,https://i.scdn.co/image/ab67616d0000b2731afac38e750ce92d4d04a782,https://open.spotify.com/album/4cdcwtnfcmtxvt7ugotlkl,latin/tu-angel-de-la-guarda-gloria-trevi.jpg
tusa,karol-g,https://i.scdn.co/image/ab67616d0000b273ddd3154c58e15a8bdb63bbcc,https://open.spotify.com/album/7mkevnhhvnzer3blgi8o4f,latin/tusa-karol-g.jpg
tutu,camilo,https://i.scdn.co/image/ab67616d0000b273f748b7d038bc70dfba593fdd,https://open.spotify.com/album/6xu5asyeomit5sa5b1p13q,latin/tutu-camilo.jpg
tú me dejaste de querer,c.-tangana,https://i.scdn.co/image/ab67616d0000b2736535637d44308d9b7db932ba,https://open.spotify.com/album/7lrntv18zvetyy2w5rhvf2,latin/tú-me-dejaste-de-querer-c.-tangana.jpg
ubuntu,piso-21,https://i.scdn.co/image/ab67616d0000b2738cf2d98b8cee7a46488a3c25,https://open.spotify.com/album/0sggdqf7f03jwgad9qhtuq,latin/ubuntu-piso-21.jpg
ultimate santana,santana,https://i.scdn.co/image/ab67616d0000b2735ffffefb4343759b63f72598,https://open.spotify.com/album/6fbfvnlsfeonhwz5mdk0dx,latin/ultimate-santana-santana.jpg
un dia (one day) (feat. tainy),j-balvin,https://i.scdn.co/image/ab67616d0000b273312bd86cc2db22fde885ee73,https://open.spotify.com/album/6aqslutlynpzssk4dv5jtr,latin/un-dia-(one-day)-(feat.-tainy)-j-balvin.jpg
un día normal,juanes,https://i.scdn.co/image/ab67616d0000b27323a1613112c1ecf946f51177,https://open.spotify.com/album/2ujcnsqpr3aiutvwyzlcp1,latin/un-día-normal-juanes.jpg
un segundo en el tiempo,cristian-castro,https://i.scdn.co/image/ab67616d0000b27336f4a6800d2dbd64c8f59451,https://open.spotify.com/album/3sdxz8yww56vwclarbl4mh,latin/un-segundo-en-el-tiempo-cristian-castro.jpg
uniendo fronteras,los-tigres-del-norte,https://i.scdn.co/image/ab67616d0000b27343acbc37a870d1f02659e461,https://open.spotify.com/album/4dxx1ds6pw2rqf2nifpt4c,latin/uniendo-fronteras-los-tigres-del-norte.jpg
valio la pena,marc-anthony,https://i.scdn.co/image/ab67616d0000b273ac1b009b3ad89a504b927acf,https://open.spotify.com/album/4o3yven5ii2ykwkbptdld7,latin/valio-la-pena-marc-anthony.jpg
vasos vacíos,los-fabulosos-cadillacs,https://i.scdn.co/image/ab67616d0000b273115c90e766afd810dd56ed7c,https://open.spotify.com/album/54a9agody2bgdxttgmdfn4,latin/vasos-vacíos-los-fabulosos-cadillacs.jpg
vente pa' ca (feat. maluma),ricky-martin,https://i.scdn.co/image/ab67616d0000b2733d90f5938459be40b7b6652a,https://open.spotify.com/album/1fkajuwfqldqdsmrpblw6l,latin/vente-pa'-ca-(feat.-maluma)-ricky-martin.jpg
vice versa,rauw-alejandro,https://i.scdn.co/image/ab67616d0000b273c1449d5655128274517f3733,https://open.spotify.com/album/5hkaq3wuojtaow2a8hpixy,latin/vice-versa-rauw-alejandro.jpg
victory,wisin,https://i.scdn.co/image/ab67616d0000b273c7524a697e709517b50681b2,https://open.spotify.com/album/6i32drerwcm3jyrsprxb5k,latin/victory-wisin.jpg
vida,luis-fonsi,https://i.scdn.co/image/ab67616d0000b273ef0d4234e1a645740f77d59c,https://open.spotify.com/album/5c0ylr4oorgfdaqdmqmkeh,latin/vida-luis-fonsi.jpg
vida de rico,camilo,https://i.scdn.co/image/ab67616d0000b2731787548fbb289e9a26a5e1c1,https://open.spotify.com/album/0mmih2um4busf5vbekckzt,latin/vida-de-rico-camilo.jpg
viendo el techo,jay-wheeler,https://i.scdn.co/image/ab67616d0000b2733c7c8905b2e91c14280d87c6,https://open.spotify.com/album/4ikugcbfjkooylqacl2mun,latin/viendo-el-techo-jay-wheeler.jpg
visionary,farruko,https://i.scdn.co/image/ab67616d0000b273118504cbeaf4187aaa601395,https://open.spotify.com/album/1zfp5q3dgo8wmksmfz23qx,latin/visionary-farruko.jpg
visualízate,gente-de-zona,https://i.scdn.co/image/ab67616d0000b2730e674e81c59a2308c1b4b660,https://open.spotify.com/album/2hxrjhb2nblja5r70fbtdt,latin/visualízate-gente-de-zona.jpg
viva el perreo,jowell-&-randy,https://i.scdn.co/image/ab67616d0000b273520a1cb5c05a72f1989a3518,https://open.spotify.com/album/0oe2bh74rfwrysvjvcef8j,latin/viva-el-perreo-jowell-&-randy.jpg
vivir mi vida,marc-anthony,https://i.scdn.co/image/ab67616d0000b2739ded3a35d4dd4d99d0133c89,https://open.spotify.com/album/6c4gfmjay6si2krcnb21sz,latin/vivir-mi-vida-marc-anthony.jpg
voluma,león-larregui,https://i.scdn.co/image/ab67616d0000b2732a05b124cd97397315615e22,https://open.spotify.com/album/6ptyhd8ixuyqxzcczjp5em,latin/voluma-león-larregui.jpg
vuelve,ricky-martin,https://i.scdn.co/image/ab67616d0000b2737a72be1bbe7c26e66fe72afb,https://open.spotify.com/album/3b7djg7pr1pycujiww6nql,latin/vuelve-ricky-martin.jpg
wanted dead or alive (bang bang push push push),joe-cuba-sextet,https://i.scdn.co/image/ab67616d0000b2734e6b2430b4a5907b1abfa529,https://open.spotify.com/album/4w0zbrypzqzgxzjqdva63h,latin/wanted-dead-or-alive-(bang-bang-push-push-push)-joe-cuba-sextet.jpg
we broke the rules,aventura,https://i.scdn.co/image/ab67616d0000b273e1afa83bd73aa80c0ff0ee34,https://open.spotify.com/album/5qdyo6q2poag7dhvisjewd,latin/we-broke-the-rules-aventura.jpg
why can't we be friends?,war,https://i.scdn.co/image/ab67616d0000b273341ade4ea8bdc1e4fd59de1b,https://open.spotify.com/album/6iac3ira3oal6bhmdmjptf,latin/why-can't-we-be-friends?-war.jpg
x,nicky-jam,https://i.scdn.co/image/ab67616d0000b27326ddcc42228a649e5fbe4350,https://open.spotify.com/album/74d2cu8f6kbbqva3mnzrqi,latin/x-nicky-jam.jpg
x 100pre,bad-bunny,https://i.scdn.co/image/ab67616d0000b2732fbd77033247e889cb7d2ac4,https://open.spotify.com/album/7cjjb2mikwawa1v6kewfbf,latin/x-100pre-bad-bunny.jpg
yhlqmdlg,bad-bunny,https://i.scdn.co/image/ab67616d0000b273548f7ec52da7313de0c5e4a0,https://open.spotify.com/album/5ljqux7orbla1qzyibgti1,latin/yhlqmdlg-bad-bunny.jpg
"yo x ti, tu x mi",rosalía,https://i.scdn.co/image/ab67616d0000b273694844fd046ab81e5dc9a4cf,https://open.spotify.com/album/3844by26oeskqd06th4eyp,"latin/yo-x-ti,-tu-x-mi-rosalía.jpg"
yonaguni,bad-bunny,https://i.scdn.co/image/ab67616d0000b27364afd6879102d03460bd3ad9,https://open.spotify.com/album/6vsois13dasg2ipilnvix5,latin/yonaguni-bad-bunny.jpg
¿con quién se queda el perro?,jesse-&-joy,https://i.scdn.co/image/ab67616d0000b273f8b0b8e193b9938bdd41c5c7,https://open.spotify.com/album/5kog6jefewcinyn1quxyiq,latin/¿con-quién-se-queda-el-perro?-jesse-&-joy.jpg
¿dónde jugarán los niños?,maná,https://i.scdn.co/image/ab67616d0000b27363f3b7f5abf86ad483b57b77,https://open.spotify.com/album/2g0i22upyktlyxfoahiwbk,latin/¿dónde-jugarán-los-niños?-maná.jpg
