1 day 2 nights,hrvy,https://i.scdn.co/image/ab67616d0000b273e96aa4078a6a5f6fc46977b4,https://open.spotify.com/album/4qkrzndxnafsukglaqb4ou,edm/1-day-2-nights-hrvy.jpg
160 down the a406,sherelle,https://i.scdn.co/image/ab67616d0000b273235c14256a911672c7542b01,https://open.spotify.com/album/5wu97q2wexdwfk6kxmf6ms,edm/160-down-the-a406-sherelle.jpg
2031,shermanology,https://i.scdn.co/image/ab67616d0000b273c43e55a36c4a7e06a42dc5eb,https://open.spotify.com/album/7i1pniqa2g4o6s8pwq6fcy,edm/2031-shermanology.jpg
6oki - rave royale ep,steve-aoki,https://i.scdn.co/image/ab67616d0000b27330f4d330fc9f6d7a5cf8f0cc,https://open.spotify.com/album/11ibpjafvhfwyqfoskvenu,edm/6oki---rave-royale-ep-steve-aoki.jpg
a tenuous tale of her,poté,https://i.scdn.co/image/ab67616d0000b273550d87a36c9c8926b5c98ee7,https://open.spotify.com/album/7ijcb421zjfkxgp09noaee,edm/a-tenuous-tale-of-her-poté.jpg
acrobatic,sidepiece,https://i.scdn.co/image/ab67616d0000b273bea5058ee8e5bf5a3822fae9,https://open.spotify.com/album/4wle77ssw7rcshnfbbpwot,edm/acrobatic-sidepiece.jpg
action 78,erotic-drum-band,https://i.scdn.co/image/ab67616d0000b273bfd5b8b86a6ca9dcbdbd2a79,https://open.spotify.com/album/3o0vptedahlcxgx6kjsqli,edm/action-78-erotic-drum-band.jpg
agave harvest,cc:disco!,https://i.scdn.co/image/ab67616d0000b2734a11a52125f6610ff5f507d7,https://open.spotify.com/album/6ybbipilxkmhmpanlxl5rm,edm/agave-harvest-cc:disco!.jpg
ahora todo va,dennis-cruz,https://i.scdn.co/image/ab67616d0000b273064762f1ddfde535c4220857,https://open.spotify.com/album/5bmpgyiwxzut8l5k9fvslo,edm/ahora-todo-va-dennis-cruz.jpg
ain't nobody (feat. lashun pace),bakermat,https://i.scdn.co/image/ab67616d0000b2736af921323a607070fe1c5af0,https://open.spotify.com/album/2eb62zjmobwatatn8twco4,edm/ain't-nobody-(feat.-lashun-pace)-bakermat.jpg
alive,zeds-dead,https://i.scdn.co/image/ab67616d0000b273ed91151e9425a0eae7b7db98,https://open.spotify.com/album/424akxxkyzsnsoibrw64oh,edm/alive-zeds-dead.jpg
all i need (dj-kicks),jayda-g,https://i.scdn.co/image/ab67616d0000b273093833122d320a5ea89fb00f,https://open.spotify.com/album/538fzgi7spx9lwvfwr0biw,edm/all-i-need-(dj-kicks)-jayda-g.jpg
always on my mind (feat. charlotte haining),shane-codd,https://i.scdn.co/image/ab67616d0000b2737792e2b6d6f914fcba38e2d1,https://open.spotify.com/album/2k3fnt3oy5pieawtbkrebr,edm/always-on-my-mind-(feat.-charlotte-haining)-shane-codd.jpg
angels cry ep,mha-iri,https://i.scdn.co/image/ab67616d0000b273f1b6b954903d0a2f083a8ff2,https://open.spotify.com/album/731e2r70vonxbshhyhq1uz,edm/angels-cry-ep-mha-iri.jpg
animal kingdom,amyelle,https://i.scdn.co/image/ab67616d0000b273ac0df9a92bb1915330ca48e8,https://open.spotify.com/album/4eabxs2kdjjsbgjg0cewit,edm/animal-kingdom-amyelle.jpg
another level (ft. lovespeake),timmy-trumpet,https://i.scdn.co/image/ab67616d0000b27336c61b0d9fcdd390107a8ae4,https://open.spotify.com/album/2xeecug4bln1kzzyfid0wd,edm/another-level-(ft.-lovespeake)-timmy-trumpet.jpg
anything,alison-wonderland,https://i.scdn.co/image/ab67616d0000b273d58c33753ecbe7e20fde9582,https://open.spotify.com/album/703azzcagu2krgjo0pgzdl,edm/anything-alison-wonderland.jpg
aquatic,nora-en-pure,https://i.scdn.co/image/ab67616d0000b273f05ab30b15951d17070e73d5,https://open.spotify.com/album/1sxupexg3bo3norkvf2njx,edm/aquatic-nora-en-pure.jpg
around the world (feat. noumenn),kshmr,https://i.scdn.co/image/ab67616d0000b2735a615d57d9087cf757cd0e59,https://open.spotify.com/album/5mbolvo8eosuyukstqc0ay,edm/around-the-world-(feat.-noumenn)-kshmr.jpg
athena,hi-lo,https://i.scdn.co/image/ab67616d0000b273d00d53b2cccf3a61dd033092,https://open.spotify.com/album/5qoorlgeqigusx5opiqarp,edm/athena-hi-lo.jpg
atlas,space-92,https://i.scdn.co/image/ab67616d0000b273e92d552d91f6308836be8cae,https://open.spotify.com/album/2bosuqqydxj5znjulxdkhy,edm/atlas-space-92.jpg
back & forth (feat. lily mckenzie),jess-bays,https://i.scdn.co/image/ab67616d0000b273f8fdf6abccb226242c89a4dc,https://open.spotify.com/album/1taquosmld01fvfoazpuko,edm/back-&-forth-(feat.-lily-mckenzie)-jess-bays.jpg
bad bitches (feat. megan thee stallion),marshmello,https://i.scdn.co/image/ab67616d0000b27325e9191a70dfa054b9829474,https://open.spotify.com/album/4m6gptd9twgxqzlpacusqj,edm/bad-bitches-(feat.-megan-thee-stallion)-marshmello.jpg
balance ep,rebecca-delle-piane,https://i.scdn.co/image/ab67616d0000b273eef525c84b72a2d191db9dc3,https://open.spotify.com/album/17rzitht3bbjahwlb3mifu,edm/balance-ep-rebecca-delle-piane.jpg
basement,nervo,https://i.scdn.co/image/ab67616d0000b27329e1a9332627f544158c984e,https://open.spotify.com/album/3ghxxfxmvqvbcnjulasnzh,edm/basement-nervo.jpg
bde,shygirl,https://i.scdn.co/image/ab67616d0000b273133f2bbe4c65697c14f1d958,https://open.spotify.com/album/0v2o7puzznexktcwy69432,edm/bde-shygirl.jpg
beat freak (ft. lau.ra),chris-lake,https://i.scdn.co/image/ab67616d0000b273d05e060429dd8e2b38cdef11,https://open.spotify.com/album/0p4sstuw8aycix2ctp80jf,edm/beat-freak-(ft.-lau.ra)-chris-lake.jpg
bed,joel-corry,https://i.scdn.co/image/ab67616d0000b273420815e00e8dc4732b4fe233,https://open.spotify.com/album/2ggdz0wsowsd4916bwzbnx,edm/bed-joel-corry.jpg
believer,lp-giobbi,https://i.scdn.co/image/ab67616d0000b273f5513002270de4c9d73b8c2e,https://open.spotify.com/album/7vie6ghvokrusmmjkuebqc,edm/believer-lp-giobbi.jpg
best is yet to come (with kyle reynolds),gryffin,https://i.scdn.co/image/ab67616d0000b273f9c6a9f955209705ebfd78ca,https://open.spotify.com/album/2yna1y8t91s15tptzmcafx,edm/best-is-yet-to-come-(with-kyle-reynolds)-gryffin.jpg
better than this,john-summit,https://i.scdn.co/image/ab67616d0000b2739a4c8d615cea2603a14fa130,https://open.spotify.com/album/6gbuyc6kb63fnd2yunovmz,edm/better-than-this-john-summit.jpg
between reality and darkness,mark-dekoda,https://i.scdn.co/image/ab67616d0000b2739c1d14494b388140ea9559b4,https://open.spotify.com/album/6xdgxzp51ot9wiwxqsgk5k,edm/between-reality-and-darkness-mark-dekoda.jpg
beyond beliefs,ben-böhmer,https://i.scdn.co/image/ab67616d0000b273bb5c0014124b70dde0856987,https://open.spotify.com/album/5bjamshqsgnofuekthnkru,edm/beyond-beliefs-ben-böhmer.jpg
big love (with wrabel),klingande,https://i.scdn.co/image/ab67616d0000b273a20c4ea37a203a921adbb57c,https://open.spotify.com/album/65e5wecafom4a3rfam3j2s,edm/big-love-(with-wrabel)-klingande.jpg
black magic,jonasu,https://i.scdn.co/image/ab67616d0000b2732d846760757868b00e08dae1,https://open.spotify.com/album/5ak6jw4ldeomh8p9ldtsv3,edm/black-magic-jonasu.jpg
blessing in this house,picard-brothers,https://i.scdn.co/image/ab67616d0000b273123cd5bd4623052154759e6c,https://open.spotify.com/album/4km7a8c3qd1ar8harcp92f,edm/blessing-in-this-house-picard-brothers.jpg
bloodstream,twocolors,https://i.scdn.co/image/ab67616d0000b2733824c67481c2ca262d118c92,https://open.spotify.com/album/5swy6ik42icybqqbcpg0kq,edm/bloodstream-twocolors.jpg
blow your whistle '21,dj-duke,https://i.scdn.co/image/ab67616d0000b27330b0f1026bc4eef5cdfac844,https://open.spotify.com/album/5ypxjbzp7kyxuamyebigwd,edm/blow-your-whistle-'21-dj-duke.jpg
blue,audien,https://i.scdn.co/image/ab67616d0000b2739cff4d675fec641cd9d5d26d,https://open.spotify.com/album/77m2cazg88dkuybxzd6vm6,edm/blue-audien.jpg
body on my mind,alok,https://i.scdn.co/image/ab67616d0000b273571d579d88e4c41910ecfd07,https://open.spotify.com/album/74z7bcwu01v3ze2caqrtqf,edm/body-on-my-mind-alok.jpg
bongo cha cha cha,goodboys,https://i.scdn.co/image/ab67616d0000b273ea16704c34ef469abc5d5bb5,https://open.spotify.com/album/0goslvh4vqvdlqhmee3bk1,edm/bongo-cha-cha-cha-goodboys.jpg
bosana,el-mukuka,https://i.scdn.co/image/ab67616d0000b2738de8d48a33df6e01af4cf2e3,https://open.spotify.com/album/5t6pqwdnbcwsdubrrnjmh1,edm/bosana-el-mukuka.jpg
boyz n da club,shermanology,https://i.scdn.co/image/ab67616d0000b273c1bac553a19b4c5758fa2ee1,https://open.spotify.com/album/6kasm8iauf480u29vmfww8,edm/boyz-n-da-club-shermanology.jpg
break a sweat,sophie-francis,https://i.scdn.co/image/ab67616d0000b273e35d4f9a999aff4f0bccbde1,https://open.spotify.com/album/4k3rszetqfdbmcx3owr17e,edm/break-a-sweat-sophie-francis.jpg
break it off,pinkpantheress,https://i.scdn.co/image/ab67616d0000b2732e51f8c520bc39fdf34192e7,https://open.spotify.com/album/2qt1ltrbtlrui5f7umfphz,edm/break-it-off-pinkpantheress.jpg
breathe (feat. kaspara),syn-cole,https://i.scdn.co/image/ab67616d0000b27322f90195f1ac196e36ed7eac,https://open.spotify.com/album/5myfoneyi51lu0jhbpsrfk,edm/breathe-(feat.-kaspara)-syn-cole.jpg
bridged by a lightwave,deadmau5,https://i.scdn.co/image/ab67616d0000b27310c8acd10091286abda2808c,https://open.spotify.com/album/5gqm35tkctk25fqmtou7nu,edm/bridged-by-a-lightwave-deadmau5.jpg
bucuresti,simina-grigoriu,https://i.scdn.co/image/ab67616d0000b2735d9f0c5e47931439147d65b7,https://open.spotify.com/album/6eyhlz3c9l2ndrgndgmhmn,edm/bucuresti-simina-grigoriu.jpg
butterflies (with starrah & four tet),skrillex,https://i.scdn.co/image/ab67616d0000b27310503e6ff6013974f9e08a5d,https://open.spotify.com/album/1j2ux2ckl8szgrxkqsxofm,edm/butterflies-(with-starrah-&-four-tet)-skrillex.jpg
by your side (feat. tom grennan),calvin-harris,https://i.scdn.co/image/ab67616d0000b27326ab76de7cfa7b953e58caee,https://open.spotify.com/album/6z6qdcxb3ibonauswlp4ib,edm/by-your-side-(feat.-tom-grennan)-calvin-harris.jpg
call me papi (feat. dawty music),feder,https://i.scdn.co/image/ab67616d0000b2730f9827da7fd94904c721cd0d,https://open.spotify.com/album/55bzcxej7gn6yx7wixzjgx,edm/call-me-papi-(feat.-dawty-music)-feder.jpg
call on me,raye,https://i.scdn.co/image/ab67616d0000b27327825c288d849507f56d6173,https://open.spotify.com/album/4l78jaweyliintlaadihjy,edm/call-on-me-raye.jpg
"calling out (feat. dames brown) [12"" mix]",sophie-lloyd,https://i.scdn.co/image/ab67616d0000b2735126bd1cda00b06d09c90dee,https://open.spotify.com/album/2zaicjo3d6fn7acpdth77x,"edm/calling-out-(feat.-dames-brown)-[12""-mix]-sophie-lloyd.jpg"
can't get enough,maur,https://i.scdn.co/image/ab67616d0000b273f741241682fa905b719ad149,https://open.spotify.com/album/5nikwe6aseadhpm7ftpeko,edm/can't-get-enough-maur.jpg
carry us,lp-giobbi,https://i.scdn.co/image/ab67616d0000b273f34b2ed43251eff6246a6fe8,https://open.spotify.com/album/1zd3lsdnczytylhnkgigxj,edm/carry-us-lp-giobbi.jpg
chain my heart,topic,https://i.scdn.co/image/ab67616d0000b2738a5169176053574bb1d0a65b,https://open.spotify.com/album/2b9wwxzrv65arnsix1t9zd,edm/chain-my-heart-topic.jpg
chaos (wax wings remix),louisahhh,https://i.scdn.co/image/ab67616d0000b273428b3438e756268ea2d85c8c,https://open.spotify.com/album/6jmn6wbcohnkdktwru3z0e,edm/chaos-(wax-wings-remix)-louisahhh.jpg
chemical,mk,https://i.scdn.co/image/ab67616d0000b273b798fc0f6fd63fc34b7661c2,https://open.spotify.com/album/1wz8fvtvrxubqlynrrnf5b,edm/chemical-mk.jpg
chemicals,peking-duk,https://i.scdn.co/image/ab67616d0000b2736192393b3ec1f67ef3d8a88e,https://open.spotify.com/album/1lwhfq8bkoweslrotdzy71,edm/chemicals-peking-duk.jpg
cherry blossom,dawn-razor,https://i.scdn.co/image/ab67616d0000b273baaa926995828413bd366b9e,https://open.spotify.com/album/4ntzcfjyef8zpd5qjc2b4c,edm/cherry-blossom-dawn-razor.jpg
close your eyes,spartaque,https://i.scdn.co/image/ab67616d0000b273513289e7cdcd74864800ca83,https://open.spotify.com/album/1u25thkjkgif5sa7grgpaw,edm/close-your-eyes-spartaque.jpg
closer,jaden-thompson,https://i.scdn.co/image/ab67616d0000b2730ce1b65fc3fc60dbba422bff,https://open.spotify.com/album/6xvwl4aejhcfwollziksgo,edm/closer-jaden-thompson.jpg
closer (feat. lilly ahlberg),sonny-fodera,https://i.scdn.co/image/ab67616d0000b27384e0c655c0bc0717ec7596b8,https://open.spotify.com/album/17qrrxvzu8tdkh4xrijarr,edm/closer-(feat.-lilly-ahlberg)-sonny-fodera.jpg
coffee in the morning ep,dam-swindle,https://i.scdn.co/image/ab67616d0000b273dc5c7b78e42838310b4f5e35,https://open.spotify.com/album/5tht3dlsh2wb5o4bpj1zts,edm/coffee-in-the-morning-ep-dam-swindle.jpg
colours,mat-zo,https://i.scdn.co/image/ab67616d0000b273c3e9d03dfb43f69d0bae768f,https://open.spotify.com/album/2tz2frh85fj4cf3hpecpqs,edm/colours-mat-zo.jpg
come back around,eli-&-fur,https://i.scdn.co/image/ab67616d0000b27345d7f7f37fa0cda915d1a7ca,https://open.spotify.com/album/4dyxmacwiniy5pgjtbeudn,edm/come-back-around-eli-&-fur.jpg
come into my world (with nervo),alexandra-stan,https://i.scdn.co/image/ab67616d0000b273305813479a3a4d8b908e5f64,https://open.spotify.com/album/5vzduymzrhloifh1stvpem,edm/come-into-my-world-(with-nervo)-alexandra-stan.jpg
come with me (feat. bad boy chiller crew),riton,https://i.scdn.co/image/ab67616d0000b27322812409f5cce2f1e550fbd3,https://open.spotify.com/album/3k0qguczz7zltn9v5ninst,edm/come-with-me-(feat.-bad-boy-chiller-crew)-riton.jpg
comet,holow,https://i.scdn.co/image/ab67616d0000b273f508a70d0c4c37fedebc2050,https://open.spotify.com/album/28cldqnwmnkanmrelbs78s,edm/comet-holow.jpg
coming home,quintino,https://i.scdn.co/image/ab67616d0000b273feee7339505c335f087c2af2,https://open.spotify.com/album/1qxdqyatnanaombnwmfw3f,edm/coming-home-quintino.jpg
confrontation,homegrown-syndrome,https://i.scdn.co/image/ab67616d0000b273d67c5f5ee4d1f3e0b3f367e3,https://open.spotify.com/album/0hby1zcx84ism2h3xlytn5,edm/confrontation-homegrown-syndrome.jpg
conga rock,diplo,https://i.scdn.co/image/ab67616d0000b2735f1df3c0b0d269cda2ea3ecd,https://open.spotify.com/album/3rnrgh0bown4nqdf8euku5,edm/conga-rock-diplo.jpg
consciousness,pig&dan,https://i.scdn.co/image/ab67616d0000b27319c5c1c9acf6e43d03799224,https://open.spotify.com/album/5iq9ss4mnqv682nfncm2pe,edm/consciousness-pig&dan.jpg
cryptic speech ep,umek,https://i.scdn.co/image/ab67616d0000b273d0f1c0350b315637aa1f87c1,https://open.spotify.com/album/3wjytot0x1glutvptr2lmq,edm/cryptic-speech-ep-umek.jpg
crystalline,joyce-muniz,https://i.scdn.co/image/ab67616d0000b273cd498ec7a78026331d9139d7,https://open.spotify.com/album/6o13uskwcjrtqao9yqltjr,edm/crystalline-joyce-muniz.jpg
crystallise,jax-jones,https://i.scdn.co/image/ab67616d0000b273f7fc0e573e66554756027a27,https://open.spotify.com/album/11faqiunynfkwjypj1hxsk,edm/crystallise-jax-jones.jpg
cubanito,kideko,https://i.scdn.co/image/ab67616d0000b273bfed4c29b2d55ec9bab944d2,https://open.spotify.com/album/3du5fcwbfuqwqwqq6fitat,edm/cubanito-kideko.jpg
dark places,cosmic-boys,https://i.scdn.co/image/ab67616d0000b2732aaf5e829f61dffa2dbd563c,https://open.spotify.com/album/1qjhc9bytwrnbvn2tctldl,edm/dark-places-cosmic-boys.jpg
dedicated 2 disrespect,lsdxoxo,https://i.scdn.co/image/ab67616d0000b27340f5350b5c7bef2b197b2953,https://open.spotify.com/album/5roqnnptlvom1blmkallv8,edm/dedicated-2-disrespect-lsdxoxo.jpg
distant memory (with timmy trumpet x w&w),r3hab,https://i.scdn.co/image/ab67616d0000b273026ae774c7e0b0d2f685b3c2,https://open.spotify.com/album/4hx4oabowyr4hi1ueehrlr,edm/distant-memory-(with-timmy-trumpet-x-w&w)-r3hab.jpg
do you remember,dombresky,https://i.scdn.co/image/ab67616d0000b273a746895df2e5ca7da2dd6a81,https://open.spotify.com/album/0zi1gmtlmbrvz5tub4xqqf,edm/do-you-remember-dombresky.jpg
don't be afraid (feat. jungle),diplo,https://i.scdn.co/image/ab67616d0000b27303d3225d1bd604e800c4153f,https://open.spotify.com/album/3flanafy1cnzwulnpkbewg,edm/don't-be-afraid-(feat.-jungle)-diplo.jpg
don't call,robin-m,https://i.scdn.co/image/ab67616d0000b273377480aac3722daeccbb2378,https://open.spotify.com/album/4ffb9hnpyxxkjxjja8ile1,edm/don't-call-robin-m.jpg
don't hit my line,aluna,https://i.scdn.co/image/ab67616d0000b273599d080c77aa0618f75d0606,https://open.spotify.com/album/4kcvm6m4tvhuln27nvme8y,edm/don't-hit-my-line-aluna.jpg
don't wait (feat. claudy),mesto,https://i.scdn.co/image/ab67616d0000b27344f7a6001f72731ab461a7ce,https://open.spotify.com/album/2nzvifwi5lik6obp7lmays,edm/don't-wait-(feat.-claudy)-mesto.jpg
don't you know,biscits,https://i.scdn.co/image/ab67616d0000b273610e370e4a9322995c028811,https://open.spotify.com/album/768hz6qzdxvsobrmartsgi,edm/don't-you-know-biscits.jpg
downtown (with kelvin jones),r3hab,https://i.scdn.co/image/ab67616d0000b2730e2e2ce7a8b7fe5e7595319b,https://open.spotify.com/album/0xkttx5dsmkvsphup8wbvs,edm/downtown-(with-kelvin-jones)-r3hab.jpg
dracodraco,ninajirachi,https://i.scdn.co/image/ab67616d0000b273fe04c0b47393e0d428989661,https://open.spotify.com/album/13yqamzrlzziaj9pgpqppo,edm/dracodraco-ninajirachi.jpg
dreamland 2021,zhu,https://i.scdn.co/image/ab67616d0000b27319aac33b60867b442644fdf3,https://open.spotify.com/album/50qkpfridaiorn2l2hfrfi,edm/dreamland-2021-zhu.jpg
dreams,gorgon-city,https://i.scdn.co/image/ab67616d0000b27362a877e2508237fdd69b5371,https://open.spotify.com/album/4pkwikrlawmfhlpcs07cdz,edm/dreams-gorgon-city.jpg
driver seat,lady-bee,https://i.scdn.co/image/ab67616d0000b2735d2c3c2fd1401965c7dfa77b,https://open.spotify.com/album/2jhh69nohq7yzetbgxansj,edm/driver-seat-lady-bee.jpg
driver seat (dave summit remix),lady-bee,https://i.scdn.co/image/ab67616d0000b2735f5419221346982612196d0d,https://open.spotify.com/album/62yn6d9gopm1txg5eir03b,edm/driver-seat-(dave-summit-remix)-lady-bee.jpg
drxgs,yellow-claw,https://i.scdn.co/image/ab67616d0000b273b2c3e6a6672d7d30801fa951,https://open.spotify.com/album/2hpy6jvnqtxntbysjtropu,edm/drxgs-yellow-claw.jpg
dynamite,ilira,https://i.scdn.co/image/ab67616d0000b273af72293a1b93e48fa8dccfdc,https://open.spotify.com/album/3pcltvuz12jhy1bmwecbuw,edm/dynamite-ilira.jpg
east row,klaudia-gawlas,https://i.scdn.co/image/ab67616d0000b27382927503b64813c8b994fc37,https://open.spotify.com/album/3dipfo6ph3e2ep5fw4nlwj,edm/east-row-klaudia-gawlas.jpg
echo (with kshmr),armaan-malik,https://i.scdn.co/image/ab67616d0000b2731b91d6e06291ba7b2a448b25,https://open.spotify.com/album/4pqc9ivg6yrjpkakvouz2r,edm/echo-(with-kshmr)-armaan-malik.jpg
encinitas,goth-babe,https://i.scdn.co/image/ab67616d0000b2738bba7abb48e204927a32f58a,https://open.spotify.com/album/6e9x7zncy6guwwhzduql9z,edm/encinitas-goth-babe.jpg
energy (deluxe),disclosure,https://i.scdn.co/image/ab67616d0000b2739eaf17e9851e9e2a8717c73f,https://open.spotify.com/album/5s3sqom2url1gizmjg03oq,edm/energy-(deluxe)-disclosure.jpg
escape ep,eli-brown,https://i.scdn.co/image/ab67616d0000b273b55605105c86db4e2a7cf5c7,https://open.spotify.com/album/2lw3did5uyg25gg9mzheg8,edm/escape-ep-eli-brown.jpg
every single time,bissett,https://i.scdn.co/image/ab67616d0000b273290c48d8f2f7232507baff68,https://open.spotify.com/album/4icpxrzdy4l5j0zgzgc7in,edm/every-single-time-bissett.jpg
everybody wants to party,dubdogz,https://i.scdn.co/image/ab67616d0000b27386271a532aa6196b056f369f,https://open.spotify.com/album/5gqskvfqipkop7tvdbvnsj,edm/everybody-wants-to-party-dubdogz.jpg
everything,3lau,https://i.scdn.co/image/ab67616d0000b273460771a72003ffccb35a568f,https://open.spotify.com/album/4hgiw8zpu1rkgbeewknajv,edm/everything-3lau.jpg
excuses,mentis,https://i.scdn.co/image/ab67616d0000b2733f9d8bdfdb0f11387e29b926,https://open.spotify.com/album/5igb6fk5htrx4vqacmw4ga,edm/excuses-mentis.jpg
experimental evidence,the-yellowheads,https://i.scdn.co/image/ab67616d0000b273819db74a867e52d76aa2ba07,https://open.spotify.com/album/6tbbqajtshhnjozu1s8bnd,edm/experimental-evidence-the-yellowheads.jpg
fake a smile,alan-walker,https://i.scdn.co/image/ab67616d0000b2730509a9d3c5f798b3ed5443fc,https://open.spotify.com/album/1ley6jssjo6qjozyuxe2fn,edm/fake-a-smile-alan-walker.jpg
feel the energy,bexxie,https://i.scdn.co/image/ab67616d0000b273f99747aa03a0a023b205f088,https://open.spotify.com/album/6rieif1b881a2mpzukgohd,edm/feel-the-energy-bexxie.jpg
feel the power,will-clarke,https://i.scdn.co/image/ab67616d0000b2735029f0fea237903fa9071e1c,https://open.spotify.com/album/3n9baq5d77gggfonnmr8se,edm/feel-the-power-will-clarke.jpg
feel the vibe,fabich,https://i.scdn.co/image/ab67616d0000b2734417f3681c348361cf6d3eea,https://open.spotify.com/album/7ys3b5vwhqxr8y3rhq0hkk,edm/feel-the-vibe-fabich.jpg
feels,jax-jones,https://i.scdn.co/image/ab67616d0000b273d46fcc3b72b87aa5118b659e,https://open.spotify.com/album/47wcydjufpc2mzkrqf5zpk,edm/feels-jax-jones.jpg
feels like love,syn-cole,https://i.scdn.co/image/ab67616d0000b273c93e6ee0896436a28ddcdce9,https://open.spotify.com/album/5xwq3pgz30typik402bp29,edm/feels-like-love-syn-cole.jpg
fight for,arty,https://i.scdn.co/image/ab67616d0000b2736966ccc237d2010630efe79e,https://open.spotify.com/album/3mvs0kngm4wmdv04e7vzu2,edm/fight-for-arty.jpg
finally (cannot hide it),amorphous,https://i.scdn.co/image/ab67616d0000b2737302f51b27a8a237d776358a,https://open.spotify.com/album/4w1la9h8hednolddxupshl,edm/finally-(cannot-hide-it)-amorphous.jpg
fireworks,purple-disco-machine,https://i.scdn.co/image/ab67616d0000b273b79b24147d190f7056d419d6,https://open.spotify.com/album/5uwgd67ymruesmhgkrb2rt,edm/fireworks-purple-disco-machine.jpg
flatline,ejeca,https://i.scdn.co/image/ab67616d0000b273d863fce90c09b64791bf93a5,https://open.spotify.com/album/4qc9zfbjafj8mtpj7m2b6e,edm/flatline-ejeca.jpg
"for club play only, pt. 7",duke-dumont,https://i.scdn.co/image/ab67616d0000b273552c99d95b63ec9ac842c6b0,https://open.spotify.com/album/6gtiyiwuthkdkffz5aoqhu,"edm/for-club-play-only,-pt.-7-duke-dumont.jpg"
formula ep,charlotte-de-witte,https://i.scdn.co/image/ab67616d0000b273cc130721a4f6b91a6594a1ad,https://open.spotify.com/album/0apcw1vdy8lhlh5yhfkoz5,edm/formula-ep-charlotte-de-witte.jpg
fortune,teenage-mutants,https://i.scdn.co/image/ab67616d0000b273a131f8f70733fa0582ed08b7,https://open.spotify.com/album/0qpxcpya6okmjoqizt7xqb,edm/fortune-teenage-mutants.jpg
free,vintage-culture,https://i.scdn.co/image/ab67616d0000b2730aa4c2978c52c42d3201c263,https://open.spotify.com/album/2wui1ufvsocufacighqewo,edm/free-vintage-culture.jpg
fudge,idris-elba,https://i.scdn.co/image/ab67616d0000b273ace601a451016669793a0cd1,https://open.spotify.com/album/4ejjo1x5dfezboplsp1poo,edm/fudge-idris-elba.jpg
fuori,deborah-de-luca,https://i.scdn.co/image/ab67616d0000b2739565852d93fdb55205f65c0a,https://open.spotify.com/album/4h89pid07b9vcy9f9tgjuh,edm/fuori-deborah-de-luca.jpg
future of mankind,ramon-tapia,https://i.scdn.co/image/ab67616d0000b273a11e8210973be77245bbc848,https://open.spotify.com/album/40toxgjggafg4to7fsxvho,edm/future-of-mankind-ramon-tapia.jpg
future sounds of jazz volume 13,various-artists,https://i.scdn.co/image/ab67616d0000b273483a0c87e32b5b121628ed2a,https://open.spotify.com/album/2o9rihlkhngo4ntmmpofql,edm/future-sounds-of-jazz-volume-13-various-artists.jpg
genesis,larry-heard,https://i.scdn.co/image/ab67616d0000b273a10c93efe6be922399b4d592,https://open.spotify.com/album/45yutfkobhbzr8saihqmbc,edm/genesis-larry-heard.jpg
going dumb,alesso,https://i.scdn.co/image/ab67616d0000b27379e0572c54f0afba2187c671,https://open.spotify.com/album/5imzvyqklgyzabwtgtd74l,edm/going-dumb-alesso.jpg
gold,bleu-clair,https://i.scdn.co/image/ab67616d0000b273101bff73955adec403517f65,https://open.spotify.com/album/2a854nnydyqb4hkhekqweh,edm/gold-bleu-clair.jpg
good good,dubdogz,https://i.scdn.co/image/ab67616d0000b273dfc046fd38690d898c4441e0,https://open.spotify.com/album/1rt8aixaqtelixyacmcjkc,edm/good-good-dubdogz.jpg
gotta be you,nervo,https://i.scdn.co/image/ab67616d0000b27329204e387d2575124fbb2811,https://open.spotify.com/album/2zzcyknjn9v95n0oyg8paf,edm/gotta-be-you-nervo.jpg
graceland - the remixes,paul-simon,https://i.scdn.co/image/ab67616d0000b273bf5be43073e6e989a5a9d33e,https://open.spotify.com/album/34orsj2qrkkwuuwqjmcv1d,edm/graceland---the-remixes-paul-simon.jpg
gravity,gryffin,https://i.scdn.co/image/ab67616d0000b2730e5311993a01fb2e7169f6a7,https://open.spotify.com/album/2iavhjdarpfa6mqqxhog75,edm/gravity-gryffin.jpg
hang tight,eden-prince,https://i.scdn.co/image/ab67616d0000b273ed761c285124d251666d9c86,https://open.spotify.com/album/4knggc5syt3cjstqi0cik0,edm/hang-tight-eden-prince.jpg
haram!,goldlink,https://i.scdn.co/image/ab67616d0000b273edbf3603b746aad67b70f28e,https://open.spotify.com/album/5m1r17favkpjp7h5yptrt1,edm/haram!-goldlink.jpg
hardwell's revealed radio - week 15,hardwell,https://i.scdn.co/image/ab67616d0000b273cb99de0ad3dec5a2fa42b695,https://open.spotify.com/album/3gnp9xvxuluoctqr0roycf,edm/hardwell's-revealed-radio---week-15-hardwell.jpg
head & heart (feat. mnek),joel-corry,https://i.scdn.co/image/ab67616d0000b27391e93c59bacfe819db9601eb,https://open.spotify.com/album/5glfcpecxshzidu6exw8wo,edm/head-&-heart-(feat.-mnek)-joel-corry.jpg
headrush (feat. elroii),meduza,https://i.scdn.co/image/ab67616d0000b2737ddec04d2287ea94ce701e17,https://open.spotify.com/album/3z4rijlvwctbfxe4m3ezcx,edm/headrush-(feat.-elroii)-meduza.jpg
heal me,joe-killington,https://i.scdn.co/image/ab67616d0000b2734438f545efac217501930cfc,https://open.spotify.com/album/2em7jxnwopmntizxzhociu,edm/heal-me-joe-killington.jpg
hear me say,jonas-blue,https://i.scdn.co/image/ab67616d0000b2731a45582b69e744e45e46a7ca,https://open.spotify.com/album/0mthf0grl8yvxvzhamzn9v,edm/hear-me-say-jonas-blue.jpg
heard about me,dimitri-vegas-&-like-mike,https://i.scdn.co/image/ab67616d0000b273db5c5be17b253bfc7b03b8cc,https://open.spotify.com/album/2hpdzoq2ru7j158mu4jmdy,edm/heard-about-me-dimitri-vegas-&-like-mike.jpg
heartbeat,glass-petals,https://i.scdn.co/image/ab67616d0000b273b3f20cf2f7dad7dff664f175,https://open.spotify.com/album/4yhijttxavqaxdwmz22hu7,edm/heartbeat-glass-petals.jpg
heartbreak anthem (with david guetta & little mix),galantis,https://i.scdn.co/image/ab67616d0000b273f4bfb27a5cba871dad09e26d,https://open.spotify.com/album/6kbugnooge7uiphn82dcj1,edm/heartbreak-anthem-(with-david-guetta-&-little-mix)-galantis.jpg
heater,hot-since-82,https://i.scdn.co/image/ab67616d0000b27399a9b91a23c1b9b554bbcb87,https://open.spotify.com/album/6zj5jjlpvaxnqs7bysebmk,edm/heater-hot-since-82.jpg
hierarchy level,f-rontal,https://i.scdn.co/image/ab67616d0000b273957eceda6f0140e591988c47,https://open.spotify.com/album/1tcoorp81kpt5tdt7gpx1s,edm/hierarchy-level-f-rontal.jpg
higher love,kygo,https://i.scdn.co/image/ab67616d0000b2737c8977a0ad3a3a0627be9ed7,https://open.spotify.com/album/4wqujimu8rtyeudtiasfce,edm/higher-love-kygo.jpg
higher power (tiësto remix),coldplay,https://i.scdn.co/image/ab67616d0000b273b98892f41cd5ab918c34daa9,https://open.spotify.com/album/31uapl5q92iadprwycdpkk,edm/higher-power-(tiësto-remix)-coldplay.jpg
holding on too long,hard-feelings,https://i.scdn.co/image/ab67616d0000b273a1d2da39d92c3c1a3ce74bfe,https://open.spotify.com/album/1jjics5iov87nwhhbubrpw,edm/holding-on-too-long-hard-feelings.jpg
holla,cloonee,https://i.scdn.co/image/ab67616d0000b273431d4eb5cea0efdf9db6e44e,https://open.spotify.com/album/36vpqv4dzz73m5kx68mztq,edm/holla-cloonee.jpg
home,maddix,https://i.scdn.co/image/ab67616d0000b27343b6f986a0611f8e99f3704a,https://open.spotify.com/album/2se0vam3taguk11eoybkz3,edm/home-maddix.jpg
hot n heavy,jessie-ware,https://i.scdn.co/image/ab67616d0000b27356191ef703a1db3e4c6443ed,https://open.spotify.com/album/5mt4xiat306y6xddtjbnuq,edm/hot-n-heavy-jessie-ware.jpg
hustle do brasil,aroop-roy,https://i.scdn.co/image/ab67616d0000b273430b2623763f74c08489ae32,https://open.spotify.com/album/1u6wfnkngorti9lttgkj78,edm/hustle-do-brasil-aroop-roy.jpg
hyper world,layton-giordani,https://i.scdn.co/image/ab67616d0000b27374ccc1f7c892f8c33e9ca3ae,https://open.spotify.com/album/6ntcvtlqdskyrdbi87nzak,edm/hyper-world-layton-giordani.jpg
hyperdrive,antonio-d'africa,https://i.scdn.co/image/ab67616d0000b273c17a475a2e73db6e7be41f0d,https://open.spotify.com/album/24y6k6pr0wqbnpsiuzwsju,edm/hyperdrive-antonio-d'africa.jpg
hypnocurrency,rezz,https://i.scdn.co/image/ab67616d0000b273ec08c4260fd2adefbef1296f,https://open.spotify.com/album/28ww07sx0iraxab1xddnd3,edm/hypnocurrency-rezz.jpg
i call that love,la-riots,https://i.scdn.co/image/ab67616d0000b2736e9c000db3899fe2f1e9e0fb,https://open.spotify.com/album/2jlrgd6vcvrq9gvhqiz0nv,edm/i-call-that-love-la-riots.jpg
i don't wanna go,tujamo,https://i.scdn.co/image/ab67616d0000b2732eae52193555e86cf30b1ee4,https://open.spotify.com/album/5cuh8ljl0rfq32hjpjljcf,edm/i-don't-wanna-go-tujamo.jpg
i go,peggy-gou,https://i.scdn.co/image/ab67616d0000b273279600f41e1819698bb41e49,https://open.spotify.com/album/6baemgje4ryoohqa3bi9dz,edm/i-go-peggy-gou.jpg
i just wanna dance,coldabank,https://i.scdn.co/image/ab67616d0000b27346c898ef5d7b38d7876ced02,https://open.spotify.com/album/31jrhjdjkyfbo9brqogmrd,edm/i-just-wanna-dance-coldabank.jpg
i miss having someone to talk to,folamour,https://i.scdn.co/image/ab67616d0000b27326e6918865fc32deeac01922,https://open.spotify.com/album/17pbuuvbgmmwd0l6ctktpr,edm/i-miss-having-someone-to-talk-to-folamour.jpg
i miss new york,warner-case,https://i.scdn.co/image/ab67616d0000b273e053236b61ab6eadeba7991c,https://open.spotify.com/album/00usuoss3tvapv8oh4ba6p,edm/i-miss-new-york-warner-case.jpg
if there is love,laidback-luke,https://i.scdn.co/image/ab67616d0000b273f744cb8d7f1803da656b4f9e,https://open.spotify.com/album/5pfpy8n2przmvv6coqidae,edm/if-there-is-love-laidback-luke.jpg
if you really love me (how will i know),david-guetta,https://i.scdn.co/image/ab67616d0000b273ad94cf39e09fca60f922c27f,https://open.spotify.com/album/2jchxs2dbrkpdhzl5o3fey,edm/if-you-really-love-me-(how-will-i-know)-david-guetta.jpg
impossible (feat. john martin),david-guetta,https://i.scdn.co/image/ab67616d0000b273cebd131340684a4211dcaff8,https://open.spotify.com/album/7xtz0wqbjocxv1vglu9vm6,edm/impossible-(feat.-john-martin)-david-guetta.jpg
infinity space,kaspar,https://i.scdn.co/image/ab67616d0000b273d3bab91ecacf3c27c8a26548,https://open.spotify.com/album/5zigturjj7kiuemlibm3qu,edm/infinity-space-kaspar.jpg
insomnia 2021,maceo-plex,https://i.scdn.co/image/ab67616d0000b273268ebbd9c58c0d0809ec0e55,https://open.spotify.com/album/04zgytx3ercdr7jeqb9gsx,edm/insomnia-2021-maceo-plex.jpg
interferencias,audiomatiques,https://i.scdn.co/image/ab67616d0000b2730cd068d26297e1c99e418fa4,https://open.spotify.com/album/3lkharb8cxmm5bopzloeif,edm/interferencias-audiomatiques.jpg
it don’t matter - spotify singles,alok,https://i.scdn.co/image/ab67616d0000b27360b16fc0b0cc5948f2173511,https://open.spotify.com/album/5w5uptvxo2vjcwnp5fbenc,edm/it-don’t-matter---spotify-singles-alok.jpg
it feels good,joel-holmes,https://i.scdn.co/image/ab67616d0000b273785d9a11b3de4bb760bd448d,https://open.spotify.com/album/6dhfbvhuoemrsixperjt1h,edm/it-feels-good-joel-holmes.jpg
jag trax,dj-jenifa,https://i.scdn.co/image/ab67616d0000b27394034286e47e91b7820b7f3c,https://open.spotify.com/album/2aep9vzj4ddnfxin25nfcm,edm/jag-trax-dj-jenifa.jpg
"journey to the center of myself, vol. 1",elohim,https://i.scdn.co/image/ab67616d0000b27304aaf213b2754d5465387926,https://open.spotify.com/album/5ynmb3dh3aowjw6yuph2la,"edm/journey-to-the-center-of-myself,-vol.-1-elohim.jpg"
judgement,ten-city,https://i.scdn.co/image/ab67616d0000b273d66b7a8a209b81b77f214e32,https://open.spotify.com/album/0eugyvmjlujety2ssll1ek,edm/judgement-ten-city.jpg
keep on moving (with nez feat. theophilus london),louis-the-child,https://i.scdn.co/image/ab67616d0000b2739d03c2ab3189d3121c97ec74,https://open.spotify.com/album/3d64cfimqie7czuchp3al0,edm/keep-on-moving-(with-nez-feat.-theophilus-london)-louis-the-child.jpg
keep pushing,alex-mills,https://i.scdn.co/image/ab67616d0000b2736586f552e6500eeb2dd8bc45,https://open.spotify.com/album/51efce1hjf6txbu7hakwik,edm/keep-pushing-alex-mills.jpg
knaldrang,joyhauser,https://i.scdn.co/image/ab67616d0000b273eb55ee4bab72833278bedbee,https://open.spotify.com/album/2o7ws5qegzfbkpyp5pa6td,edm/knaldrang-joyhauser.jpg
knock me out,ferreck-dawn,https://i.scdn.co/image/ab67616d0000b273ba2637c054ba5eacee0985a6,https://open.spotify.com/album/7if1q8fsq0cx0wzucxwmgc,edm/knock-me-out-ferreck-dawn.jpg
la nuit (radio edit),markantonio,https://i.scdn.co/image/ab67616d0000b27306ca880fa23c88107a92623e,https://open.spotify.com/album/6pcwvfpcb7p7cb1lvtckgg,edm/la-nuit-(radio-edit)-markantonio.jpg
language (walker & royce remix),mindchatter,https://i.scdn.co/image/ab67616d0000b2737d222109e75c713c6c08cee5,https://open.spotify.com/album/1ojbpbb3yvg2zyobok4syj,edm/language-(walker-&-royce-remix)-mindchatter.jpg
last time,becky-hill,https://i.scdn.co/image/ab67616d0000b2734021e1ea4a6d47f149c7fd2d,https://open.spotify.com/album/2qizgplrij9zchilp5sixr,edm/last-time-becky-hill.jpg
latex,monika-kruse,https://i.scdn.co/image/ab67616d0000b273871d561964c4382fd1aea6e0,https://open.spotify.com/album/3kjwrigz8s6htvx2pmvpi9,edm/latex-monika-kruse.jpg
learn to love again,audien,https://i.scdn.co/image/ab67616d0000b273a76d2756b04eeed92d97b701,https://open.spotify.com/album/442ed4spkcudl5gsfpwajy,edm/learn-to-love-again-audien.jpg
learn to love me (feat. ryan tedder),david-solomon,https://i.scdn.co/image/ab67616d0000b27346f3648e54455e3c3e52b175,https://open.spotify.com/album/1iwgvskce2jiqixcq1qesg,edm/learn-to-love-me-(feat.-ryan-tedder)-david-solomon.jpg
leave a little love,alesso,https://i.scdn.co/image/ab67616d0000b27381409778f69c4258adad7b3f,https://open.spotify.com/album/6xlhu3z6einpudfie5rq0r,edm/leave-a-little-love-alesso.jpg
let the music play,shannon,https://i.scdn.co/image/ab67616d0000b2733f071811003d25cc8d08b626,https://open.spotify.com/album/1ikxzuq2yw6dbb71oxeoj8,edm/let-the-music-play-shannon.jpg
let the sun shine (purple disco machine remix),milk-&-sugar,https://i.scdn.co/image/ab67616d0000b273be175a441f9a537474ed3731,https://open.spotify.com/album/6uhfjhkacnh61zgr9zznfh,edm/let-the-sun-shine-(purple-disco-machine-remix)-milk-&-sugar.jpg
let them know,mabel,https://i.scdn.co/image/ab67616d0000b273c21ff8aa98ca0a084f109dfb,https://open.spotify.com/album/067dp3a9hwqjxvr5lelmbb,edm/let-them-know-mabel.jpg
let's go dancing,shiba-san,https://i.scdn.co/image/ab67616d0000b27387bb423fb4ea91f43ea2d762,https://open.spotify.com/album/3xwjunedksegq3mau0yjtf,edm/let's-go-dancing-shiba-san.jpg
letters to remember,lucas-&-steve,https://i.scdn.co/image/ab67616d0000b2737e957714488104947de6a5e8,https://open.spotify.com/album/5ewnc9dmcclqt2cqkvvnce,edm/letters-to-remember-lucas-&-steve.jpg
let’s sing let’s dance,박혜진-park-hye-jin,https://i.scdn.co/image/ab67616d0000b27340b85b4ba126126a912185cf,https://open.spotify.com/album/2v3rfmae1iyyudjskygreg,edm/let’s-sing-let’s-dance-박혜진-park-hye-jin.jpg
life goes on (feat. alex hosking),ps1,https://i.scdn.co/image/ab67616d0000b273171b48cfcca570a8be1943f2,https://open.spotify.com/album/0wgbluvayn7ci1iojtpkzr,edm/life-goes-on-(feat.-alex-hosking)-ps1.jpg
lift me up,weiss,https://i.scdn.co/image/ab67616d0000b273104855554b4d1f6ec09a29c8,https://open.spotify.com/album/5b6tihyv69yxs0p5ckngys,edm/lift-me-up-weiss.jpg
lift your hands up (feat. ramona renea),david-penn,https://i.scdn.co/image/ab67616d0000b2734432217be81dc7b207978be1,https://open.spotify.com/album/1h3mhm9o2wdzbrikuz9zmw,edm/lift-your-hands-up-(feat.-ramona-renea)-david-penn.jpg
light up my life,jack-wins,https://i.scdn.co/image/ab67616d0000b273a2d6e131bccae727303e3a94,https://open.spotify.com/album/1h1c8oeoi9qsjv4ncnckhw,edm/light-up-my-life-jack-wins.jpg
lights go out,chapter-&-verse,https://i.scdn.co/image/ab67616d0000b2736f095d1812951e50ab33fa04,https://open.spotify.com/album/2jhlwfcqwdjarcj9d6gvdh,edm/lights-go-out-chapter-&-verse.jpg
living on video,trans-x,https://i.scdn.co/image/ab67616d0000b2738e0e22e431bb9a76aa41872b,https://open.spotify.com/album/1kxl9ctfwxgdpeapcx5qbp,edm/living-on-video-trans-x.jpg
lose control,fallon,https://i.scdn.co/image/ab67616d0000b273df9ff39b4f746f40ecda1035,https://open.spotify.com/album/7cbwx8qatcxv08rgo2m8yn,edm/lose-control-fallon.jpg
lose my mind (feat. bipolar sunshine),surf-mesa,https://i.scdn.co/image/ab67616d0000b273001ec3fff6aa41c9f8020a11,https://open.spotify.com/album/7hqsafgnwdn1dagzm6lfqv,edm/lose-my-mind-(feat.-bipolar-sunshine)-surf-mesa.jpg
losing control,fedde-le-grand,https://i.scdn.co/image/ab67616d0000b2739f8629e891138fdf79b1e0c2,https://open.spotify.com/album/1xecitgglcghot0a0z23xd,edm/losing-control-fedde-le-grand.jpg
losing my religion (feat. mkla),steve-aoki,https://i.scdn.co/image/ab67616d0000b27344f7d52555539b3e9a03b8d8,https://open.spotify.com/album/2js5sevfstaxwgjti2zz48,edm/losing-my-religion-(feat.-mkla)-steve-aoki.jpg
losing sleep,dvbbs,https://i.scdn.co/image/ab67616d0000b2739d46029a45caa81120b710a1,https://open.spotify.com/album/6rze3h2wjzju6u1cdplsrg,edm/losing-sleep-dvbbs.jpg
losing touch,franc-moody,https://i.scdn.co/image/ab67616d0000b2735ce473014d1005cd3f06b788,https://open.spotify.com/album/0gfyazapprg7myhy4oeemx,edm/losing-touch-franc-moody.jpg
lost in a moment,wankelmut,https://i.scdn.co/image/ab67616d0000b273de47d5815937806fdccbbcd3,https://open.spotify.com/album/3xhkqexfcgqvyjkfvuy7ck,edm/lost-in-a-moment-wankelmut.jpg
love changed me feat. byron stingily (frank wiedemann & toto chiavetta garage remix),joseph-capriati,https://i.scdn.co/image/ab67616d0000b273e95768ea5f8d684d9117e54a,https://open.spotify.com/album/5drfkfjrsy23ts38br3sed,edm/love-changed-me-feat.-byron-stingily-(frank-wiedemann-&-toto-chiavetta-garage-remix)-joseph-capriati.jpg
love me better,dillon-francis,https://i.scdn.co/image/ab67616d0000b2738e82632bdfb363deb0e661bc,https://open.spotify.com/album/1fcqo8phzngqsxpfud7vez,edm/love-me-better-dillon-francis.jpg
love tonight (david guetta remix),shouse,https://i.scdn.co/image/ab67616d0000b27328eec1bed4fe754299ea1e96,https://open.spotify.com/album/2hyufzr6xuqsurrzdy0d9w,edm/love-tonight-(david-guetta-remix)-shouse.jpg
love tonight (vintage culture & kiko franco remix),shouse,https://i.scdn.co/image/ab67616d0000b273be57a19f9e3e37235c94b25d,https://open.spotify.com/album/1x71912ax0l37dw0ew3qge,edm/love-tonight-(vintage-culture-&-kiko-franco-remix)-shouse.jpg
love you again (feat. akua),eden-prince,https://i.scdn.co/image/ab67616d0000b27328736ef19e8ffafcea427adc,https://open.spotify.com/album/5f3slii7s40r8lcaplnbm8,edm/love-you-again-(feat.-akua)-eden-prince.jpg
love you better,alex-preston,https://i.scdn.co/image/ab67616d0000b273a6a7850f0e14ac3b2514e71d,https://open.spotify.com/album/38ra4chimozqrlzqrrtfp1,edm/love-you-better-alex-preston.jpg
ma luv,oliver-heldens,https://i.scdn.co/image/ab67616d0000b27397d61560e135376028f734bf,https://open.spotify.com/album/7cfzsyuqggirbjyj86wp0a,edm/ma-luv-oliver-heldens.jpg
macid (original mix),a*s*y*s,https://i.scdn.co/image/ab67616d0000b2738fab9898f41379fa84ada91b,https://open.spotify.com/album/1keqjnw1fv7zetwihtnksb,edm/macid-(original-mix)-a*s*y*s.jpg
make me feel,john-summit,https://i.scdn.co/image/ab67616d0000b2733df3649ffb5d3b8334b01f3d,https://open.spotify.com/album/4uif595ktwqs5h1nhdinji,edm/make-me-feel-john-summit.jpg
make u mine,meg-ward,https://i.scdn.co/image/ab67616d0000b2738d91f65a240b88205c47c7f3,https://open.spotify.com/album/4jqs5wonr9mvmpm1tcbqsd,edm/make-u-mine-meg-ward.jpg
marea (we’ve lost dancing),fred-again..,https://i.scdn.co/image/ab67616d0000b273f9062eccd2f7244b38158af0,https://open.spotify.com/album/3aawkuthrwyftj2grfdpx9,edm/marea-(we’ve-lost-dancing)-fred-again...jpg
mars 500,chloé,https://i.scdn.co/image/ab67616d0000b273223eff4759f90a5258fcf7f7,https://open.spotify.com/album/7lfxilxttazwrwncthahfc,edm/mars-500-chloé.jpg
maybe i'm wrong,deborah-de-luca,https://i.scdn.co/image/ab67616d0000b273f23ebc56c2d21f326611830d,https://open.spotify.com/album/5wisscdwnncjbeu9vndmxi,edm/maybe-i'm-wrong-deborah-de-luca.jpg
megapunk (remixes),ela-minus,https://i.scdn.co/image/ab67616d0000b2732118a561b4d57911437445a9,https://open.spotify.com/album/5bdfznntvisvdmvjnzjaes,edm/megapunk-(remixes)-ela-minus.jpg
memories (feat. kid cudi) [2021 remix],david-guetta,https://i.scdn.co/image/ab67616d0000b27332f8cf72a026af196e4ffcb4,https://open.spotify.com/album/6yjgfgvxanpwd2sqjechsx,edm/memories-(feat.-kid-cudi)-[2021-remix]-david-guetta.jpg
mi amor,cloonee,https://i.scdn.co/image/ab67616d0000b273cac2eaa294a8f2663bebfc61,https://open.spotify.com/album/0v6kehgpnptyw9oecl7pbu,edm/mi-amor-cloonee.jpg
middle,noizu,https://i.scdn.co/image/ab67616d0000b273739dd1b47e45ee75b5a90c48,https://open.spotify.com/album/6xsgcih2zzyjqxv6yisoh0,edm/middle-noizu.jpg
miles to go,kaskade,https://i.scdn.co/image/ab67616d0000b273542b865b44602122d8cf81f5,https://open.spotify.com/album/5yxiqymmkqmc4x9u8rfr7a,edm/miles-to-go-kaskade.jpg
mind,emily-nash,https://i.scdn.co/image/ab67616d0000b2731994f5e450eb20a2daf6acca,https://open.spotify.com/album/2q7pfjwv3ibfpuyfmrshqh,edm/mind-emily-nash.jpg
minina bem li,arp-frique,https://i.scdn.co/image/ab67616d0000b2735a3e97bc139ef40612157bc4,https://open.spotify.com/album/54iz4wr3hc25qxyv2borpq,edm/minina-bem-li-arp-frique.jpg
modern romance,catz-'n-dogz,https://i.scdn.co/image/ab67616d0000b2733ce83740ce3e06ebcbc0a432,https://open.spotify.com/album/5jpxdmfjuwsertoyrteyuz,edm/modern-romance-catz-'n-dogz.jpg
more energy/i need it,richy-ahmed,https://i.scdn.co/image/ab67616d0000b273356e8df172f9a20915124246,https://open.spotify.com/album/5ywx5m48fji8x8lllx7vbo,edm/more-energy-i-need-it-richy-ahmed.jpg
more than a woman (sg's paradise edit),bee-gees,https://i.scdn.co/image/ab67616d0000b273bd8e2af160f4664d666c4132,https://open.spotify.com/album/2itmtem55pijldyjdckh96,edm/more-than-a-woman-(sg's-paradise-edit)-bee-gees.jpg
morenita,hugel,https://i.scdn.co/image/ab67616d0000b273588c08dcded5bc5a1c99aa71,https://open.spotify.com/album/4zmiwkkxrg5oo8ekxokqhw,edm/morenita-hugel.jpg
must be love (feat. electric fields),tseba,https://i.scdn.co/image/ab67616d0000b273135abab6ac2c99abce65d015,https://open.spotify.com/album/1pr80skl33od99dcwszrlo,edm/must-be-love-(feat.-electric-fields)-tseba.jpg
my carousel,tobtok,https://i.scdn.co/image/ab67616d0000b273ab79e4712fe8244ccc9e2485,https://open.spotify.com/album/1v3adrkixmof8gs88k8fuq,edm/my-carousel-tobtok.jpg
my girls,miane,https://i.scdn.co/image/ab67616d0000b273f7f8adf200739a7c6056e87f,https://open.spotify.com/album/7h3wmnhvxbj2knjczy04rm,edm/my-girls-miane.jpg
my time,tyler-young,https://i.scdn.co/image/ab67616d0000b2732c180b155c0b961b00ef2a5b,https://open.spotify.com/album/6fsfygixp5vbiaoss10f7k,edm/my-time-tyler-young.jpg
nabi,peggy-gou,https://i.scdn.co/image/ab67616d0000b27307f815e7f8be39db7962fccc,https://open.spotify.com/album/7hipzmwhqmczui5h8yc6jw,edm/nabi-peggy-gou.jpg
nebula,dok-&-martin,https://i.scdn.co/image/ab67616d0000b273ae4d738f6420a1ea998d1005,https://open.spotify.com/album/35hw8gg7cirpyjlgg0fap4,edm/nebula-dok-&-martin.jpg
neon lights,lodato,https://i.scdn.co/image/ab67616d0000b27390e1610d49f40b5f74d3f305,https://open.spotify.com/album/4rxudhm3qd2yv5ltqx0tnb,edm/neon-lights-lodato.jpg
never going home,kungs,https://i.scdn.co/image/ab67616d0000b273620940a157773439590c4486,https://open.spotify.com/album/3m2ev0lmkexe0y9hanrkfa,edm/never-going-home-kungs.jpg
never gonna tell you,hannah-wants,https://i.scdn.co/image/ab67616d0000b2736cc7a224554924e52acf2821,https://open.spotify.com/album/3pogejfiqvasnecv3ydjzj,edm/never-gonna-tell-you-hannah-wants.jpg
never look back (feat. syd silvair),oliver-heldens,https://i.scdn.co/image/ab67616d0000b273b170da454b39ab041a8547ac,https://open.spotify.com/album/3xur59qwnza9u0sfpxe65n,edm/never-look-back-(feat.-syd-silvair)-oliver-heldens.jpg
new world,t78,https://i.scdn.co/image/ab67616d0000b27354d3de8fa0c42b102640dbbc,https://open.spotify.com/album/0au4nebrxthk71f0wc1h5l,edm/new-world-t78.jpg
nightmare,sebastian-groth,https://i.scdn.co/image/ab67616d0000b273c6562ac1b6b3c7bdb25c3d0c,https://open.spotify.com/album/5dclyvrurz4z8ravdm0rx3,edm/nightmare-sebastian-groth.jpg
nirvana,a7s,https://i.scdn.co/image/ab67616d0000b2730ed9de57ca9e59ca05e0f04b,https://open.spotify.com/album/4vrgw3dww2o6u0hztxohae,edm/nirvana-a7s.jpg
no sleep,jodie-harsh,https://i.scdn.co/image/ab67616d0000b27349067cb9eed82cb07d49870a,https://open.spotify.com/album/78e3foeaq16qt3nh9vcwlk,edm/no-sleep-jodie-harsh.jpg
no wait,lis-sarroca,https://i.scdn.co/image/ab67616d0000b273435f37378b675acde523ef4b,https://open.spotify.com/album/4howxx6seyqofelqdeazqw,edm/no-wait-lis-sarroca.jpg
nobody,notd,https://i.scdn.co/image/ab67616d0000b273939faa21654a2c65c71f55a2,https://open.spotify.com/album/0n1baggdujad065qjb7ent,edm/nobody-notd.jpg
"nothing can save you, accept darkness",klanglos,https://i.scdn.co/image/ab67616d0000b273c519affae2003d1e8705629c,https://open.spotify.com/album/2ttaudfi8t7cda5nzp63v5,"edm/nothing-can-save-you,-accept-darkness-klanglos.jpg"
nurture,porter-robinson,https://i.scdn.co/image/ab67616d0000b2737d6ac8b4a84ad4b342050d87,https://open.spotify.com/album/4hjqdhj5rh816i1dfcueam,edm/nurture-porter-robinson.jpg
oar003,oni-ayhun,https://i.scdn.co/image/ab67616d0000b2730d5a0af60bd6ac4929c1e167,https://open.spotify.com/album/5hmbburwptn7z44q5h5n0t,edm/oar003-oni-ayhun.jpg
off of my mind,icona-pop,https://i.scdn.co/image/ab67616d0000b273975eda91720b3c13ff2c93df,https://open.spotify.com/album/1caauvihgjthvufdrujsq5,edm/off-of-my-mind-icona-pop.jpg
offenbach anthem,cinthie,https://i.scdn.co/image/ab67616d0000b2736cea13d36657a92f889e7c44,https://open.spotify.com/album/1qmqhzwqqgiwakpq40gyyn,edm/offenbach-anthem-cinthie.jpg
olympia,gorgon-city,https://i.scdn.co/image/ab67616d0000b273bafa195f89e8bea7b7846589,https://open.spotify.com/album/3r4dg6bufl4jaskeo50kle,edm/olympia-gorgon-city.jpg
on and on,moti,https://i.scdn.co/image/ab67616d0000b273e7c36d4061f1f83c9d64483b,https://open.spotify.com/album/4piensx7p0yzasm5k3kdkd,edm/on-and-on-moti.jpg
on my mind (purple disco machine remix),diplo,https://i.scdn.co/image/ab67616d0000b273f4b466a1d0be6519ccd186f1,https://open.spotify.com/album/2gnurwdntwimkcuf8s5eux,edm/on-my-mind-(purple-disco-machine-remix)-diplo.jpg
on your mind,doss,https://i.scdn.co/image/ab67616d0000b27320579d22632c3447f0c84b80,https://open.spotify.com/album/23r79fk0k3tcumblqapka6,edm/on-your-mind-doss.jpg
one night away,arty,https://i.scdn.co/image/ab67616d0000b273fdf167283e6253f6bc02eda7,https://open.spotify.com/album/0p3wdcysjlvpioypvopr72,edm/one-night-away-arty.jpg
only for tonight,bklava,https://i.scdn.co/image/ab67616d0000b2735f5aa3e602c7d352e383f0fe,https://open.spotify.com/album/1svyfk4nth4szelb4pzcwq,edm/only-for-tonight-bklava.jpg
only one,felix-cartal,https://i.scdn.co/image/ab67616d0000b273a54c91720ac7f5c3743b7b2f,https://open.spotify.com/album/7cgyzuw78v8gvvamyvedpd,edm/only-one-felix-cartal.jpg
onlyl,tsha,https://i.scdn.co/image/ab67616d0000b273369421f094fc11237c2fa623,https://open.spotify.com/album/0gwnvpscxk9zdpbxgfnqsg,edm/onlyl-tsha.jpg
out of reach,cristoph,https://i.scdn.co/image/ab67616d0000b273be23c0e076357de3a95d0337,https://open.spotify.com/album/6bkob4k0g6brt0aeg1tlcf,edm/out-of-reach-cristoph.jpg
out the fire (at the hotel),franky-rizardo,https://i.scdn.co/image/ab67616d0000b273c006773ac9c5d4ae6a21ace9,https://open.spotify.com/album/7n456sx833pv7nyjczolis,edm/out-the-fire-(at-the-hotel)-franky-rizardo.jpg
panic in fort greene park ep,the-juan-maclean,https://i.scdn.co/image/ab67616d0000b273e96bdb729c81b19f1fd52fe0,https://open.spotify.com/album/7cc8l7f2prnibrckelt2mz,edm/panic-in-fort-greene-park-ep-the-juan-maclean.jpg
paradise,meduza,https://i.scdn.co/image/ab67616d0000b273b6567be9f8b996a2b5f9b7fa,https://open.spotify.com/album/15sy3xqfshofidpkoxbyya,edm/paradise-meduza.jpg
passion,pinkpantheress,https://i.scdn.co/image/ab67616d0000b273fcc1ef4b803dd2a5acecf42d,https://open.spotify.com/album/6y4jnyojmd3igs0aivlve0,edm/passion-pinkpantheress.jpg
people are all that we have,eamon-harkin,https://i.scdn.co/image/ab67616d0000b27346326a50ac3ec3e65b3ac317,https://open.spotify.com/album/05ymzuhjpm2fbhnexw0k4n,edm/people-are-all-that-we-have-eamon-harkin.jpg
phoenix ep,drunken-kong,https://i.scdn.co/image/ab67616d0000b2730005db0399e5c254ce84af24,https://open.spotify.com/album/6mfsglbueh7mszbp6dzokl,edm/phoenix-ep-drunken-kong.jpg
pieces,vavo,https://i.scdn.co/image/ab67616d0000b273386d8537eaf38893980dd26d,https://open.spotify.com/album/7henpsmryf99qcmdiiydsy,edm/pieces-vavo.jpg
pigment,joyhauser,https://i.scdn.co/image/ab67616d0000b2737162686b5d8e4da9089f051c,https://open.spotify.com/album/4kydjolwk6oca2lbqufmdb,edm/pigment-joyhauser.jpg
pizzazz,patrice-rushen,https://i.scdn.co/image/ab67616d0000b273112c786147e66ff2107f0934,https://open.spotify.com/album/3pglkhkinprrra76et6qjy,edm/pizzazz-patrice-rushen.jpg
place i belong,will-clarke,https://i.scdn.co/image/ab67616d0000b273d915c168d484d032246cddff,https://open.spotify.com/album/3qzhzhc1et18cjmhf3czhh,edm/place-i-belong-will-clarke.jpg
places,drove,https://i.scdn.co/image/ab67616d0000b273f6a9ec41109ff2a51427e49a,https://open.spotify.com/album/4f941dhlsnib6dsqoojyhy,edm/places-drove.jpg
playbox,purple-disco-machine,https://i.scdn.co/image/ab67616d0000b2738707b6c69fdfbd7e69b38637,https://open.spotify.com/album/29tyn53cnu2go3iowzb9dd,edm/playbox-purple-disco-machine.jpg
pop it,cloonee,https://i.scdn.co/image/ab67616d0000b2732c8f6ec5eae76e13b0bc63f8,https://open.spotify.com/album/7buj3gltj1bphfocwzqcgh,edm/pop-it-cloonee.jpg
pose,joel-holmes,https://i.scdn.co/image/ab67616d0000b27383d00e0f0faeb374d68beac6,https://open.spotify.com/album/2yc5omuxyoewvstzjzmcly,edm/pose-joel-holmes.jpg
power ep,alignment,https://i.scdn.co/image/ab67616d0000b273d4bf11383c83dab0b2aa1e6d,https://open.spotify.com/album/5fgxjycy6pamgfcvh8kjnu,edm/power-ep-alignment.jpg
pressure (feat. tove lo),martin-garrix,https://i.scdn.co/image/ab67616d0000b273b3adecd5865a661d12d07b6d,https://open.spotify.com/album/5s55a56e4n7390tteuzwkn,edm/pressure-(feat.-tove-lo)-martin-garrix.jpg
problems,don-diablo,https://i.scdn.co/image/ab67616d0000b2733ef0ae75afb0ad9c0ab9e9f4,https://open.spotify.com/album/6l2c3wz8kvartc4wqrdjtg,edm/problems-don-diablo.jpg
progresso vol 2,alesso,https://i.scdn.co/image/ab67616d0000b273820be6e5e4c4f54560c6d621,https://open.spotify.com/album/0skgi9dvskonpkm7juwags,edm/progresso-vol-2-alesso.jpg
pump the brakes,dom-dolla,https://i.scdn.co/image/ab67616d0000b273899721e4b2a711f04615871f,https://open.spotify.com/album/6lf0it7sen01jde1ljbjm5,edm/pump-the-brakes-dom-dolla.jpg
pump the brakes (lp giobbi remix),dom-dolla,https://i.scdn.co/image/ab67616d0000b27351ebae6cfd7df1a810915b82,https://open.spotify.com/album/79lkvax65uz1iwg0aar5ve,edm/pump-the-brakes-(lp-giobbi-remix)-dom-dolla.jpg
puzzle pieces,broker,https://i.scdn.co/image/ab67616d0000b27351da6cacf8360ad55ded4036,https://open.spotify.com/album/3pbyft2lxuxmkxgxnyqmt4,edm/puzzle-pieces-broker.jpg
raging,effy,https://i.scdn.co/image/ab67616d0000b273d62b117112f0bf5c96145f4e,https://open.spotify.com/album/4irzfkdj5qjc6an6wiyv3n,edm/raging-effy.jpg
rah that's a mad question,barry-can't-swim,https://i.scdn.co/image/ab67616d0000b2736fca6209f43f4fd14ee7700b,https://open.spotify.com/album/1tcabcrffmq6sjjklzrydi,edm/rah-that's-a-mad-question-barry-can't-swim.jpg
rasputin,majestic,https://i.scdn.co/image/ab67616d0000b273f05cf0af79d057704dc994f4,https://open.spotify.com/album/6pzyur9c0cycpjtnqylphd,edm/rasputin-majestic.jpg
rave cave ep,belocca,https://i.scdn.co/image/ab67616d0000b2732822d710c0be3583107cac2f,https://open.spotify.com/album/0inwdrrnjweyj91bu3pquf,edm/rave-cave-ep-belocca.jpg
rave love,w&w,https://i.scdn.co/image/ab67616d0000b2738d7d8c862a17331358a4cba1,https://open.spotify.com/album/2ohcujm8nlukm33gbsquke,edm/rave-love-w&w.jpg
raver's heart ep,airod,https://i.scdn.co/image/ab67616d0000b27359aeca7eaa493a6cb61749c5,https://open.spotify.com/album/0rig2bzzftoeuujtzpzrwb,edm/raver's-heart-ep-airod.jpg
re//choired,house-gospel-choir,https://i.scdn.co/image/ab67616d0000b2735a1b1381f475b84153b01e34,https://open.spotify.com/album/5jmcyxm7mwafx7jpt7xqka,edm/re--choired-house-gospel-choir.jpg
ready 2 dance (with biscits feat. anelisa lamola),martin-ikin,https://i.scdn.co/image/ab67616d0000b2734616789340ff98bc6e24dd67,https://open.spotify.com/album/0pl8hbju6ity7eqojxntow,edm/ready-2-dance-(with-biscits-feat.-anelisa-lamola)-martin-ikin.jpg
rebirth,sara-landry,https://i.scdn.co/image/ab67616d0000b273f6d67d84f75074721ee636df,https://open.spotify.com/album/3q3ooegllpokswb5pyhlnn,edm/rebirth-sara-landry.jpg
relax your mind,cookiee-kawaii,https://i.scdn.co/image/ab67616d0000b27325a870ff2299e4dcc61ddbb9,https://open.spotify.com/album/3haja1wnugb1gvz6prjbbi,edm/relax-your-mind-cookiee-kawaii.jpg
reload [reloaded],kaleena-zanders,https://i.scdn.co/image/ab67616d0000b2735827210bba7b0f164ce04ae9,https://open.spotify.com/album/4nxbmhx7wgzrytvj3ke9vb,edm/reload-[reloaded]-kaleena-zanders.jpg
remember,becky-hill,https://i.scdn.co/image/ab67616d0000b273fe3a09ccabe5f5e6646f7512,https://open.spotify.com/album/6dhfd3rzapwfmekx1fnnzf,edm/remember-becky-hill.jpg
remember the summer (feat. karra),ummet-ozcan,https://i.scdn.co/image/ab67616d0000b273fc3acf3fa067df8d4511832e,https://open.spotify.com/album/6b0znwnh8mpumngh7uo1h3,edm/remember-the-summer-(feat.-karra)-ummet-ozcan.jpg
restore my soul,adam-beyer,https://i.scdn.co/image/ab67616d0000b273cfd11f3ec81fc3388dd9a604,https://open.spotify.com/album/6z5ygxsdrsv8ftasc3an7g,edm/restore-my-soul-adam-beyer.jpg
returning to you (feat. alison may),seven-lions,https://i.scdn.co/image/ab67616d0000b27397117bcb665cea69ad9c1027,https://open.spotify.com/album/1kgjuvyqe2rmvst6hrlchg,edm/returning-to-you-(feat.-alison-may)-seven-lions.jpg
revolving (feat. marc e. bassy) [moti remix],yung-bae,https://i.scdn.co/image/ab67616d0000b2731eb3cd4544f0a8bc10b12209,https://open.spotify.com/album/0ahejjpmgooxox1zqoeztz,edm/revolving-(feat.-marc-e.-bassy)-[moti-remix]-yung-bae.jpg
rhythm sister - ep,alinka,https://i.scdn.co/image/ab67616d0000b2736c1631ed104896e83992004a,https://open.spotify.com/album/2dodjtwqm3aqahvedmmcrr,edm/rhythm-sister---ep-alinka.jpg
riptide,lane-8,https://i.scdn.co/image/ab67616d0000b273d3536c5ae91a67d28c620ec4,https://open.spotify.com/album/1fy8tweiea2exh24st9rjn,edm/riptide-lane-8.jpg
rise,lost-frequencies,https://i.scdn.co/image/ab67616d0000b27397af9e1f4cee5d4e16925042,https://open.spotify.com/album/48rrtjw6xklca9giv3eb2l,edm/rise-lost-frequencies.jpg
risk it all,redondo,https://i.scdn.co/image/ab67616d0000b273cddcd1ecf2bc8ae88e0d3ed8,https://open.spotify.com/album/3twuy27o9pidjll34rnvvr,edm/risk-it-all-redondo.jpg
run it up,snakehips,https://i.scdn.co/image/ab67616d0000b2737e28948a8a009a58a7d1612f,https://open.spotify.com/album/6yiohffdemmuqjmxloe4iq,edm/run-it-up-snakehips.jpg
runnin,essel,https://i.scdn.co/image/ab67616d0000b2736d23001324949f42a7780346,https://open.spotify.com/album/1aqagfzhc4tdeehf29rqru,edm/runnin-essel.jpg
saw of olympus,hi-lo,https://i.scdn.co/image/ab67616d0000b2734bb79486c9ded307c2633a4a,https://open.spotify.com/album/3vbr2vylnvcqwydpufzson,edm/saw-of-olympus-hi-lo.jpg
say it like you feel it,cash-cash,https://i.scdn.co/image/ab67616d0000b27322eb24bf6e5e4fe67ce14543,https://open.spotify.com/album/5nm1hsgj8rczxewoda1uq1,edm/say-it-like-you-feel-it-cash-cash.jpg
say yes,tokimonsta,https://i.scdn.co/image/ab67616d0000b273565ce1e7967eef620bffc87a,https://open.spotify.com/album/2fycp3q4x7xww10spuxkzk,edm/say-yes-tokimonsta.jpg
saúde,rita-lee,https://i.scdn.co/image/ab67616d0000b27300369fc7d9da78f863b28e6c,https://open.spotify.com/album/5zvijc4cpmqhafwnvmd9ur,edm/saúde-rita-lee.jpg
searching to find the one,unlimited-touch,https://i.scdn.co/image/ab67616d0000b273ee5f13172dbcc10a40055999,https://open.spotify.com/album/31fkbqnpiirdsibotv408q,edm/searching-to-find-the-one-unlimited-touch.jpg
seelenfinsternis,mark-dekoda,https://i.scdn.co/image/ab67616d0000b273f0986dc20eb12a9115faea04,https://open.spotify.com/album/0jxwel5uaxxwrb4ad2dn0v,edm/seelenfinsternis-mark-dekoda.jpg
set me free (feat. max),oliver-heldens,https://i.scdn.co/image/ab67616d0000b273d95eede0bbe928f4b48d2cc0,https://open.spotify.com/album/7ll6kss703zrmm60mtvw7v,edm/set-me-free-(feat.-max)-oliver-heldens.jpg
set u free,guz,https://i.scdn.co/image/ab67616d0000b273c4c0244366e962c2805d06d1,https://open.spotify.com/album/79a3d20e7zpx5mmxpybudb,edm/set-u-free-guz.jpg
seven nation army (the glitch mob remix),the-white-stripes,https://i.scdn.co/image/ab67616d0000b2738b644b0543e2816dcca897f6,https://open.spotify.com/album/6xn8b2niomlwpooblilqxv,edm/seven-nation-army-(the-glitch-mob-remix)-the-white-stripes.jpg
seventies,theo-kottis,https://i.scdn.co/image/ab67616d0000b273de176ee0a43d712c0cc2edab,https://open.spotify.com/album/6snrq9zw7mrk0l0vpyy8ej,edm/seventies-theo-kottis.jpg
shadows,frank-walker,https://i.scdn.co/image/ab67616d0000b273856df65746f6d925a3c311ba,https://open.spotify.com/album/4temybi34m3wkolnvy95az,edm/shadows-frank-walker.jpg
shapes,carla-monroe,https://i.scdn.co/image/ab67616d0000b2737de9020fd9485e665b28ecfb,https://open.spotify.com/album/5cr8qhbmsdlzjb3r4bw91l,edm/shapes-carla-monroe.jpg
shine your light (feat. akon),master-kg,https://i.scdn.co/image/ab67616d0000b2731524a2e997d33a7d97dcfbf2,https://open.spotify.com/album/2g64icu2z18zpnus5rqbm9,edm/shine-your-light-(feat.-akon)-master-kg.jpg
shockwave,marshmello,https://i.scdn.co/image/ab67616d0000b27329acb8ff1fd2e155bc6bd6c9,https://open.spotify.com/album/7dxpsl0t6hwvout83spvxu,edm/shockwave-marshmello.jpg
sicko drop,kvsh,https://i.scdn.co/image/ab67616d0000b273b82e003f8b13fc98bdbf756d,https://open.spotify.com/album/19whhsvx9yw51l5r2yrjms,edm/sicko-drop-kvsh.jpg
sideways,illenium,https://i.scdn.co/image/ab67616d0000b273f3a8dfa001aeddee23e08a01,https://open.spotify.com/album/06eiw663cl0vhsy7jvtz3p,edm/sideways-illenium.jpg
silk robe,flaurese,https://i.scdn.co/image/ab67616d0000b2733c49b9c72754829ed06db1cb,https://open.spotify.com/album/2crel8dhgmw5f2vyc1i1qv,edm/silk-robe-flaurese.jpg
silver lining,andrew-rayel,https://i.scdn.co/image/ab67616d0000b27375d7f38d1945c3441dfee38d,https://open.spotify.com/album/21wycgasf27unst3o9fip0,edm/silver-lining-andrew-rayel.jpg
skipping stones,sultan-+-shepard,https://i.scdn.co/image/ab67616d0000b273eb2bbb0936a0e169e0b2ba89,https://open.spotify.com/album/6o9blwsam7pyswyl2qs1up,edm/skipping-stones-sultan-+-shepard.jpg
skydance,w&w,https://i.scdn.co/image/ab67616d0000b273a4092bc860ff1f720c944679,https://open.spotify.com/album/7dur0wy6jlri0anvrdnnxu,edm/skydance-w&w.jpg
sleepless,d.o.d,https://i.scdn.co/image/ab67616d0000b273dc7dae67bfc83af1a3af4117,https://open.spotify.com/album/4ynrwv3h9r5srdyp3pyuyh,edm/sleepless-d.o.d.jpg
so into you (jess bays remix),lost-+-found,https://i.scdn.co/image/ab67616d0000b273db5fe5e4dfebe52cb82e31f1,https://open.spotify.com/album/4z3axxmm846ijzrth7pp4g,edm/so-into-you-(jess-bays-remix)-lost-+-found.jpg
so much love (feat. lloyd wade),owen-westlake,https://i.scdn.co/image/ab67616d0000b273a10aadff1cf8286a42135ee5,https://open.spotify.com/album/1qxuxn95s5tmccb72fk9cd,edm/so-much-love-(feat.-lloyd-wade)-owen-westlake.jpg
soft spot,piri,https://i.scdn.co/image/ab67616d0000b27322004175be1bd716292b6b05,https://open.spotify.com/album/2z7lzgztugb0rcv7qvedic,edm/soft-spot-piri.jpg
solid gold (feat. bshp),disciples,https://i.scdn.co/image/ab67616d0000b2739190b4b8acbef4a28c1a8209,https://open.spotify.com/album/59efqjm7as9bfuspcd8fkr,edm/solid-gold-(feat.-bshp)-disciples.jpg
some ppl fall,j.-worra,https://i.scdn.co/image/ab67616d0000b2737c40676b2aa69f8bba2fe601,https://open.spotify.com/album/6rmvbrd3t07kt4hqd9zkou,edm/some-ppl-fall-j.-worra.jpg
somebody to love,axel-black-&-white,https://i.scdn.co/image/ab67616d0000b273d34d7b0821d2b7e33df9d7dd,https://open.spotify.com/album/7fzagzqu7lxtba0ukfoiec,edm/somebody-to-love-axel-black-&-white.jpg
sometimes,dj-island,https://i.scdn.co/image/ab67616d0000b273e0a54256acfe6c0097091515,https://open.spotify.com/album/0ln5guk6tfxo2ie8vqocm1,edm/sometimes-dj-island.jpg
soul shoes,vincent-caira,https://i.scdn.co/image/ab67616d0000b2739d37ec0e18b0a3f2667a639f,https://open.spotify.com/album/6nqqsfd1zmuzzk9ph2hbs6,edm/soul-shoes-vincent-caira.jpg
sound bath,dubfire,https://i.scdn.co/image/ab67616d0000b27372f7a3de314fe6b9490f1a21,https://open.spotify.com/album/7mtfpgc93dir4mkjvegm0g,edm/sound-bath-dubfire.jpg
spule ep,kaiserdisco,https://i.scdn.co/image/ab67616d0000b27316015bfc32d7aac1529f13eb,https://open.spotify.com/album/12pnv9scbrk2gus9zqmfw9,edm/spule-ep-kaiserdisco.jpg
"square peg, round hole",ben-gomori,https://i.scdn.co/image/ab67616d0000b273bfb831f810af6115e1a66a2d,https://open.spotify.com/album/2g0xz5c4if1cdqvs03dske,"edm/square-peg,-round-hole-ben-gomori.jpg"
squid,squidgenini,https://i.scdn.co/image/ab67616d0000b273a3d2f6a5d23ff165e94c9b4b,https://open.spotify.com/album/5al9cofpdfnsrfgynn7wak,edm/squid-squidgenini.jpg
stand back (reloaded),uniiqu3,https://i.scdn.co/image/ab67616d0000b2735131aa973ff092d9d72a0730,https://open.spotify.com/album/3374aupzhz7bpegjqezxjv,edm/stand-back-(reloaded)-uniiqu3.jpg
stars align (with jolin tsai),r3hab,https://i.scdn.co/image/ab67616d0000b2734ba910196549bf500ef8ca63,https://open.spotify.com/album/79hq8rdrbrzdjcedsdtym5,edm/stars-align-(with-jolin-tsai)-r3hab.jpg
stay mine,timmy-trumpet,https://i.scdn.co/image/ab67616d0000b2730ba36962a0a6e92ff8d6399e,https://open.spotify.com/album/15v2lmwavzasn38xszs0do,edm/stay-mine-timmy-trumpet.jpg
stop this flame (celeste x mk),celeste,https://i.scdn.co/image/ab67616d0000b273b61ad93c3ca363ef040bf226,https://open.spotify.com/album/1g6sh7crz5qtyvagnuvhsk,edm/stop-this-flame-(celeste-x-mk)-celeste.jpg
straight from the heart (feat. nørskov),rudimental,https://i.scdn.co/image/ab67616d0000b273b6cbc1b7024ef1af6b7889f1,https://open.spotify.com/album/4o0gbwgrlhkhsgwnbvtczx,edm/straight-from-the-heart-(feat.-nørskov)-rudimental.jpg
stranger love,pnau,https://i.scdn.co/image/ab67616d0000b2730458f5bd8913715396ae8ac9,https://open.spotify.com/album/1cqim5thwryc0udewkeiiu,edm/stranger-love-pnau.jpg
strut,elohim,https://i.scdn.co/image/ab67616d0000b2738505ce4f0e06d9fb6c3ef732,https://open.spotify.com/album/0iouz34y3qwjafqxbgccrp,edm/strut-elohim.jpg
summer 91 (looking back),noizu,https://i.scdn.co/image/ab67616d0000b2733c0c35544b3c51b9b8896f87,https://open.spotify.com/album/4qch5emlrwuig8cuzprnxm,edm/summer-91-(looking-back)-noizu.jpg
summer thing,dragonette,https://i.scdn.co/image/ab67616d0000b27366fe9949f7a1c0731125a5e3,https://open.spotify.com/album/73mbahc4gvunoclwx8zt5j,edm/summer-thing-dragonette.jpg
"supersonic (my existence) [with noisia, josh pan & dylan brady]",skrillex,https://i.scdn.co/image/ab67616d0000b2736a234b99763fe093e7989ebe,https://open.spotify.com/album/3kpwkfqmxb7sph4xwuhq5m,"edm/supersonic-(my-existence)-[with-noisia,-josh-pan-&-dylan-brady]-skrillex.jpg"
sweet dreams,alan-walker,https://i.scdn.co/image/ab67616d0000b2737327806c243a77cde4502d6a,https://open.spotify.com/album/5wv1czzi9hno6revs6ykhr,edm/sweet-dreams-alan-walker.jpg
sweet nothings (feat. minke),holiday87,https://i.scdn.co/image/ab67616d0000b2733bbfdcd50bdc539867e80255,https://open.spotify.com/album/6arvpsdw6r6fjzy5lcw0mi,edm/sweet-nothings-(feat.-minke)-holiday87.jpg
synaesthesia - classics reworked,anne-clark,https://i.scdn.co/image/ab67616d0000b2739e15cd9f1404828e0d505027,https://open.spotify.com/album/32xxtp5hqf7w3vwo7qyewm,edm/synaesthesia---classics-reworked-anne-clark.jpg
synchronicity,whomadewho,https://i.scdn.co/image/ab67616d0000b273156779f326a75256a3cc5d15,https://open.spotify.com/album/51my18w1eflhamzf10r5vn,edm/synchronicity-whomadewho.jpg
sysma remixes,dusty-kid,https://i.scdn.co/image/ab67616d0000b273a0f7b732ca3a071bc981f536,https://open.spotify.com/album/5zrqnna5vg6urbr1aojvu7,edm/sysma-remixes-dusty-kid.jpg
take my hand,lp-giobbi,https://i.scdn.co/image/ab67616d0000b273b7839c3ba191de59f5d3a3d7,https://open.spotify.com/album/3okjkuzvgc4z6w5jjchkjd,edm/take-my-hand-lp-giobbi.jpg
take your time,arty,https://i.scdn.co/image/ab67616d0000b27302381b0c132024929279c3b7,https://open.spotify.com/album/6hbagexptqthtlmqnxschh,edm/take-your-time-arty.jpg
talamanca,burns,https://i.scdn.co/image/ab67616d0000b273c51ca039b07ab8e98bd776ae,https://open.spotify.com/album/1n66emzbbnrha3hfe6gcsw,edm/talamanca-burns.jpg
talk about,rain-radio,https://i.scdn.co/image/ab67616d0000b2736a9e5b5a54446aa89b7a9148,https://open.spotify.com/album/78uu9lcjpwqqeadbskz6mv,edm/talk-about-rain-radio.jpg
talk about it,jungle,https://i.scdn.co/image/ab67616d0000b273e7a2c86b83133b246f7f348a,https://open.spotify.com/album/4vcxxlazmrgupkmyir90jr,edm/talk-about-it-jungle.jpg
taste of you (feat. dove cameron),rezz,https://i.scdn.co/image/ab67616d0000b27359b5ae6f9f13d74a15091ee4,https://open.spotify.com/album/6ocfv7fsmhkyv8wxmzxvei,edm/taste-of-you-(feat.-dove-cameron)-rezz.jpg
tell me it's true,gorgon-city,https://i.scdn.co/image/ab67616d0000b27341a7d1d5b84cc0f9f0015bc0,https://open.spotify.com/album/2co2kj2qkatcwcy2tryvqy,edm/tell-me-it's-true-gorgon-city.jpg
tell me something,maxinne,https://i.scdn.co/image/ab67616d0000b273478626ea063e6535c5b0b541,https://open.spotify.com/album/1b2pymksineprj41ecaikp,edm/tell-me-something-maxinne.jpg
temptation,sidepiece,https://i.scdn.co/image/ab67616d0000b2735fd9cc0e0ba762dc58b277eb,https://open.spotify.com/album/46yld5cdhv4oeua5nfsa3t,edm/temptation-sidepiece.jpg
terminate,f-rontal,https://i.scdn.co/image/ab67616d0000b273216ea08b380b4c96be75347b,https://open.spotify.com/album/5qckyqbiz7mgxgxc542cte,edm/terminate-f-rontal.jpg
thank you,diana-ross,https://i.scdn.co/image/ab67616d0000b27337dda63a1e5a2f3444db5cbb,https://open.spotify.com/album/013nkuxxoa4aanwic9kyte,edm/thank-you-diana-ross.jpg
that feeling (feat. hayley may),danny-quest,https://i.scdn.co/image/ab67616d0000b273d011de6ac31ad5f169a67fb2,https://open.spotify.com/album/02w7n6z1cgdlw2djtwccsn,edm/that-feeling-(feat.-hayley-may)-danny-quest.jpg
the arrival,kah-lo,https://i.scdn.co/image/ab67616d0000b2732d2bbf51c411c00bd08c2138,https://open.spotify.com/album/1otee7y96zhrodzemflrve,edm/the-arrival-kah-lo.jpg
the best,hook-n-sling,https://i.scdn.co/image/ab67616d0000b27312050b28b5a2c9684fe3ceb1,https://open.spotify.com/album/2ebgqohrync6oaoikh4mul,edm/the-best-hook-n-sling.jpg
the business,tiësto,https://i.scdn.co/image/ab67616d0000b273f461bbc21a9bcec43a926973,https://open.spotify.com/album/2adso4ku3fdjem1pxcrdzm,edm/the-business-tiësto.jpg
the chant,todd-edwards,https://i.scdn.co/image/ab67616d0000b273998b20916fdf50480d1480d5,https://open.spotify.com/album/1gpewllt96qv0uhdsz8trb,edm/the-chant-todd-edwards.jpg
the church,rampa,https://i.scdn.co/image/ab67616d0000b273efbd6ee229baece20d9f6830,https://open.spotify.com/album/7b1zromtzs3mz2qmtlyv6w,edm/the-church-rampa.jpg
the darkness that you fear (the blessed madonna remix),the-chemical-brothers,https://i.scdn.co/image/ab67616d0000b273e7776638ec0781c58c3768e3,https://open.spotify.com/album/79erdc0vtie3cdbj2yeuyw,edm/the-darkness-that-you-fear-(the-blessed-madonna-remix)-the-chemical-brothers.jpg
the end of it all,clap-codex,https://i.scdn.co/image/ab67616d0000b273438577cfbd23a8d639422b2e,https://open.spotify.com/album/5jkfer6huv0ww1ohvalp9f,edm/the-end-of-it-all-clap-codex.jpg
the future,d3fai,https://i.scdn.co/image/ab67616d0000b27368b149ea955a716fc08315db,https://open.spotify.com/album/7fzyzxw8p4eg7w9usm5qpd,edm/the-future-d3fai.jpg
the future is ours,christian-smith,https://i.scdn.co/image/ab67616d0000b273932f2d3e7775f29e0b105e88,https://open.spotify.com/album/48waifvoegsztordl4w6jv,edm/the-future-is-ours-christian-smith.jpg
the game,space-92,https://i.scdn.co/image/ab67616d0000b273083301916f6d93cf6bb84582,https://open.spotify.com/album/680serlyxi00pk4tlikgpj,edm/the-game-space-92.jpg
the logical song,mattn,https://i.scdn.co/image/ab67616d0000b273549408a21262eedc6b4cc362,https://open.spotify.com/album/59oxvbwdo1okabew9rzswt,edm/the-logical-song-mattn.jpg
the london sessions,tiësto,https://i.scdn.co/image/ab67616d0000b2739759d6dfa2c19091814fccb3,https://open.spotify.com/album/6cislpqsknp875cigkhkjc,edm/the-london-sessions-tiësto.jpg
the lost grooves ep,in-deep-we-trust,https://i.scdn.co/image/ab67616d0000b2738d1374d870a14d60b16deeba,https://open.spotify.com/album/1jrttf8dmmvriqxi9nn0el,edm/the-lost-grooves-ep-in-deep-we-trust.jpg
the marco faraone remixes,radio-slave,https://i.scdn.co/image/ab67616d0000b273cbe7253ddd775bdeff51ce5e,https://open.spotify.com/album/2fntpa1j388o9sg7ayw403,edm/the-marco-faraone-remixes-radio-slave.jpg
the music,kideko,https://i.scdn.co/image/ab67616d0000b273c4f557b55f2c572a3ff39e23,https://open.spotify.com/album/4msqomilkinfryacigk0fj,edm/the-music-kideko.jpg
the phoenix,alex-stein,https://i.scdn.co/image/ab67616d0000b273ed4da49982afa9dd19d23aff,https://open.spotify.com/album/1osrjrdfiltrwyvzwkrrfo,edm/the-phoenix-alex-stein.jpg
the scapegoat ep,nancy-live,https://i.scdn.co/image/ab67616d0000b273e792dbc5fe718a8aefa154f8,https://open.spotify.com/album/7go0xuf0aplshju7jwcc8h,edm/the-scapegoat-ep-nancy-live.jpg
the spirit,bakermat,https://i.scdn.co/image/ab67616d0000b2736fb988ba0b0d8053bdf0c244,https://open.spotify.com/album/0dts9hqsrlvq8l0w17pg3b,edm/the-spirit-bakermat.jpg
the ultimate collection: eddie kendricks,eddie-kendricks,https://i.scdn.co/image/ab67616d0000b273b3481fa1ac2e0dd81ca3884a,https://open.spotify.com/album/7llbmy5yqitjh9jlzwgy5z,edm/the-ultimate-collection:-eddie-kendricks-eddie-kendricks.jpg
the world you see,cristoph,https://i.scdn.co/image/ab67616d0000b273c549572dee0d38630951ee83,https://open.spotify.com/album/0v9gdn8znhvkpravdnkt7i,edm/the-world-you-see-cristoph.jpg
things that matter most - ep,lubelski,https://i.scdn.co/image/ab67616d0000b2730f7e01b1b72fc86349a9b1a0,https://open.spotify.com/album/02evwjbnyttv7nzhf1jm5p,edm/things-that-matter-most---ep-lubelski.jpg
through the storm,don-diablo,https://i.scdn.co/image/ab67616d0000b2739b0b0d0e7097115479e2be0f,https://open.spotify.com/album/4symfkdip5mm4yxpqittmb,edm/through-the-storm-don-diablo.jpg
thunder,gabry-ponte,https://i.scdn.co/image/ab67616d0000b273fd13588a958fbd23d5524e1b,https://open.spotify.com/album/35q09y0b7zxoocdf7sbigf,edm/thunder-gabry-ponte.jpg
tide / minnoch,hunee,https://i.scdn.co/image/ab67616d0000b2731d30e106a30e6f1be51b4e1f,https://open.spotify.com/album/5xlie5afzb7p6eik4exiku,edm/tide---minnoch-hunee.jpg
tie-dye sky,griz,https://i.scdn.co/image/ab67616d0000b2733c48bd4be4bbbc831d590c98,https://open.spotify.com/album/5veimv6cqzyckh7bilgdj6,edm/tie-dye-sky-griz.jpg
tim,avicii,https://i.scdn.co/image/ab67616d0000b273660ee24281a547103f466ff5,https://open.spotify.com/album/6ad1e9vl75zb3ir87zwxij,edm/tim-avicii.jpg
time for a change,benita,https://i.scdn.co/image/ab67616d0000b27322267fbe729ba7b0fc465f15,https://open.spotify.com/album/4reo75rxpm9zpirw5wk1y2,edm/time-for-a-change-benita.jpg
together,drove,https://i.scdn.co/image/ab67616d0000b2732587d5f94d30fa9d3b77ea93,https://open.spotify.com/album/7bnjxalbnrgux8fozimetl,edm/together-drove.jpg
together onetime,dole-&-kom,https://i.scdn.co/image/ab67616d0000b2735ef28d0cb607974e87283c90,https://open.spotify.com/album/5p8ar9q1lcg1yhthhmuu29,edm/together-onetime-dole-&-kom.jpg
too much to ask,don-diablo,https://i.scdn.co/image/ab67616d0000b2738d403de611b1bbc598777d82,https://open.spotify.com/album/2xs687mvbmfl1l0d7vowmq,edm/too-much-to-ask-don-diablo.jpg
touch,vinai,https://i.scdn.co/image/ab67616d0000b273e04f43a1e820f37558db8b00,https://open.spotify.com/album/5ik87nitm8siw95dzjjpuk,edm/touch-vinai.jpg
trips #2: vietnam,red-axes,https://i.scdn.co/image/ab67616d0000b273420a0d1361726d1a4b0359f4,https://open.spotify.com/album/5ojn0f4giggjy75owqd3xw,edm/trips-#2:-vietnam-red-axes.jpg
trouble - spotify singles,aluna,https://i.scdn.co/image/ab67616d0000b273a9d717f30ff82294659363e5,https://open.spotify.com/album/2m0xqa3n7ierlxzsmuchf8,edm/trouble---spotify-singles-aluna.jpg
tunnel,polo-&-pan,https://i.scdn.co/image/ab67616d0000b273165b7368e49c1dc9f1c20d3f,https://open.spotify.com/album/1hbaaathpiyzlwtcr6nzux,edm/tunnel-polo-&-pan.jpg
turn back time,diplo,https://i.scdn.co/image/ab67616d0000b273546a85c1b7964b4cebfffd11,https://open.spotify.com/album/6ufqcpyva6doqyped5wajq,edm/turn-back-time-diplo.jpg
turning me up (hadal ahbek),issam-alnajjar,https://i.scdn.co/image/ab67616d0000b2739745d87051090250b95ec521,https://open.spotify.com/album/4ivuzyc6njkxt4joh14dtb,edm/turning-me-up-(hadal-ahbek)-issam-alnajjar.jpg
u already know,dj-seinfeld,https://i.scdn.co/image/ab67616d0000b273a6e296262096035530a0edb1,https://open.spotify.com/album/67zbnhgyuej6u9dnulv4gr,edm/u-already-know-dj-seinfeld.jpg
ultimate (digitally remastered),ultimate,https://i.scdn.co/image/ab67616d0000b27300b537691c7ea1c9bc90d3e7,https://open.spotify.com/album/7ie91d9ip9dzosbccac1ib,edm/ultimate-(digitally-remastered)-ultimate.jpg
unconditional,dillon-francis,https://i.scdn.co/image/ab67616d0000b2733e9177cebe150a62b0ede659,https://open.spotify.com/album/4fnkxptgl0m2tnkw5p5q8m,edm/unconditional-dillon-francis.jpg
union,teenage-mutants,https://i.scdn.co/image/ab67616d0000b27305a7c521a320ae2242b41b70,https://open.spotify.com/album/4ybdhcimnityw32wmzfid2,edm/union-teenage-mutants.jpg
use your love (feat. goldford),sam-feldt,https://i.scdn.co/image/ab67616d0000b2736f6000dffce9461396770233,https://open.spotify.com/album/3uvtllcf4hkbxg8jxxqfyr,edm/use-your-love-(feat.-goldford)-sam-feldt.jpg
vault sessions 1,mr.-fingers,https://i.scdn.co/image/ab67616d0000b2733a9599d96920d2f4cb3079bb,https://open.spotify.com/album/6hzl2gqr43kvidkrrk6nbe,edm/vault-sessions-1-mr.-fingers.jpg
very important music,dillon-francis,https://i.scdn.co/image/ab67616d0000b273dc4e0cec9de423906c0feadb,https://open.spotify.com/album/1hsyrackfmvbitxxtlhw46,edm/very-important-music-dillon-francis.jpg
vibe,mike-candys,https://i.scdn.co/image/ab67616d0000b273ac29d9b46581ddc18c003935,https://open.spotify.com/album/7xat2rbkwlsf7lp8m8wepw,edm/vibe-mike-candys.jpg
voodoo signs,pan-pot,https://i.scdn.co/image/ab67616d0000b273e948a67cf4f34c57a61f7a32,https://open.spotify.com/album/7gk12eyazcnccba9cboygm,edm/voodoo-signs-pan-pot.jpg
waiting for you,anabel-englund,https://i.scdn.co/image/ab67616d0000b27328dacc9c7f21e4e51435cbac,https://open.spotify.com/album/6nnwhku6vph8xnsolxoygg,edm/waiting-for-you-anabel-englund.jpg
want need love,prospa,https://i.scdn.co/image/ab67616d0000b273ca755506e2ebdf724c526f74,https://open.spotify.com/album/6t51zmssyxwfh2wgu2avlq,edm/want-need-love-prospa.jpg
want you to want me,alex-mills,https://i.scdn.co/image/ab67616d0000b273a4eeafcdbae05ee120156f2a,https://open.spotify.com/album/4nhmz3ujiik9ppizeqoqe5,edm/want-you-to-want-me-alex-mills.jpg
wasted love (feat. lagique),ofenbach,https://i.scdn.co/image/ab67616d0000b273632e5aeca45b4cf0b9c08fcc,https://open.spotify.com/album/0i72gjb523rgrjk8hua61b,edm/wasted-love-(feat.-lagique)-ofenbach.jpg
watchin out,dirty-channels,https://i.scdn.co/image/ab67616d0000b2730cd5ce66d647e37bdea9b87a,https://open.spotify.com/album/25ibgmgw9ozb0jxh7ogbtf,edm/watchin-out-dirty-channels.jpg
way too long,nathan-dawe,https://i.scdn.co/image/ab67616d0000b273f33af33d427cdcc471adc938,https://open.spotify.com/album/4pegjq4bziathdzj0bpj0x,edm/way-too-long-nathan-dawe.jpg
we are the people (feat. bono & the edge) [official uefa euro 2020 song],martin-garrix,https://i.scdn.co/image/ab67616d0000b2739728116cc6fedb4ee270185b,https://open.spotify.com/album/06rhaj4fsp8yldyrxulgbt,edm/we-are-the-people-(feat.-bono-&-the-edge)-[official-uefa-euro-2020-song]-martin-garrix.jpg
we'll be dancing soon,dimitri-vegas-&-like-mike,https://i.scdn.co/image/ab67616d0000b273cd613d3b791f9bf8e1614b7f,https://open.spotify.com/album/42zptk4bxfjr5gunmsvpme,edm/we'll-be-dancing-soon-dimitri-vegas-&-like-mike.jpg
weapon of choice (feat. bootsy collins) [kink remixes],fatboy-slim,https://i.scdn.co/image/ab67616d0000b273d74ac90276ddabcf2cf72990,https://open.spotify.com/album/7inkdwfolzp95eos717cvw,edm/weapon-of-choice-(feat.-bootsy-collins)-[kink-remixes]-fatboy-slim.jpg
weekends and beginnings,eamon-harkin,https://i.scdn.co/image/ab67616d0000b273b90cff98e8e83e8b1009fd76,https://open.spotify.com/album/4tyjkocgm9gqlbzagooy3c,edm/weekends-and-beginnings-eamon-harkin.jpg
weightless (dj seinfeld remix),ben-böhmer,https://i.scdn.co/image/ab67616d0000b2730074003152bd58d804257185,https://open.spotify.com/album/0qetbtzmuhofgd90onou8z,edm/weightless-(dj-seinfeld-remix)-ben-böhmer.jpg
weightless (jamesjamesjames remix),ben-böhmer,https://i.scdn.co/image/ab67616d0000b27395950ac55969d04f0b92a7b3,https://open.spotify.com/album/5la1pqkrf6avjeill6i1lv,edm/weightless-(jamesjamesjames-remix)-ben-böhmer.jpg
what i mean,roger-sanchez,https://i.scdn.co/image/ab67616d0000b273c6de38689709120ce4db0c71,https://open.spotify.com/album/0gwuqzipi9g1rbfafxtftn,edm/what-i-mean-roger-sanchez.jpg
what if,skiy,https://i.scdn.co/image/ab67616d0000b2737efa93d08b4100c425b57321,https://open.spotify.com/album/5yy6gc2ykbsbulkvelqd4n,edm/what-if-skiy.jpg
when you're out (feat. mae muller),billen-ted,https://i.scdn.co/image/ab67616d0000b273632732b97a5942f570f6ae67,https://open.spotify.com/album/5y7onnvhrpr1pccwjlvjge,edm/when-you're-out-(feat.-mae-muller)-billen-ted.jpg
where did you go,kaskade,https://i.scdn.co/image/ab67616d0000b273ecf1d77de2961569dc1d7f79,https://open.spotify.com/album/5dyxa2kmnlhwigauooftpk,edm/where-did-you-go-kaskade.jpg
wish you were here (feat. brandyn burnette),afrojack,https://i.scdn.co/image/ab67616d0000b273f45db9eb2b067f9e689253b0,https://open.spotify.com/album/56jh1xyw5wqcxmcnr46lra,edm/wish-you-were-here-(feat.-brandyn-burnette)-afrojack.jpg
witch doctor,john-summit,https://i.scdn.co/image/ab67616d0000b27371c013b43988169c7e82a1ef,https://open.spotify.com/album/7etpucnkfpkpi89m5ccdu4,edm/witch-doctor-john-summit.jpg
without you,mike-williams,https://i.scdn.co/image/ab67616d0000b273e738ababa1fd9fb71d283ce0,https://open.spotify.com/album/5s6h6xdew1u2kc1fjohdrb,edm/without-you-mike-williams.jpg
working title,alott,https://i.scdn.co/image/ab67616d0000b2735dbf9a61443aa306ad760c92,https://open.spotify.com/album/1ftm7bz5r4aorhdrr3znaa,edm/working-title-alott.jpg
yacht world,engelwood,https://i.scdn.co/image/ab67616d0000b273a63389ef774fb87db4b5aa19,https://open.spotify.com/album/4okxxzwveesgtivh8uopav,edm/yacht-world-engelwood.jpg
ykn,fatima-hajji,https://i.scdn.co/image/ab67616d0000b273e51a1fbac92a31cfe875f5c2,https://open.spotify.com/album/78il2xuwnnuuqmqwneftxc,edm/ykn-fatima-hajji.jpg
you,regard,https://i.scdn.co/image/ab67616d0000b273a04805b9c9723c18995c4b9a,https://open.spotify.com/album/6cwawck4dohreqa42eeoe1,edm/you-regard.jpg
you for me,sigala,https://i.scdn.co/image/ab67616d0000b273f27f159d52482679d2bf2985,https://open.spotify.com/album/2iyltvqemygq9cugn9maat,edm/you-for-me-sigala.jpg
you used to,nicky-romero,https://i.scdn.co/image/ab67616d0000b273374aff95a4a16b01c0bc3801,https://open.spotify.com/album/7vygmbgselvwjua1tcyko9,edm/you-used-to-nicky-romero.jpg
you're the one for me,troyboi,https://i.scdn.co/image/ab67616d0000b2739a2fc4de8af2a76e31fa1bdf,https://open.spotify.com/album/1jqusxqonxyyhqckzpsgsr,edm/you're-the-one-for-me-troyboi.jpg
young forever,lilly-ahlberg,https://i.scdn.co/image/ab67616d0000b27355dbf418b329aae0e8e3ef77,https://open.spotify.com/album/4tufk3lj9ss49u0cwudndo,edm/young-forever-lilly-ahlberg.jpg
young summer,tungevaag,https://i.scdn.co/image/ab67616d0000b273e9057c1284b8fce6d768935f,https://open.spotify.com/album/6yxytpttvplcclq7zzqaso,edm/young-summer-tungevaag.jpg
your body,biscits,https://i.scdn.co/image/ab67616d0000b273154042210827a4cda7fa2a4d,https://open.spotify.com/album/6mhs5vggyalerbmxhx3txx,edm/your-body-biscits.jpg
your good times will come,laurence-guy,https://i.scdn.co/image/ab67616d0000b273721e5ebd7779115378ecb085,https://open.spotify.com/album/1zhtimvd5olrytefwekpur,edm/your-good-times-will-come-laurence-guy.jpg
yours,zhu,https://i.scdn.co/image/ab67616d0000b273e77eb2b2b0683a94ca396126,https://open.spotify.com/album/4nx4lwkervuqvtir0rbfh7,edm/yours-zhu.jpg
"you’ve changed, i’ve changed",san-holo,https://i.scdn.co/image/ab67616d0000b273e2ad0e3cb1b0a6dc1eea5777,https://open.spotify.com/album/0yqkeajjujk8rxdgnzlkou,"edm/you’ve-changed,-i’ve-changed-san-holo.jpg"
zero,claptone,https://i.scdn.co/image/ab67616d0000b273f64967027dcb248103148539,https://open.spotify.com/album/6dszlxcbme1w6b16px5kon,edm/zero-claptone.jpg
zodiac,marika-rossa,https://i.scdn.co/image/ab67616d0000b2733f3e64e93ebb705bb50848d2,https://open.spotify.com/album/2f0i595jz4wam9di6ddbfz,edm/zodiac-marika-rossa.jpg
