...and justice for all,metallica,https://i.scdn.co/image/ab67616d0000b273db16db05648965be0768aabb,https://open.spotify.com/album/69oeroyepssnpgvuyrxfob,heavy-metal/...and-justice-for-all-metallica.jpg
...and justice for all (remastered deluxe box set),metallica,https://i.scdn.co/image/ab67616d0000b273be54746b374358970b5e617a,https://open.spotify.com/album/2xbwaervk9fjheigsrd6tf,heavy-metal/...and-justice-for-all-(remastered-deluxe-box-set)-metallica.jpg
.5: the gray chapter (special edition),slipknot,https://i.scdn.co/image/ab67616d0000b273eed722040c6810f7a7da93ea,https://open.spotify.com/album/0apkaaznhf0gzjayzauexq,heavy-metal/.5:-the-gray-chapter-(special-edition)-slipknot.jpg
14 shades of grey,staind,https://i.scdn.co/image/ab67616d0000b27302a1d72dbb73423edb1408be,https://open.spotify.com/album/6pntforfjdhpxe9xzjhkyr,heavy-metal/14-shades-of-grey-staind.jpg
1984 (remastered),van-halen,https://i.scdn.co/image/ab67616d0000b273b414c63fb435b622238c15ed,https://open.spotify.com/album/3reuxdj5opkhudtrttcbu0,heavy-metal/1984-(remastered)-van-halen.jpg
7 weeks: live in america 2003,stryper,https://i.scdn.co/image/ab67616d0000b27361319cbaf6034483357e6b2b,https://open.spotify.com/album/1yqmwlgv5kolc9um5yk9gp,heavy-metal/7-weeks:-live-in-america-2003-stryper.jpg
a letter to my ghosts,axty,https://i.scdn.co/image/ab67616d0000b273d8a4eada12b9710a59dd05c9,https://open.spotify.com/album/0qlohorgppj7fpaijye95j,heavy-metal/a-letter-to-my-ghosts-axty.jpg
a perfect day to die,onslaught,https://i.scdn.co/image/ab67616d0000b27307cf310d8e0c50dd522e5c6b,https://open.spotify.com/album/3rotqyttpdeq5blw9ylscd,heavy-metal/a-perfect-day-to-die-onslaught.jpg
a strain of agony,kill-the-imposter,https://i.scdn.co/image/ab67616d0000b2732ade64aac0e322f13236e4a0,https://open.spotify.com/album/7n2qozisor90gyvjqe9hqb,heavy-metal/a-strain-of-agony-kill-the-imposter.jpg
a war you cannot win,all-that-remains,https://i.scdn.co/image/ab67616d0000b273838c8e2b7c01e762bec4b7bf,https://open.spotify.com/album/2ohpqmxotj00nrffxy9b3w,heavy-metal/a-war-you-cannot-win-all-that-remains.jpg
aberration,the-last-king,https://i.scdn.co/image/ab67616d0000b27358840c33f84058fad63db4f4,https://open.spotify.com/album/6x5n8icihclvbyr7pewtmb,heavy-metal/aberration-the-last-king.jpg
abigail,king-diamond,https://i.scdn.co/image/ab67616d0000b27350b529912257480edb8a721c,https://open.spotify.com/album/3i37s15c3vamljnx7aum6b,heavy-metal/abigail-king-diamond.jpg
abyss,unleash-the-archers,https://i.scdn.co/image/ab67616d0000b273338d49995699b644372426ff,https://open.spotify.com/album/7fgdn0xnj5efxuo0falbtn,heavy-metal/abyss-unleash-the-archers.jpg
aeon,defamed,https://i.scdn.co/image/ab67616d0000b27354a2d6ef38ad31e2c514e6b8,https://open.spotify.com/album/3nmwndwkxpnef3wxm3uyzq,heavy-metal/aeon-defamed.jpg
after death,nightmares,https://i.scdn.co/image/ab67616d0000b273d3da6c76f3987ef8d05284d6,https://open.spotify.com/album/0svhuq8u8zkohs8kkrwjzv,heavy-metal/after-death-nightmares.jpg
all for me,slit,https://i.scdn.co/image/ab67616d0000b27313f9599df266ac6695db87c1,https://open.spotify.com/album/2usekaht5w5fq9mhngsowq,heavy-metal/all-for-me-slit.jpg
all for the kingdom,grave-digger,https://i.scdn.co/image/ab67616d0000b2731fbc7c8bcfaf88531f5b8a3a,https://open.spotify.com/album/7bobbjrrrgnvvrrcphmw4j,heavy-metal/all-for-the-kingdom-grave-digger.jpg
all hope is gone (10th anniversary),slipknot,https://i.scdn.co/image/ab67616d0000b273e7fbc0883149094912559f2c,https://open.spotify.com/album/2isxjem0d4chvu2idnvuqk,heavy-metal/all-hope-is-gone-(10th-anniversary)-slipknot.jpg
all out life,slipknot,https://i.scdn.co/image/ab67616d0000b273120ad9d866b0575b2afeeafb,https://open.spotify.com/album/65qfxybggqggvacw0ynmxa,heavy-metal/all-out-life-slipknot.jpg
along came the devil,primal-fear,https://i.scdn.co/image/ab67616d0000b273577c6d57d6172cf62ee72e9f,https://open.spotify.com/album/17xga2thnpbylarrbahaiw,heavy-metal/along-came-the-devil-primal-fear.jpg
am i evil?,diamond-head,https://i.scdn.co/image/ab67616d0000b2732f730ac5e319ace94749bbcf,https://open.spotify.com/album/3kq7zsheu1auev2ukmjwka,heavy-metal/am-i-evil?-diamond-head.jpg
american capitalist,five-finger-death-punch,https://i.scdn.co/image/ab67616d0000b273aae4a488e36bbcf2d983befa,https://open.spotify.com/album/3slkrcuhrhx4fwr83rkgd2,heavy-metal/american-capitalist-five-finger-death-punch.jpg
angel of retribution,judas-priest,https://i.scdn.co/image/ab67616d0000b273367fe3409cb2741c0bfcdf66,https://open.spotify.com/album/12rtdehrhwppv0xjvzw9u1,heavy-metal/angel-of-retribution-judas-priest.jpg
another world,gojira,https://i.scdn.co/image/ab67616d0000b27335a1a938d204cbdb2638832f,https://open.spotify.com/album/4tylnmywfelpchvquzvwva,heavy-metal/another-world-gojira.jpg
antichrist superstar,marilyn-manson,https://i.scdn.co/image/ab67616d0000b273c61d3a663bd18fe8cd97c947,https://open.spotify.com/album/7apnzjwayr3lh9audpdyqb,heavy-metal/antichrist-superstar-marilyn-manson.jpg
appetite for destruction,guns-n'-roses,https://i.scdn.co/image/ab67616d0000b27368384dd85fd5e95831252f60,https://open.spotify.com/album/3i9z1ndcl4e0cp62flcbi5,heavy-metal/appetite-for-destruction-guns-n'-roses.jpg
appetite for destruction (explicit version),guns-n'-roses,https://i.scdn.co/image/ab67616d0000b2735ed714183a6fa90e4121c889,https://open.spotify.com/album/1or3krpip4cbagpa3phtpp,heavy-metal/appetite-for-destruction-(explicit-version)-guns-n'-roses.jpg
archangel,amaranthe,https://i.scdn.co/image/ab67616d0000b2737c869b142b42643f56c23dc9,https://open.spotify.com/album/3nwmvp5act0iuyxnatk4b2,heavy-metal/archangel-amaranthe.jpg
armed to the teeth,annihilator,https://i.scdn.co/image/ab67616d0000b273713982ad06df48487ca07244,https://open.spotify.com/album/5b30ek9tx0jyfn7dp38rnn,heavy-metal/armed-to-the-teeth-annihilator.jpg
as daylight dies (special edition),killswitch-engage,https://i.scdn.co/image/ab67616d0000b273cc5bb1a3f809896baf67dba4,https://open.spotify.com/album/6ijetghtebvlss5isis71z,heavy-metal/as-daylight-dies-(special-edition)-killswitch-engage.jpg
as the palaces burn,lamb-of-god,https://i.scdn.co/image/ab67616d0000b273277e8a79bc4f91b954c497f1,https://open.spotify.com/album/5oubc3vkqnua3rvu6id6xa,heavy-metal/as-the-palaces-burn-lamb-of-god.jpg
ascendancy,trivium,https://i.scdn.co/image/ab67616d0000b273d97ca9cfcc1de928c264db40,https://open.spotify.com/album/4tujohf6in0wa5cpiojkbv,heavy-metal/ascendancy-trivium.jpg
ashes of fate,logical-terror,https://i.scdn.co/image/ab67616d0000b273d271f58aeb6432e86e6d3483,https://open.spotify.com/album/5k6qhvxhmazme7vjqyluab,heavy-metal/ashes-of-fate-logical-terror.jpg
ashes of the wake (15th anniversary),lamb-of-god,https://i.scdn.co/image/ab67616d0000b273b12877d8bdfaa0f19b4624fa,https://open.spotify.com/album/3ffdurevcqjx6mn2ztq93m,heavy-metal/ashes-of-the-wake-(15th-anniversary)-lamb-of-god.jpg
astorolus - the great octopus,candlemass,https://i.scdn.co/image/ab67616d0000b2736e66b96a135c2e4d12333d18,https://open.spotify.com/album/4xriy3gry9wdxmgibemj37,heavy-metal/astorolus---the-great-octopus-candlemass.jpg
"astro creep: 2000 songs of love, destruction and other synthetic delusions of the electric head",white-zombie,https://i.scdn.co/image/ab67616d0000b273d2de49f423eb924c79a155d2,https://open.spotify.com/album/3hugnfabsmodibxzwxs5xc,"heavy-metal/astro-creep:-2000-songs-of-love,-destruction-and-other-synthetic-delusions-of-the-electric-head-white-zombie.jpg"
asymmetry,eradicate-me,https://i.scdn.co/image/ab67616d0000b273fb590ae9c9773178fbf4a74a,https://open.spotify.com/album/5arihp5eonogavkjuzwg89,heavy-metal/asymmetry-eradicate-me.jpg
avatar country,avatar,https://i.scdn.co/image/ab67616d0000b273d8303eedf1b645c7835f6f56,https://open.spotify.com/album/7c9e8ac40dehdjimelmekw,heavy-metal/avatar-country-avatar.jpg
avenged sevenfold,avenged-sevenfold,https://i.scdn.co/image/ab67616d0000b27333c52ca8309741c6999ca742,https://open.spotify.com/album/3id3vuk9jskbd1guno1buf,heavy-metal/avenged-sevenfold-avenged-sevenfold.jpg
awake,godsmack,https://i.scdn.co/image/ab67616d0000b273c23dd8ed5abc2dff6f62aa14,https://open.spotify.com/album/4unwpyu5qyx2u0kkkeflr4,heavy-metal/awake-godsmack.jpg
back in black,ac-dc,https://i.scdn.co/image/ab67616d0000b2730b51f8d91f3a21e8426361ae,https://open.spotify.com/album/6mudedzcsexyjlmdafduwh,heavy-metal/back-in-black-ac-dc.jpg
balls to the wall,accept,https://i.scdn.co/image/ab67616d0000b273aac38f9cfe9dacbb75953bf5,https://open.spotify.com/album/2twcpcdgjjvd90gwuja8vn,heavy-metal/balls-to-the-wall-accept.jpg
bark at the moon (expanded edition),ozzy-osbourne,https://i.scdn.co/image/ab67616d0000b273813b607b3b7e094c306af4fd,https://open.spotify.com/album/537qkeg5gbevkjpq4qmszn,heavy-metal/bark-at-the-moon-(expanded-edition)-ozzy-osbourne.jpg
beast of gévaudan,powerwolf,https://i.scdn.co/image/ab67616d0000b273e0c2d5b7d5842299671c7320,https://open.spotify.com/album/3rzyovebrhf5y395rnrr9n,heavy-metal/beast-of-gévaudan-powerwolf.jpg
beyond hell / above heaven,volbeat,https://i.scdn.co/image/ab67616d0000b273c620bb589e16dff107e49e03,https://open.spotify.com/album/2sw5c70keqdir9m85mdvyp,heavy-metal/beyond-hell---above-heaven-volbeat.jpg
black jackal,nicolas-cage-fighter,https://i.scdn.co/image/ab67616d0000b273ba2a8bf3989fb7e03a0a2e48,https://open.spotify.com/album/3wkv1rx3u3ltfh9rzfdlog,heavy-metal/black-jackal-nicolas-cage-fighter.jpg
black sabbath (2014 remaster),black-sabbath,https://i.scdn.co/image/ab67616d0000b273975ae67d8fb422586b8e2f83,https://open.spotify.com/album/4zly3u2q17yjw7jkjxpjqj,heavy-metal/black-sabbath-(2014-remaster)-black-sabbath.jpg
blackout,scorpions,https://i.scdn.co/image/ab67616d0000b273fcb46839cfb5aa9c92c7bc0f,https://open.spotify.com/album/5fdpusvfzkwumygqmgdzkg,heavy-metal/blackout-scorpions.jpg
bleach: deluxe edition,nirvana,https://i.scdn.co/image/ab67616d0000b27302a81170e4e4889aa21d091b,https://open.spotify.com/album/4veqluvgq8ac9xx2fx4cz3,heavy-metal/bleach:-deluxe-edition-nirvana.jpg
bleeding you,against-the-grave,https://i.scdn.co/image/ab67616d0000b273b73df37ce0b695dff92db6bc,https://open.spotify.com/album/1gbnupgy2c4qdmncmvkl5t,heavy-metal/bleeding-you-against-the-grave.jpg
blind kings,chelsea-grin,https://i.scdn.co/image/ab67616d0000b273be996f5ffc82ac100fcea830,https://open.spotify.com/album/0ynsxqbvrkfgsumdlgsrgg,heavy-metal/blind-kings-chelsea-grin.jpg
blizzard of ozz (expanded edition),ozzy-osbourne,https://i.scdn.co/image/ab67616d0000b2735776e18c520194c48d92815b,https://open.spotify.com/album/6agfk3yprxz1rjfanrcklh,heavy-metal/blizzard-of-ozz-(expanded-edition)-ozzy-osbourne.jpg
blood for blood,hellyeah,https://i.scdn.co/image/ab67616d0000b273ba322d5faed51c07fd6f47f1,https://open.spotify.com/album/6o24vhd68xpwqzgu9ppv7g,heavy-metal/blood-for-blood-hellyeah.jpg
blood money,fighting-the-phoenix,https://i.scdn.co/image/ab67616d0000b27330b6c1d1898dcfaf5235ab41,https://open.spotify.com/album/5hb9kmtfxp8ft7l8duj5el,heavy-metal/blood-money-fighting-the-phoenix.jpg
blood of the levant,queensrÿche,https://i.scdn.co/image/ab67616d0000b273bab00a807e79519101014e62,https://open.spotify.com/album/2fu5qenxrpkefhihewaqol,heavy-metal/blood-of-the-levant-queensrÿche.jpg
blood sugar sex magik (deluxe edition),red-hot-chili-peppers,https://i.scdn.co/image/ab67616d0000b273153d79816d853f2694b2cc70,https://open.spotify.com/album/30perjew8hygkdsmqguyyg,heavy-metal/blood-sugar-sex-magik-(deluxe-edition)-red-hot-chili-peppers.jpg
bloodline,arion,https://i.scdn.co/image/ab67616d0000b273051dcf8cdbcb6903802715a7,https://open.spotify.com/album/4tt6kdvt97d0xhbipueb4l,heavy-metal/bloodline-arion.jpg
bloodlust,throes-of-exile,https://i.scdn.co/image/ab67616d0000b27360406a17ed29b24e8f3a1e41,https://open.spotify.com/album/6zbg98fb3y7vcmlycrgr6f,heavy-metal/bloodlust-throes-of-exile.jpg
break the cycle,staind,https://i.scdn.co/image/ab67616d0000b273e78596fafee30d0dd305396f,https://open.spotify.com/album/0owsorpwyp9batkohonapt,heavy-metal/break-the-cycle-staind.jpg
breakthrough,lion-within-us,https://i.scdn.co/image/ab67616d0000b2730cd66a467b09b74f51ccbf8b,https://open.spotify.com/album/2yhcrgoh4g1cxzceo0qme3,heavy-metal/breakthrough-lion-within-us.jpg
bring it on,memoremains,https://i.scdn.co/image/ab67616d0000b273054fb8801ddd5425b846e243,https://open.spotify.com/album/5orhvtkhbzgxhvpofqs7z8,heavy-metal/bring-it-on-memoremains.jpg
bringer of pain,battle-beast,https://i.scdn.co/image/ab67616d0000b27306cab96db6ba501e585a31a0,https://open.spotify.com/album/5mdrtymhbb1zt5ljhgldl9,heavy-metal/bringer-of-pain-battle-beast.jpg
british steel,judas-priest,https://i.scdn.co/image/ab67616d0000b273be0e5ebab8c61469b1ff9f62,https://open.spotify.com/album/5bqtzrbuzuxups8mro9tgy,heavy-metal/british-steel-judas-priest.jpg
brother of the storm,grand-magus,https://i.scdn.co/image/ab67616d0000b2739cf8ce3c9591744a57d83016,https://open.spotify.com/album/3lla3fmglcgpttclcueuuu,heavy-metal/brother-of-the-storm-grand-magus.jpg
burn this place down,horror-dance-squad,https://i.scdn.co/image/ab67616d0000b273ec96328063d21f89b3967551,https://open.spotify.com/album/6bcclpmd3lm1zohpzvyxdr,heavy-metal/burn-this-place-down-horror-dance-squad.jpg
by the way (deluxe edition),red-hot-chili-peppers,https://i.scdn.co/image/ab67616d0000b273de1af2785a83cc660155a0c4,https://open.spotify.com/album/6deiaarbeoqp1xpegdekp1,heavy-metal/by-the-way-(deluxe-edition)-red-hot-chili-peppers.jpg
californication (deluxe edition),red-hot-chili-peppers,https://i.scdn.co/image/ab67616d0000b27394d08ab63e57b0cae74e8595,https://open.spotify.com/album/2y9irtehbyvkegod7tclfi,heavy-metal/californication-(deluxe-edition)-red-hot-chili-peppers.jpg
catastrophist,trivium,https://i.scdn.co/image/ab67616d0000b273e38afd93deeac1ee200f6d95,https://open.spotify.com/album/6jt2f5kpnwy8lg6ojldxgx,heavy-metal/catastrophist-trivium.jpg
chaos a.d.,sepultura,https://i.scdn.co/image/ab67616d0000b2739c0b2d74cfb910735ca55317,https://open.spotify.com/album/5r4qa5aiquvypfrxqzjaiu,heavy-metal/chaos-a.d.-sepultura.jpg
chaos code,rosegold-blindfold,https://i.scdn.co/image/ab67616d0000b273f843f1e697ef705cda96cf78,https://open.spotify.com/album/5bua23vn5zure9crrk9dik,heavy-metal/chaos-code-rosegold-blindfold.jpg
chapter v,staind,https://i.scdn.co/image/ab67616d0000b273f19883e4c1b32f66089b7638,https://open.spotify.com/album/15zipir7rjbpscnmiaoqof,heavy-metal/chapter-v-staind.jpg
chris cornell (deluxe edition),chris-cornell,https://i.scdn.co/image/ab67616d0000b273384765aca7a4341b9652d29e,https://open.spotify.com/album/1blvdtavgyfmqvzvx3ohpe,heavy-metal/chris-cornell-(deluxe-edition)-chris-cornell.jpg
city of evil,avenged-sevenfold,https://i.scdn.co/image/ab67616d0000b27364312d8b81af58876a7ca5ee,https://open.spotify.com/album/55tk4ab7xhtokkw0xdz3aa,heavy-metal/city-of-evil-avenged-sevenfold.jpg
cloud connected,metalite,https://i.scdn.co/image/ab67616d0000b273479c472c25c0e94d5a5b5cb9,https://open.spotify.com/album/2jh3n37zjqbe4trdp3t0ke,heavy-metal/cloud-connected-metalite.jpg
cold,gideon,https://i.scdn.co/image/ab67616d0000b27300158fb23234a6946eb50fcd,https://open.spotify.com/album/7mvoxpaapepycusixa2mfj,heavy-metal/cold-gideon.jpg
collective soul,collective-soul,https://i.scdn.co/image/ab67616d0000b27304dfae822f83315f30ba0dec,https://open.spotify.com/album/08mlrjfovmreyulrobkbyq,heavy-metal/collective-soul-collective-soul.jpg
come clean,puddle-of-mudd,https://i.scdn.co/image/ab67616d0000b2733c2bba46b66a3c8a83a53015,https://open.spotify.com/album/5dlx1ihdoybhyjf4uggise,heavy-metal/come-clean-puddle-of-mudd.jpg
come what(ever) may [10th anniversary edition],stone-sour,https://i.scdn.co/image/ab67616d0000b273b424aeb510016daa1bc0251c,https://open.spotify.com/album/0dzb8uhysm7jkmm7byzavq,heavy-metal/come-what(ever)-may-[10th-anniversary-edition]-stone-sour.jpg
compassion,eradicate-me,https://i.scdn.co/image/ab67616d0000b27390e5092db710fda6c68f8473,https://open.spotify.com/album/3v0dy4vgxtfxpwvwoec7v0,heavy-metal/compassion-eradicate-me.jpg
countdown to extinction,megadeth,https://i.scdn.co/image/ab67616d0000b2737b178f928742be1492c6fba2,https://open.spotify.com/album/1w9opfgdftr3ulnhxnno1e,heavy-metal/countdown-to-extinction-megadeth.jpg
courage under fire,seven-cities-dead,https://i.scdn.co/image/ab67616d0000b2737dc34ce247996bfa9c7d98df,https://open.spotify.com/album/5okze5gqs5jamdw755bskz,heavy-metal/courage-under-fire-seven-cities-dead.jpg
cowboys from hell,pantera,https://i.scdn.co/image/ab67616d0000b2730ce52f4ba340a1e459e6a978,https://open.spotify.com/album/5szy4sbosd6ifjfn1rtwte,heavy-metal/cowboys-from-hell-pantera.jpg
creatures of the dark realm (japan edition),bloodbound,https://i.scdn.co/image/ab67616d0000b273490f910bc49658d43b34a720,https://open.spotify.com/album/1yetm7cx0ffpidaacsoeaq,heavy-metal/creatures-of-the-dark-realm-(japan-edition)-bloodbound.jpg
crimson thunder,hammerfall,https://i.scdn.co/image/ab67616d0000b273cbc8161d9dcff8472c0a117e,https://open.spotify.com/album/2x6ttlod276gglsmawfzqn,heavy-metal/crimson-thunder-hammerfall.jpg
crossfade,crossfade,https://i.scdn.co/image/ab67616d0000b2736655dcd1e8b57d0022f856e6,https://open.spotify.com/album/1namjajz23ozxxb7x2d4hy,heavy-metal/crossfade-crossfade.jpg
cybernetic overload,kambrium,https://i.scdn.co/image/ab67616d0000b2739dda268005586cf320cd0c5e,https://open.spotify.com/album/0jajvtzhgsxelq34uucj8r,heavy-metal/cybernetic-overload-kambrium.jpg
cyborg vampire,angelic-desolation,https://i.scdn.co/image/ab67616d0000b27377ae27e4a434dc8bf4728e2d,https://open.spotify.com/album/0yqdhin17emn97e0kamekb,heavy-metal/cyborg-vampire-angelic-desolation.jpg
damage,albion-codex,https://i.scdn.co/image/ab67616d0000b273f3ff4d2ad5f87780e6ffb504,https://open.spotify.com/album/3m4p9nyvddkqxffmyzfh7k,heavy-metal/damage-albion-codex.jpg
dance with the devil,burning-witches,https://i.scdn.co/image/ab67616d0000b2733c4814710adae3dc1f9501a2,https://open.spotify.com/album/0prkzd93okyxyyixryttzq,heavy-metal/dance-with-the-devil-burning-witches.jpg
dangerous ground,h.e.a.t,https://i.scdn.co/image/ab67616d0000b273f2328ca9b43c397e2b833c83,https://open.spotify.com/album/5ghpmoarm9w1ma04eryqfw,heavy-metal/dangerous-ground-h.e.a.t.jpg
dead and alive,parasite-inc.,https://i.scdn.co/image/ab67616d0000b2731a2fe4c0625b9fb3bb72fd0d,https://open.spotify.com/album/29fxzxx9aycfnjrej64cyd,heavy-metal/dead-and-alive-parasite-inc..jpg
dear agony,breaking-benjamin,https://i.scdn.co/image/ab67616d0000b27308cdafd988bd04d9b14159d3,https://open.spotify.com/album/0mbvlbwi6tmdrwvq8bkokv,heavy-metal/dear-agony-breaking-benjamin.jpg
death by design,diamond-head,https://i.scdn.co/image/ab67616d0000b273a3243bf82d616d297d447a4f,https://open.spotify.com/album/4uaovhecymjxq2nskhvlv0,heavy-metal/death-by-design-diamond-head.jpg
defence of moscow,sabaton,https://i.scdn.co/image/ab67616d0000b273ff62fb994eee2b31b3a4df02,https://open.spotify.com/album/6sjefwntixqzc1bobo2aqy,heavy-metal/defence-of-moscow-sabaton.jpg
demons are a girl's best friend,powerwolf,https://i.scdn.co/image/ab67616d0000b2733eb8ba93ce1077f76eed387e,https://open.spotify.com/album/6sfftjmyjvgavra2k8whwc,heavy-metal/demons-are-a-girl's-best-friend-powerwolf.jpg
desensitised,carbine,https://i.scdn.co/image/ab67616d0000b273c174c46dd29dca80f03dd644,https://open.spotify.com/album/3swijxdp9uvrqvzlrlh1el,heavy-metal/desensitised-carbine.jpg
desensitized,drowning-pool,https://i.scdn.co/image/ab67616d0000b27370d9005389f3a37fd50ca19a,https://open.spotify.com/album/2rlw6qyxe3fx4abx8acmhy,heavy-metal/desensitized-drowning-pool.jpg
diabolic,demons-&-wizards,https://i.scdn.co/image/ab67616d0000b273eac3203b6e94d8dbae3271bc,https://open.spotify.com/album/0n3kyg04bzlx1kvoih0y2n,heavy-metal/diabolic-demons-&-wizards.jpg
diamonds in the rough,avenged-sevenfold,https://i.scdn.co/image/ab67616d0000b273185b6b614a78224229b94831,https://open.spotify.com/album/6vccunbnnw4bvkcit5rk7d,heavy-metal/diamonds-in-the-rough-avenged-sevenfold.jpg
die by the blade,beast-in-black,https://i.scdn.co/image/ab67616d0000b2734365a8d9113c2b6ea372654c,https://open.spotify.com/album/3cwywjglsoprnd0106mv1s,heavy-metal/die-by-the-blade-beast-in-black.jpg
difficult to cure (remastered),rainbow,https://i.scdn.co/image/ab67616d0000b2733ac7a2020c38064d0148c867,https://open.spotify.com/album/1w7be8yrsdkiczqpuiwf7k,heavy-metal/difficult-to-cure-(remastered)-rainbow.jpg
dines x heafy,dines-x-heafy,https://i.scdn.co/image/ab67616d0000b2733e67a0609b2d26876e5d69e2,https://open.spotify.com/album/3mtamn8dnp0tuqavmiqns4,heavy-metal/dines-x-heafy-dines-x-heafy.jpg
dirt,alice-in-chains,https://i.scdn.co/image/ab67616d0000b27331ea2c36c5da3979177127b1,https://open.spotify.com/album/58nxieyqmq5dqhg9nv9dum,heavy-metal/dirt-alice-in-chains.jpg
dirty deeds done dirt cheap,ac-dc,https://i.scdn.co/image/ab67616d0000b27368b03027356fb05501948f62,https://open.spotify.com/album/76mvvgxode87b9aozlxcoi,heavy-metal/dirty-deeds-done-dirt-cheap-ac-dc.jpg
disobey,bad-wolves,https://i.scdn.co/image/ab67616d0000b27398e5206660da079d853eba62,https://open.spotify.com/album/5hdwxxawzfyunxylzgxcqt,heavy-metal/disobey-bad-wolves.jpg
disruptor,fear-factory,https://i.scdn.co/image/ab67616d0000b2735dbd220e4b82ddcef89874be,https://open.spotify.com/album/3ony2tmdrbfwkbag49xe0s,heavy-metal/disruptor-fear-factory.jpg
divine nemesis,nightmare,https://i.scdn.co/image/ab67616d0000b2735c1c1c72020446f65ebbe8a2,https://open.spotify.com/album/4cdhutwqlfvdplxn6p89uf,heavy-metal/divine-nemesis-nightmare.jpg
divinity,austin-blau,https://i.scdn.co/image/ab67616d0000b2739a7cf237791561b4778e2b92,https://open.spotify.com/album/4vib7dcszaclrcjo2zmchu,heavy-metal/divinity-austin-blau.jpg
dominion,hammerfall,https://i.scdn.co/image/ab67616d0000b2735d6b4d606535772e4d53226b,https://open.spotify.com/album/5lqdlykkerilwrikw6qyls,heavy-metal/dominion-hammerfall.jpg
don't need you (edit),bullet-for-my-valentine,https://i.scdn.co/image/ab67616d0000b273562efaebeff9bd9de06416ac,https://open.spotify.com/album/7drnbluaohdetg3zkcrcn0,heavy-metal/don't-need-you-(edit)-bullet-for-my-valentine.jpg
doom & gloom,dead-days,https://i.scdn.co/image/ab67616d0000b273d542ff26350dbeb444ca440e,https://open.spotify.com/album/3jpinrioylvxdsceowtpuf,heavy-metal/doom-&-gloom-dead-days.jpg
down and out,savage-messiah,https://i.scdn.co/image/ab67616d0000b273d1715636894d4027c585d3a7,https://open.spotify.com/album/5ojdanhlwnb7wxduoaktoq,heavy-metal/down-and-out-savage-messiah.jpg
down to earth,ozzy-osbourne,https://i.scdn.co/image/ab67616d0000b273962c158ac47845e7051fae4e,https://open.spotify.com/album/6olpee5qtk6hkzn8phwebm,heavy-metal/down-to-earth-ozzy-osbourne.jpg
dr. feelgood 20th anniversary (expanded version),mötley-crüe,https://i.scdn.co/image/ab67616d0000b27360c0be57d9b28540c456bff4,https://open.spotify.com/album/2roiodnunu2ci0qwy3t8h9,heavy-metal/dr.-feelgood-20th-anniversary-(expanded-version)-mötley-crüe.jpg
dracula,mystic-prophecy,https://i.scdn.co/image/ab67616d0000b27349895ed0c38ab356e390432d,https://open.spotify.com/album/3t5r0bxdbbnjuv0xigo5lm,heavy-metal/dracula-mystic-prophecy.jpg
dressed to kill (remastered version),kiss,https://i.scdn.co/image/ab67616d0000b273f33dfb2da14d313d36ecdaa5,https://open.spotify.com/album/2hmjdsywkwy2hxjmwobpoi,heavy-metal/dressed-to-kill-(remastered-version)-kiss.jpg
dystopia,megadeth,https://i.scdn.co/image/ab67616d0000b273219c11f4b8546df2859fa2ec,https://open.spotify.com/album/7jymwrm9yycjfklibrgpqt,heavy-metal/dystopia-megadeth.jpg
educated horses,rob-zombie,https://i.scdn.co/image/ab67616d0000b273074c08a8594732f5bc6436df,https://open.spotify.com/album/3zo9forg6azjrddju0xyky,heavy-metal/educated-horses-rob-zombie.jpg
el clan de la lucha,saratoga,https://i.scdn.co/image/ab67616d0000b2738474fbfcff561f59b1bd543f,https://open.spotify.com/album/3fsbtgwm7avfxwjrysgv55,heavy-metal/el-clan-de-la-lucha-saratoga.jpg
el que mas,obus,https://i.scdn.co/image/ab67616d0000b27306ab0bc2e50f4d85faed2cad,https://open.spotify.com/album/71bx52kvtdwhaviwnizgld,heavy-metal/el-que-mas-obus.jpg
emperor of sand,mastodon,https://i.scdn.co/image/ab67616d0000b2730d8c47e2273edbdd4cd3aa47,https://open.spotify.com/album/1vzmkgeg38fsubzve15wuf,heavy-metal/emperor-of-sand-mastodon.jpg
end of the attention span,armored-saint,https://i.scdn.co/image/ab67616d0000b2734d2841a2d0e76b518f93b3dd,https://open.spotify.com/album/5ubb2i0dxxlxgwegnkx2th,heavy-metal/end-of-the-attention-span-armored-saint.jpg
enlightened in eternity,spirit-adrift,https://i.scdn.co/image/ab67616d0000b2737754b5b6f13f7d513a60ceda,https://open.spotify.com/album/2prydpb2jz4mc7rmiu4e1m,heavy-metal/enlightened-in-eternity-spirit-adrift.jpg
entitled to gravity,cut-wide-open,https://i.scdn.co/image/ab67616d0000b273589841101f4a18fb9e14f955,https://open.spotify.com/album/3rjujldbvk2odxgmnacr0x,heavy-metal/entitled-to-gravity-cut-wide-open.jpg
eradication manifest,curimus,https://i.scdn.co/image/ab67616d0000b273e7d9754f28af510e1d654ab1,https://open.spotify.com/album/7jkpdrs6992nzxlrxmiljb,heavy-metal/eradication-manifest-curimus.jpg
eternal night,nonel,https://i.scdn.co/image/ab67616d0000b273cc4a70b6caf556677f9b7c8b,https://open.spotify.com/album/32oxmflxxrmesfo1fml7ip,heavy-metal/eternal-night-nonel.jpg
events occur in real time,banshee,https://i.scdn.co/image/ab67616d0000b2731304e2ab985053132c0b964e,https://open.spotify.com/album/1x0hmjjfup0m5aonb2ytvx,heavy-metal/events-occur-in-real-time-banshee.jpg
every six seconds,saliva,https://i.scdn.co/image/ab67616d0000b273c72cc4087da2190116857f37,https://open.spotify.com/album/6gf0b1xrofpwz5blhm1dre,heavy-metal/every-six-seconds-saliva.jpg
everything has pain,4-oceans,https://i.scdn.co/image/ab67616d0000b2730233d2974647240d9bbcc0fd,https://open.spotify.com/album/7brmmu1usj8yyv3qp6f0j8,heavy-metal/everything-has-pain-4-oceans.jpg
evil shepherds (the wolves),dream-alazia,https://i.scdn.co/image/ab67616d0000b2737f85482b07f168f3402262be,https://open.spotify.com/album/10aj7pelo56ogqapd2wg3u,heavy-metal/evil-shepherds-(the-wolves)-dream-alazia.jpg
evila,recreated,https://i.scdn.co/image/ab67616d0000b2736de7dd75739f786b44a2df3e,https://open.spotify.com/album/3l34pzr9pv2azd1clhhuog,heavy-metal/evila-recreated.jpg
exhibit b: the human condition,exodus,https://i.scdn.co/image/ab67616d0000b2731c04e72cd3288d7c8c8e9e40,https://open.spotify.com/album/1twuajp1m3aezn9j82rweg,heavy-metal/exhibit-b:-the-human-condition-exodus.jpg
exitwound,half-me,https://i.scdn.co/image/ab67616d0000b273897c1a1c39c7adb40074ada8,https://open.spotify.com/album/3de1o2kis0fxksldskbubk,heavy-metal/exitwound-half-me.jpg
exuviate,wyrmhaven,https://i.scdn.co/image/ab67616d0000b2739f90e78d4a4149eb7f700ee3,https://open.spotify.com/album/5nlivfxrfpmgdggx2q7s1p,heavy-metal/exuviate-wyrmhaven.jpg
eye to eye,mystic-prophecy,https://i.scdn.co/image/ab67616d0000b273d194a4149f845647df864d0b,https://open.spotify.com/album/1qzftzzrawxfgtkhcgacbg,heavy-metal/eye-to-eye-mystic-prophecy.jpg
f8,five-finger-death-punch,https://i.scdn.co/image/ab67616d0000b27368780bf3f5a4af94f2c953c6,https://open.spotify.com/album/7vacymf4fekxvqcudzlqd2,heavy-metal/f8-five-finger-death-punch.jpg
face of a stranger,dirkschneider-&-the-old-gang,https://i.scdn.co/image/ab67616d0000b2734cd04cd376573e97bfce429e,https://open.spotify.com/album/2dcdker7basxy6m8ougcdx,heavy-metal/face-of-a-stranger-dirkschneider-&-the-old-gang.jpg
faceless,godsmack,https://i.scdn.co/image/ab67616d0000b27365dc417bbf89a70b03d5f90e,https://open.spotify.com/album/7xhudjssyty8qrl1s9r3wu,heavy-metal/faceless-godsmack.jpg
facelift,alice-in-chains,https://i.scdn.co/image/ab67616d0000b2731f829ea9c2c7ffcec1a3c857,https://open.spotify.com/album/5lbhbwejgzxrzagzvajkhj,heavy-metal/facelift-alice-in-chains.jpg
fall to ascend,sons-of-apollo,https://i.scdn.co/image/ab67616d0000b27336f9a19e49f6a241890b45c9,https://open.spotify.com/album/4mqxleaxmcj7o3tlyv644r,heavy-metal/fall-to-ascend-sons-of-apollo.jpg
fallen,evanescence,https://i.scdn.co/image/ab67616d0000b27325f49ab23f0ec6332efef432,https://open.spotify.com/album/02w1xmzzdf2ojxteh1basm,heavy-metal/fallen-evanescence.jpg
falto,fighting-the-phoenix,https://i.scdn.co/image/ab67616d0000b273503ea280bf4ba8a748e75127,https://open.spotify.com/album/6iorx9fzxtiegzjtxxufxd,heavy-metal/falto-fighting-the-phoenix.jpg
far beyond driven,pantera,https://i.scdn.co/image/ab67616d0000b27364fa027e7ef7ce20fa8b46f2,https://open.spotify.com/album/70gaqt2avsikbj2ieymou1,heavy-metal/far-beyond-driven-pantera.jpg
fatty boy,arteries,https://i.scdn.co/image/ab67616d0000b2736ab0f9aaeb571cfa4ff75dcd,https://open.spotify.com/album/0keza5oqaxey6byphxssee,heavy-metal/fatty-boy-arteries.jpg
fear of the fallen,helloween,https://i.scdn.co/image/ab67616d0000b27331bf04d41a676b83e4c879e9,https://open.spotify.com/album/4fotnqvfbsmo5keaxq59kg,heavy-metal/fear-of-the-fallen-helloween.jpg
feast,annihilator,https://i.scdn.co/image/ab67616d0000b273f79ceecb67f8891add35869c,https://open.spotify.com/album/5ggfaolrxk4u38y6b2gloy,heavy-metal/feast-annihilator.jpg
feathers & flesh,avatar,https://i.scdn.co/image/ab67616d0000b273abd6e2b3d77a74314c0cef46,https://open.spotify.com/album/6phs3mtltve5glwgfanzyj,heavy-metal/feathers-&-flesh-avatar.jpg
felons and revolutionaries,dope,https://i.scdn.co/image/ab67616d0000b273b96b08f972a3f1e925a69fed,https://open.spotify.com/album/70qlx6w0te04qawkquv1db,heavy-metal/felons-and-revolutionaries-dope.jpg
fever,bullet-for-my-valentine,https://i.scdn.co/image/ab67616d0000b273f467961e3089fd694c893584,https://open.spotify.com/album/3q3db4felkdide2bxtlflb,heavy-metal/fever-bullet-for-my-valentine.jpg
fever (tour edition),bullet-for-my-valentine,https://i.scdn.co/image/ab67616d0000b273aa6b51465dbf90c165ba69c1,https://open.spotify.com/album/5jx8ty8uktyhymhxkemw7n,heavy-metal/fever-(tour-edition)-bullet-for-my-valentine.jpg
finding beauty in negative spaces (bonus track version),seether,https://i.scdn.co/image/ab67616d0000b273c418220159462cdd7cfeb9a1,https://open.spotify.com/album/59tni3ga1oczshfwtmxmbo,heavy-metal/finding-beauty-in-negative-spaces-(bonus-track-version)-seether.jpg
firepower,judas-priest,https://i.scdn.co/image/ab67616d0000b2735c48f1b63e4b70cf96ffb088,https://open.spotify.com/album/7p3g0ocxtlwyjcpe1fxnyb,heavy-metal/firepower-judas-priest.jpg
flyleaf,flyleaf,https://i.scdn.co/image/ab67616d0000b2739fba3529eaf6979c736806e6,https://open.spotify.com/album/4hv9jence9bmytrgt9njxt,heavy-metal/flyleaf-flyleaf.jpg
follow the leader,korn,https://i.scdn.co/image/ab67616d0000b27350d216aebaf98e8ac9947fd5,https://open.spotify.com/album/0gsiszk6jwywaygvattud4,heavy-metal/follow-the-leader-korn.jpg
for charity's sake,i-am-the-deceiver,https://i.scdn.co/image/ab67616d0000b2731750e962d54ff3d078426f1d,https://open.spotify.com/album/5esxt8af4lh4zp65ydphuc,heavy-metal/for-charity's-sake-i-am-the-deceiver.jpg
force majeure,gus-g.,https://i.scdn.co/image/ab67616d0000b27399134697b93ff30e8569d5dc,https://open.spotify.com/album/5etz3pohcf7hvr2kh47dp0,heavy-metal/force-majeure-gus-g..jpg
forever today,jumpcut,https://i.scdn.co/image/ab67616d0000b2734677e2f171939fdcf9d3e547,https://open.spotify.com/album/6bbrb6tfblf4s0smo8i223,heavy-metal/forever-today-jumpcut.jpg
forged in metal,manimal,https://i.scdn.co/image/ab67616d0000b273497a65e38d90ed03486d8e5b,https://open.spotify.com/album/6k1hronie7virxwolccq93,heavy-metal/forged-in-metal-manimal.jpg
from hell with love,beast-in-black,https://i.scdn.co/image/ab67616d0000b2734959170cc823eeaba14d1430,https://open.spotify.com/album/3at1plga6momsx7mmlnrhr,heavy-metal/from-hell-with-love-beast-in-black.jpg
from mars to sirius,gojira,https://i.scdn.co/image/ab67616d0000b27373620e8ba892439f46120b87,https://open.spotify.com/album/649pw0bsjiufilsgkogx9a,heavy-metal/from-mars-to-sirius-gojira.jpg
g n' r lies,guns-n'-roses,https://i.scdn.co/image/ab67616d0000b2734500f9135365f61270829503,https://open.spotify.com/album/6z5lstxyqzrutrvxjioxvu,heavy-metal/g-n'-r-lies-guns-n'-roses.jpg
ghost of marley,majestica,https://i.scdn.co/image/ab67616d0000b273cc9d2076698eb2e5ac088f94,https://open.spotify.com/album/6wenrohkoij2hs1s8dkuol,heavy-metal/ghost-of-marley-majestica.jpg
glamour & gloom,tenside,https://i.scdn.co/image/ab67616d0000b273c25d2add3adcea23ef0a53db,https://open.spotify.com/album/1g19cz7cd2xpsbt3bl7ful,heavy-metal/glamour-&-gloom-tenside.jpg
glitchgang,dropout-kings,https://i.scdn.co/image/ab67616d0000b273d39c18e0261f236716feee3f,https://open.spotify.com/album/35jxa9zvmvbskmnqwmv6zl,heavy-metal/glitchgang-dropout-kings.jpg
gloryhammer,gloryhammer,https://i.scdn.co/image/ab67616d0000b2739a346530af43fac758787f3d,https://open.spotify.com/album/2hjfrpr304zxz4cpqk1ws2,heavy-metal/gloryhammer-gloryhammer.jpg
gods of war,dragony,https://i.scdn.co/image/ab67616d0000b2739e69d01372a5b1f4005237fe,https://open.spotify.com/album/6txovleyxd8qkecgiwl0tz,heavy-metal/gods-of-war-dragony.jpg
godsmack,godsmack,https://i.scdn.co/image/ab67616d0000b27382a891641608e2f2d6c3a8b8,https://open.spotify.com/album/1w7vc8hjyxhk1fs5cm2fum,heavy-metal/godsmack-godsmack.jpg
goliath,holywar,https://i.scdn.co/image/ab67616d0000b27352d9cadabc18ee77c7a5bd36,https://open.spotify.com/album/47hckoquucapnaa29haqu4,heavy-metal/goliath-holywar.jpg
"good times, bad times - ten years of godsmack",godsmack,https://i.scdn.co/image/ab67616d0000b2735b698f8846c63513c565a68f,https://open.spotify.com/album/2ojtyn8xplbz6quraptzba,"heavy-metal/good-times,-bad-times---ten-years-of-godsmack-godsmack.jpg"
got your six (deluxe),five-finger-death-punch,https://i.scdn.co/image/ab67616d0000b2737d52a2c460257f28cf61c676,https://open.spotify.com/album/36s44cv7qq3en9dnnzj407,heavy-metal/got-your-six-(deluxe)-five-finger-death-punch.jpg
grapeshot,kyphosis,https://i.scdn.co/image/ab67616d0000b27359c7c1bc6fc2c09c56e01ae9,https://open.spotify.com/album/5z7meviwciqxm8nieyis0t,heavy-metal/grapeshot-kyphosis.jpg
"greatest hits, vol. 1",korn,https://i.scdn.co/image/ab67616d0000b2730fa40ef69f3607ce5f7b852f,https://open.spotify.com/album/7ac5sxtbol3fnl3pdqzv4t,"heavy-metal/greatest-hits,-vol.-1-korn.jpg"
greatest hits: back to the start,megadeth,https://i.scdn.co/image/ab67616d0000b273cc6b07df8741aaf3b6779f20,https://open.spotify.com/album/00sgbmhbjo1lea1hhhytw4,heavy-metal/greatest-hits:-back-to-the-start-megadeth.jpg
guitar gangsters & cadillac blood,volbeat,https://i.scdn.co/image/ab67616d0000b2739daf215ff64034b5f9e02593,https://open.spotify.com/album/6qhlhoasl7wk8edugt7id8,heavy-metal/guitar-gangsters-&-cadillac-blood-volbeat.jpg
gunfire,axel-rudi-pell,https://i.scdn.co/image/ab67616d0000b27314f521c8e16988690026457f,https://open.spotify.com/album/4oibjd6pkhur2kwikl6bsk,heavy-metal/gunfire-axel-rudi-pell.jpg
h.e.a.t ii,h.e.a.t,https://i.scdn.co/image/ab67616d0000b2738bbb678e793fc4ccafee66d1,https://open.spotify.com/album/15spcyoncexraekcz2no3m,heavy-metal/h.e.a.t-ii-h.e.a.t.jpg
hail the apocalypse,avatar,https://i.scdn.co/image/ab67616d0000b2734bfb53102e4117bc0510ae9b,https://open.spotify.com/album/1bvgohhvwxqggiwnebdlyc,heavy-metal/hail-the-apocalypse-avatar.jpg
hail to the king,avenged-sevenfold,https://i.scdn.co/image/ab67616d0000b2730ea1ecb2d5271c2db402b0c2,https://open.spotify.com/album/0ks45m1bsp2jszpm5d2ffa,heavy-metal/hail-to-the-king-avenged-sevenfold.jpg
hardwired…to self-destruct (deluxe),metallica,https://i.scdn.co/image/ab67616d0000b273d534cd7750f657bc2e361666,https://open.spotify.com/album/1tkcbdhiwliqjwtxomqnid,heavy-metal/hardwired…to-self-destruct-(deluxe)-metallica.jpg
hateworlds,colosso,https://i.scdn.co/image/ab67616d0000b27332ecff948428a01337e1e35c,https://open.spotify.com/album/5shdydpak4lwfba5ikcghu,heavy-metal/hateworlds-colosso.jpg
heart of the android,orden-ogan,https://i.scdn.co/image/ab67616d0000b2731d4151d5aca554612edd45f9,https://open.spotify.com/album/6wdrfnlsydt3zpcbjclh0l,heavy-metal/heart-of-the-android-orden-ogan.jpg
heartless madness,dynazty,https://i.scdn.co/image/ab67616d0000b2733615398755b02e0bf500c593,https://open.spotify.com/album/7hi1cycnoaglg0lvjco3bu,heavy-metal/heartless-madness-dynazty.jpg
heaven & hell,black-sabbath,https://i.scdn.co/image/ab67616d0000b2731714d5e8b43f9e63572d550d,https://open.spotify.com/album/0dj2b19o99fcjii6apvmtr,heavy-metal/heaven-&-hell-black-sabbath.jpg
heaven upside down,marilyn-manson,https://i.scdn.co/image/ab67616d0000b273c1124f8bdeef9469f0e54bb1,https://open.spotify.com/album/6kbfr3njmbglgstpaymezz,heavy-metal/heaven-upside-down-marilyn-manson.jpg
hel,havamal,https://i.scdn.co/image/ab67616d0000b27356523521cca95537708ea0eb,https://open.spotify.com/album/4x7cnsduc8ts7u7xnhlhb6,heavy-metal/hel-havamal.jpg
hellbilly deluxe,rob-zombie,https://i.scdn.co/image/ab67616d0000b27313d4adf9e4b938f88266f4e4,https://open.spotify.com/album/2b4lhotcpwbxqptzmcojnh,heavy-metal/hellbilly-deluxe-rob-zombie.jpg
hellbreaker,motorjesus,https://i.scdn.co/image/ab67616d0000b273e1d08f959d2570d1bef2c2a8,https://open.spotify.com/album/4tn4z7unymd8enthx0z9zw,heavy-metal/hellbreaker-motorjesus.jpg
hellfire thunderbolt,kk's-priest,https://i.scdn.co/image/ab67616d0000b273a1d2e2bc23a1540becd6b546,https://open.spotify.com/album/0uzxshn4u4m052ok4vfz2u,heavy-metal/hellfire-thunderbolt-kk's-priest.jpg
helloween,helloween,https://i.scdn.co/image/ab67616d0000b273c13e0af03a9207cc4d6c7424,https://open.spotify.com/album/6zopyam1hcu9z0arslmpnn,heavy-metal/helloween-helloween.jpg
hephaistos,warkings,https://i.scdn.co/image/ab67616d0000b273f4c18ec5ae8009ff4a3e57ad,https://open.spotify.com/album/0divsc4l7bbgblpi479nqi,heavy-metal/hephaistos-warkings.jpg
heroes,sabaton,https://i.scdn.co/image/ab67616d0000b273735eecca68d3bb03e2e35a75,https://open.spotify.com/album/5tdhttvwtd0ekzbyve97r7,heavy-metal/heroes-sabaton.jpg
hickory creek (acoustic),whitechapel,https://i.scdn.co/image/ab67616d0000b27350501814e66b100cbd16554d,https://open.spotify.com/album/1o6jj8uivmttuuowm4yubz,heavy-metal/hickory-creek-(acoustic)-whitechapel.jpg
hidden treasures,megadeth,https://i.scdn.co/image/ab67616d0000b273d408b2375e0ca6362c968d0f,https://open.spotify.com/album/3jfel3ouh2kimx9zkja8fy,heavy-metal/hidden-treasures-megadeth.jpg
higher,northtale,https://i.scdn.co/image/ab67616d0000b273c9ba24f0bcce1f583987fdce,https://open.spotify.com/album/3pp9yizgfspykfmxcuhf54,heavy-metal/higher-northtale.jpg
highway to hell,ac-dc,https://i.scdn.co/image/ab67616d0000b27351c02a77d09dfcd53c8676d0,https://open.spotify.com/album/10v912xgtzbjatyfykwjcs,heavy-metal/highway-to-hell-ac-dc.jpg
holy diver,dio,https://i.scdn.co/image/ab67616d0000b2732457ab409ae106f8ae1dff89,https://open.spotify.com/album/2ivnjlsx8rbvnsvcn01yt3,heavy-metal/holy-diver-dio.jpg
hounds of orion,a-perfect-being,https://i.scdn.co/image/ab67616d0000b273cc15b79270a8e413f96f0d57,https://open.spotify.com/album/2ven17jfoflfdpsaa4llfj,heavy-metal/hounds-of-orion-a-perfect-being.jpg
hourglass,perspectives-ny,https://i.scdn.co/image/ab67616d0000b27339239a48d63d94bc8c982ca2,https://open.spotify.com/album/6g4iy6lirqhg5gkcm7mu9t,heavy-metal/hourglass-perspectives-ny.jpg
"house of gold & bones, part 1",stone-sour,https://i.scdn.co/image/ab67616d0000b2738328645e58684d8770a8475f,https://open.spotify.com/album/2nchgpllyigxfkubyumkpn,"heavy-metal/house-of-gold-&-bones,-part-1-stone-sour.jpg"
human,three-days-grace,https://i.scdn.co/image/ab67616d0000b2738443a724ced4e3bef303fb7a,https://open.spotify.com/album/0ykhsu3mblh7jvnngbv20w,heavy-metal/human-three-days-grace.jpg
hungry years,accept,https://i.scdn.co/image/ab67616d0000b2734e9d2b4d54fa6bc5eed442b3,https://open.spotify.com/album/7e7fwgmt0zxpvl67xp5yfv,heavy-metal/hungry-years-accept.jpg
hunter gatherer,avatar,https://i.scdn.co/image/ab67616d0000b273a4f536dc847946ed97deae96,https://open.spotify.com/album/2wnjw8e8pcq76vnkfdjeh0,heavy-metal/hunter-gatherer-avatar.jpg
hybrid theory (bonus edition),linkin-park,https://i.scdn.co/image/ab67616d0000b273e2f039481babe23658fc719a,https://open.spotify.com/album/6hpkbav3zxpgzbguvl6jvm,heavy-metal/hybrid-theory-(bonus-edition)-linkin-park.jpg
i am,nightmares,https://i.scdn.co/image/ab67616d0000b27392f6f4a6d0fce06fb09475a3,https://open.spotify.com/album/3yzcjcoo3sae3a7syvydxr,heavy-metal/i-am-nightmares.jpg
i am alive,primal-fear,https://i.scdn.co/image/ab67616d0000b27395eb99deccb1bc8ef5e13e5c,https://open.spotify.com/album/56wjvkdjl6z6std13epcn8,heavy-metal/i-am-alive-primal-fear.jpg
i am the storm,the-order-of-elijah,https://i.scdn.co/image/ab67616d0000b273afd09b248020ea8c255e8222,https://open.spotify.com/album/3wjwbv2ktofvvdziotdogs,heavy-metal/i-am-the-storm-the-order-of-elijah.jpg
i got no friends,the-last-band,https://i.scdn.co/image/ab67616d0000b273708a580ab95d8ac6bb65ec16,https://open.spotify.com/album/1bamcc1n1lph4x9qsiw4qn,heavy-metal/i-got-no-friends-the-last-band.jpg
i gotta rock (again),dee-snider,https://i.scdn.co/image/ab67616d0000b2735fc58130f45a79b2a4e54be8,https://open.spotify.com/album/2ksjl86res34uh0hkesz7n,heavy-metal/i-gotta-rock-(again)-dee-snider.jpg
i will be gone,primal-fear,https://i.scdn.co/image/ab67616d0000b2739a23b5368352ca74ecc1f96f,https://open.spotify.com/album/3hgfrvda7gsumkj5kanlml,heavy-metal/i-will-be-gone-primal-fear.jpg
in waves (special edition),trivium,https://i.scdn.co/image/ab67616d0000b27338ac6c23cf7800664a098579,https://open.spotify.com/album/2p1voqhdnsdy596vrdtdji,heavy-metal/in-waves-(special-edition)-trivium.jpg
indestructible (deluxe edition),disturbed,https://i.scdn.co/image/ab67616d0000b2731aeed60b435be44dd68a57a3,https://open.spotify.com/album/6hz9f6h7urtoigu517wjd6,heavy-metal/indestructible-(deluxe-edition)-disturbed.jpg
indoctrinated,zeolite,https://i.scdn.co/image/ab67616d0000b273aa5bc4b43fb110c66b71e4b8,https://open.spotify.com/album/0c6sw6qx3bogfcz2hkmpec,heavy-metal/indoctrinated-zeolite.jpg
inferno i,kyterion,https://i.scdn.co/image/ab67616d0000b2739307770fa00e080a3332ab82,https://open.spotify.com/album/1uvctmsqntimb4xsi5djoq,heavy-metal/inferno-i-kyterion.jpg
infest,papa-roach,https://i.scdn.co/image/ab67616d0000b273985bf5ede2fe4a048ee85f28,https://open.spotify.com/album/0bha0epkvgavkymb4fu58m,heavy-metal/infest-papa-roach.jpg
inside out,five-finger-death-punch,https://i.scdn.co/image/ab67616d0000b273ed5760715ac2b2ec1b64a454,https://open.spotify.com/album/3coyrpug7ojbo2opne38ee,heavy-metal/inside-out-five-finger-death-punch.jpg
instrument inside,magefa,https://i.scdn.co/image/ab67616d0000b273931af30f7959f3c1bb45c9a9,https://open.spotify.com/album/7dflyg5ycamusrcz3srpit,heavy-metal/instrument-inside-magefa.jpg
into the black,lords-of-black,https://i.scdn.co/image/ab67616d0000b273dc9253b9ff631ee800bd08f5,https://open.spotify.com/album/4b99g7djp9c9tcoit03jaf,heavy-metal/into-the-black-lords-of-black.jpg
into the storm,gojira,https://i.scdn.co/image/ab67616d0000b27323cfe7bce4acab8e454f6883,https://open.spotify.com/album/7gcdyqfivj6w3ikziffiia,heavy-metal/into-the-storm-gojira.jpg
iowa,slipknot,https://i.scdn.co/image/ab67616d0000b273a62eefef8ee83d5e09aa8331,https://open.spotify.com/album/5zs0mncts73cqpkbzpwfx9,heavy-metal/iowa-slipknot.jpg
iron fist (deluxe edition),motörhead,https://i.scdn.co/image/ab67616d0000b273bbcf4c4800285008545b48f8,https://open.spotify.com/album/52mcdg2gkwlwbx0prhdejd,heavy-metal/iron-fist-(deluxe-edition)-motörhead.jpg
issues,korn,https://i.scdn.co/image/ab67616d0000b2731c229cb7c9851fb0c67e2af8,https://open.spotify.com/album/5u0peviotrpodsn8ysbcbh,heavy-metal/issues-korn.jpg
it’s electric,diamond-head,https://i.scdn.co/image/ab67616d0000b2738f5b795c2b11dd4f107aa150,https://open.spotify.com/album/1okyzgeyah4wbhrctrkqrs,heavy-metal/it’s-electric-diamond-head.jpg
ixnay on the hombre,the-offspring,https://i.scdn.co/image/ab67616d0000b273c43ebfa489f055cbdf92d2b2,https://open.spotify.com/album/2why7hymcehshnqpfetnev,heavy-metal/ixnay-on-the-hombre-the-offspring.jpg
jenseits der welt,unzucht,https://i.scdn.co/image/ab67616d0000b27325b20acf3733641370197a4d,https://open.spotify.com/album/5ovbjxfawdu5wuiu3rwo6s,heavy-metal/jenseits-der-welt-unzucht.jpg
jinnslammer,ignea,https://i.scdn.co/image/ab67616d0000b27383e8ca8fb6f7ffafecd1c491,https://open.spotify.com/album/6w3lq5tl5c3srkhojfg7n9,heavy-metal/jinnslammer-ignea.jpg
karma,corbian,https://i.scdn.co/image/ab67616d0000b273b80e404af74e11ae63a36c66,https://open.spotify.com/album/0rsjxcgpfukbrh1tiqvzf3,heavy-metal/karma-corbian.jpg
karma and effect,seether,https://i.scdn.co/image/ab67616d0000b273c66ad69a4c9fec63e6f49a3a,https://open.spotify.com/album/1c5xrwfzgdm0hz7kb035v3,heavy-metal/karma-and-effect-seether.jpg
"keeper of the seven keys, pt. ii (expanded edition)",helloween,https://i.scdn.co/image/ab67616d0000b2733ab4dc4b31ad6870b455ac80,https://open.spotify.com/album/0c00ibrtagw59osjug5qoo,"heavy-metal/keeper-of-the-seven-keys,-pt.-ii-(expanded-edition)-helloween.jpg"
kemper,until-the-dead-walk,https://i.scdn.co/image/ab67616d0000b273b97bef3e81d1200f8a1c5477,https://open.spotify.com/album/1psbycfcsh9rkutlhdcopp,heavy-metal/kemper-until-the-dead-walk.jpg
kill 'em all (remastered),metallica,https://i.scdn.co/image/ab67616d0000b27320292e6cce666a69ba5a86fb,https://open.spotify.com/album/0vnbqof86lv5gluf26ml7o,heavy-metal/kill-'em-all-(remastered)-metallica.jpg
killing season,seasons,https://i.scdn.co/image/ab67616d0000b27314f66b9eef0e44bf7fc7eeba,https://open.spotify.com/album/76lftsy3cdabuvw3aa1pjl,heavy-metal/killing-season-seasons.jpg
killing the dragon,dio,https://i.scdn.co/image/ab67616d0000b273cc1a446fc923bca9d4cb5277,https://open.spotify.com/album/2de1fhklj3o6bdkcjiwcj6,heavy-metal/killing-the-dragon-dio.jpg
king lazer,fallstar,https://i.scdn.co/image/ab67616d0000b273b0a879a74389bb554ebc1f87,https://open.spotify.com/album/1wraj6mqysezouiz8hcm8f,heavy-metal/king-lazer-fallstar.jpg
l'enfant sauvage (special edition),gojira,https://i.scdn.co/image/ab67616d0000b2733ac9158414ee0e4042ffc56d,https://open.spotify.com/album/5dxqd5kc6crri3rermdfxg,heavy-metal/l'enfant-sauvage-(special-edition)-gojira.jpg
l.d. 50,mudvayne,https://i.scdn.co/image/ab67616d0000b27380caf18e0ad32956cd798510,https://open.spotify.com/album/79cxlehm2we9nmircjaqk9,heavy-metal/l.d.-50-mudvayne.jpg
la leyenda de la mancha,mägo-de-oz,https://i.scdn.co/image/ab67616d0000b2732d53712ff7eb4d40d995a666,https://open.spotify.com/album/1da87nj7hlkdrah9zf5jp7,heavy-metal/la-leyenda-de-la-mancha-mägo-de-oz.jpg
la petite mort or a conversation with god,king-810,https://i.scdn.co/image/ab67616d0000b27381e81229b5437b5e98eb6205,https://open.spotify.com/album/0qk7ydmk5eacwy7ruwhgo2,heavy-metal/la-petite-mort-or-a-conversation-with-god-king-810.jpg
la sexorcisto: devil music volume 1,white-zombie,https://i.scdn.co/image/ab67616d0000b273a9bc1aa7e402c78ac5f2e61c,https://open.spotify.com/album/0hsrcjd8f3egcedexd0hol,heavy-metal/la-sexorcisto:-devil-music-volume-1-white-zombie.jpg
lamb of god,lamb-of-god,https://i.scdn.co/image/ab67616d0000b273760cfa7d1219fc065f5549a4,https://open.spotify.com/album/7febqoq6sxl4csqr6wttgy,heavy-metal/lamb-of-god-lamb-of-god.jpg
learn to walk again (acoustic),bad-wolves,https://i.scdn.co/image/ab67616d0000b2732e81341e5d763fbe74311899,https://open.spotify.com/album/6hsillkak2v2ljxxztilht,heavy-metal/learn-to-walk-again-(acoustic)-bad-wolves.jpg
led zeppelin iii (remaster),led-zeppelin,https://i.scdn.co/image/ab67616d0000b27390a50cfe99a4c19ff3cbfbdb,https://open.spotify.com/album/6p5qhz4xtxoms5euigiput,heavy-metal/led-zeppelin-iii-(remaster)-led-zeppelin.jpg
lest we forget - the best of,marilyn-manson,https://i.scdn.co/image/ab67616d0000b273eabdb4fe7c535b5f40171eb4,https://open.spotify.com/album/7fmotydqn9dixcy1ydrl4s,heavy-metal/lest-we-forget---the-best-of-marilyn-manson.jpg
let me fall apart,light-the-torch,https://i.scdn.co/image/ab67616d0000b2735f5cc0579958dd1faab37d4c,https://open.spotify.com/album/5h2d3sxmb6t6x888zwqmgp,heavy-metal/let-me-fall-apart-light-the-torch.jpg
let sleeping corpses lie,bloody-hammers,https://i.scdn.co/image/ab67616d0000b273e6e1e24fab861c220b683457,https://open.spotify.com/album/2dtyfmqqoxzqusx712bmog,heavy-metal/let-sleeping-corpses-lie-bloody-hammers.jpg
liebe ist für alle da,rammstein,https://i.scdn.co/image/ab67616d0000b273f35b533187d748e0e6f71f09,https://open.spotify.com/album/3pksjsyo1w4vapoenazm4z,heavy-metal/liebe-ist-für-alle-da-rammstein.jpg
life,dope,https://i.scdn.co/image/ab67616d0000b2731aa2474909c648492bcf27ce,https://open.spotify.com/album/7lrvswmuctijkvzqly4ybx,heavy-metal/life-dope.jpg
life starts now,three-days-grace,https://i.scdn.co/image/ab67616d0000b273bf55e4d8d4120679b13394af,https://open.spotify.com/album/0vv1zkshlm7wuaweup5mf4,heavy-metal/life-starts-now-three-days-grace.jpg
life's a bitch,accept,https://i.scdn.co/image/ab67616d0000b273742bba6660465c21ea67c840,https://open.spotify.com/album/6zlnessvqvwfrqksakfhjn,heavy-metal/life's-a-bitch-accept.jpg
lightning,british-lion,https://i.scdn.co/image/ab67616d0000b2733f9d7f729ebd64c5e7a635e2,https://open.spotify.com/album/4vvnwvghgoolhlmneiktnw,heavy-metal/lightning-british-lion.jpg
lights...camera...revolution,suicidal-tendencies,https://i.scdn.co/image/ab67616d0000b273d1886d236549fdbf0309b5ab,https://open.spotify.com/album/414joqufrq3k2qladdnxft,heavy-metal/lights...camera...revolution-suicidal-tendencies.jpg
live in moscow,lindemann,https://i.scdn.co/image/ab67616d0000b273ce62021af2de02f25c8bd279,https://open.spotify.com/album/0vhmdgu1qv6vffgv8ixnku,heavy-metal/live-in-moscow-lindemann.jpg
louder than hell,manowar,https://i.scdn.co/image/ab67616d0000b2736174dc91e30217e620a32013,https://open.spotify.com/album/6aw9jn8anzjpkzal2rb1iq,heavy-metal/louder-than-hell-manowar.jpg
lower self,thrown-into-exile,https://i.scdn.co/image/ab67616d0000b27337c59f0280b32dd047bdcf75,https://open.spotify.com/album/51tiousvppiemjdkpregky,heavy-metal/lower-self-thrown-into-exile.jpg
machine head (remastered),deep-purple,https://i.scdn.co/image/ab67616d0000b273a729c9c3dec04b99d889c66f,https://open.spotify.com/album/32nq56vzdtxsh3smv4xsgn,heavy-metal/machine-head-(remastered)-deep-purple.jpg
magica,dio,https://i.scdn.co/image/ab67616d0000b27394c706bf0fed72d89ad0226b,https://open.spotify.com/album/2e457eiug9l2rd1eawcrm4,heavy-metal/magica-dio.jpg
magma,gojira,https://i.scdn.co/image/ab67616d0000b273422c622517ea0bd7eda33e08,https://open.spotify.com/album/7d7v6m05uiotjldqbwrx0w,heavy-metal/magma-gojira.jpg
man and machine (anniversary edition),u.d.o.,https://i.scdn.co/image/ab67616d0000b273d75283b3d14ce023a358d438,https://open.spotify.com/album/7i7g8arufvjxlcwhsjowwj,heavy-metal/man-and-machine-(anniversary-edition)-u.d.o..jpg
mantis,half-me,https://i.scdn.co/image/ab67616d0000b273c22884a80278dec25710f858,https://open.spotify.com/album/40hijmzjikulfcgpfreuil,heavy-metal/mantis-half-me.jpg
masquerade of madness,king-diamond,https://i.scdn.co/image/ab67616d0000b273fbb6ce785633673c07e7b8c8,https://open.spotify.com/album/503tx3vuepx0zsrkz0zmnc,heavy-metal/masquerade-of-madness-king-diamond.jpg
master of puppets,metallica,https://i.scdn.co/image/ab67616d0000b2736976009675621c80cafa1ff5,https://open.spotify.com/album/41btjcsaiee4g40rvvhbux,heavy-metal/master-of-puppets-metallica.jpg
master of puppets (remastered),metallica,https://i.scdn.co/image/ab67616d0000b2732127e0afac383fb73d533a7d,https://open.spotify.com/album/5gzloflh95lkkye6xsxe9k,heavy-metal/master-of-puppets-(remastered)-metallica.jpg
master of reality (2009 remastered version),black-sabbath,https://i.scdn.co/image/ab67616d0000b273b7ec2b4b9c76b3b737990a42,https://open.spotify.com/album/3kbg6q0axkxzn01wktwzr5,heavy-metal/master-of-reality-(2009-remastered-version)-black-sabbath.jpg
master of reality (2014 remaster),black-sabbath,https://i.scdn.co/image/ab67616d0000b273c199494ba9ea2b73e9208f91,https://open.spotify.com/album/7pgb2cogvz6vlyazakoq7d,heavy-metal/master-of-reality-(2014-remaster)-black-sabbath.jpg
masters of war,amon-amarth,https://i.scdn.co/image/ab67616d0000b27349577baa6d847f685fc4262a,https://open.spotify.com/album/0w8qn4msycw0d8i98qizth,heavy-metal/masters-of-war-amon-amarth.jpg
me time,fiends,https://i.scdn.co/image/ab67616d0000b2732de41424e1000d34233b6cca,https://open.spotify.com/album/6gncgsbxk1a3qncptebhlm,heavy-metal/me-time-fiends.jpg
meantime,helmet,https://i.scdn.co/image/ab67616d0000b27393e84f299b0c963cc8d8acca,https://open.spotify.com/album/0u7asaf4js8eortjhewncj,heavy-metal/meantime-helmet.jpg
mechanical animals,marilyn-manson,https://i.scdn.co/image/ab67616d0000b27348f31f0d658ebfb9a049769e,https://open.spotify.com/album/69acumut0hbgosonmu4kns,heavy-metal/mechanical-animals-marilyn-manson.jpg
mellon collie and the infinite sadness (deluxe edition),the-smashing-pumpkins,https://i.scdn.co/image/ab67616d0000b273431ac6e6f393acf475730ec6,https://open.spotify.com/album/55rhfryqfihiygf61mgcfv,heavy-metal/mellon-collie-and-the-infinite-sadness-(deluxe-edition)-the-smashing-pumpkins.jpg
memento mori,lamb-of-god,https://i.scdn.co/image/ab67616d0000b27368d6aecdf7f4b2fcefc4335b,https://open.spotify.com/album/7jbx6oxyvmhsmazlhxchih,heavy-metal/memento-mori-lamb-of-god.jpg
metal division,mystic-prophecy,https://i.scdn.co/image/ab67616d0000b2734ef0fdee4fb2d6e6f1d5ac32,https://open.spotify.com/album/0cvq9qxju2qnlocsdrhrrr,heavy-metal/metal-division-mystic-prophecy.jpg
metal health,quiet-riot,https://i.scdn.co/image/ab67616d0000b27321fbdd09672c5f8bcfd66165,https://open.spotify.com/album/3q3rq8fk1e9fd9gv9xm3ck,heavy-metal/metal-health-quiet-riot.jpg
metallica,metallica,https://i.scdn.co/image/ab67616d0000b273cf84c5b276431b473e924802,https://open.spotify.com/album/2kh43m04b1ukvcpcra1zug,heavy-metal/metallica-metallica.jpg
meteora,linkin-park,https://i.scdn.co/image/ab67616d0000b273b4ad7ebaf4575f120eb3f193,https://open.spotify.com/album/4gfnly5czmjqqkuffohap3,heavy-metal/meteora-linkin-park.jpg
meteora (bonus edition),linkin-park,https://i.scdn.co/image/ab67616d0000b273ce4b724f4332773136067d8c,https://open.spotify.com/album/0y13vbgddq4azdvwakksal,heavy-metal/meteora-(bonus-edition)-linkin-park.jpg
mezmerize,system-of-a-down,https://i.scdn.co/image/ab67616d0000b273c65f8d04502eeddbdd61fa71,https://open.spotify.com/album/0cn6mhyx4yuzauab7pb66o,heavy-metal/mezmerize-system-of-a-down.jpg
mister hyde,mister-misery,https://i.scdn.co/image/ab67616d0000b2737bbac434de65d5028ee4aef1,https://open.spotify.com/album/6olcow7ens7po8mv5jiowe,heavy-metal/mister-hyde-mister-misery.jpg
monarch,soen,https://i.scdn.co/image/ab67616d0000b273045aedc4c1674717df7b6c95,https://open.spotify.com/album/5wd6xulvxyhvuxfq2wo3vy,heavy-metal/monarch-soen.jpg
moral collapse,a-suffocating-lie,https://i.scdn.co/image/ab67616d0000b273342015c3955c08ff9a0b521d,https://open.spotify.com/album/2eesltety5myi3atgvpoxv,heavy-metal/moral-collapse-a-suffocating-lie.jpg
motörizer,motörhead,https://i.scdn.co/image/ab67616d0000b2730aa97a19e954a23514d67dcd,https://open.spotify.com/album/35j1ggsssntwtoqnri18ht,heavy-metal/motörizer-motörhead.jpg
mutter,rammstein,https://i.scdn.co/image/ab67616d0000b27325d8b7c6feee0c8d6593d606,https://open.spotify.com/album/7ikuezl6xeagu6yt6yvly7,heavy-metal/mutter-rammstein.jpg
my midnight things,lizzy-borden,https://i.scdn.co/image/ab67616d0000b2733509494acf08e07b206b7606,https://open.spotify.com/album/74bijqijc2ichuwznkgsm3,heavy-metal/my-midnight-things-lizzy-borden.jpg
my own war,magnetic-storm,https://i.scdn.co/image/ab67616d0000b2737b7c6382e5dee1a7c95778bf,https://open.spotify.com/album/1v49ezcvprdqn1bhgxqi03,heavy-metal/my-own-war-magnetic-storm.jpg
my worst disease,acts-of-tragedy,https://i.scdn.co/image/ab67616d0000b273d34ee5618901680065edd6f3,https://open.spotify.com/album/6c2idpxvnbwm2db4techss,heavy-metal/my-worst-disease-acts-of-tragedy.jpg
nabbed in nebraska,anvil,https://i.scdn.co/image/ab67616d0000b2736d725cadfe38ce4143fdf897,https://open.spotify.com/album/1q7cgukencz0k2qpr9aiae,heavy-metal/nabbed-in-nebraska-anvil.jpg
nebel des nordens,flammenmeer,https://i.scdn.co/image/ab67616d0000b27369a70681b8feebc67275ca0d,https://open.spotify.com/album/3ouwzpxoanfgk9jmprkgmu,heavy-metal/nebel-des-nordens-flammenmeer.jpg
night rider,hellryder,https://i.scdn.co/image/ab67616d0000b273cb46adc0b066424ad6634dbe,https://open.spotify.com/album/1bhqnv1grh8s1mxj8oekf4,heavy-metal/night-rider-hellryder.jpg
nightmare,avenged-sevenfold,https://i.scdn.co/image/ab67616d0000b2738b4d1c3dadc474e4abf751db,https://open.spotify.com/album/7vfutrxiayjz5uc8sddntr,heavy-metal/nightmare-avenged-sevenfold.jpg
no more hollywood endings,battle-beast,https://i.scdn.co/image/ab67616d0000b273f0d55e973f83cbfe90dded16,https://open.spotify.com/album/7h4gpkbdqldm7jrtrnsnyo,heavy-metal/no-more-hollywood-endings-battle-beast.jpg
no more tears (expanded edition),ozzy-osbourne,https://i.scdn.co/image/ab67616d0000b273c2b61984b54ad58c8d6fdd19,https://open.spotify.com/album/6eh82ojicl8rsjf7gkyth7,heavy-metal/no-more-tears-(expanded-edition)-ozzy-osbourne.jpg
no more wasted days,lion-within-us,https://i.scdn.co/image/ab67616d0000b273d240e029bf1af22bd94710ff,https://open.spotify.com/album/4lym2m5mdjvehwglnzops5,heavy-metal/no-more-wasted-days-lion-within-us.jpg
no pain,reflected-shadow,https://i.scdn.co/image/ab67616d0000b273a47317bda51d6b18a6ee3177,https://open.spotify.com/album/1a03clinw7td4dmbyzstn2,heavy-metal/no-pain-reflected-shadow.jpg
no rest for the wicked (expanded edition),ozzy-osbourne,https://i.scdn.co/image/ab67616d0000b273a244765ef51b95519755ade6,https://open.spotify.com/album/0gkilbwcooxeb8d4arptez,heavy-metal/no-rest-for-the-wicked-(expanded-edition)-ozzy-osbourne.jpg
none are equal,hated,https://i.scdn.co/image/ab67616d0000b2731e940f82c28eb34fdc5b28c4,https://open.spotify.com/album/3lgaesilvtgts2eg0bzt9f,heavy-metal/none-are-equal-hated.jpg
nothing divine,hatred-city,https://i.scdn.co/image/ab67616d0000b2732fa5a46be4e8dd0864a46bce,https://open.spotify.com/album/5u5nrsj90tnwebw3ssjhbv,heavy-metal/nothing-divine-hatred-city.jpg
now the screaming starts,bloody-hammers,https://i.scdn.co/image/ab67616d0000b273bca8edd77040fe9957f6898e,https://open.spotify.com/album/4afu6ldo2fff1anlogbrc8,heavy-metal/now-the-screaming-starts-bloody-hammers.jpg
oblivion,stratovarius,https://i.scdn.co/image/ab67616d0000b273a616d7facb93e1843ca392d5,https://open.spotify.com/album/1q20gwigdf9fr7csme9vwh,heavy-metal/oblivion-stratovarius.jpg
odin's sons (feat. the queen of the damned),warkings,https://i.scdn.co/image/ab67616d0000b273fe8054d889449ba97e6add73,https://open.spotify.com/album/4frkjfypkcnkk7wfhvxtyi,heavy-metal/odin's-sons-(feat.-the-queen-of-the-damned)-warkings.jpg
omega,epica,https://i.scdn.co/image/ab67616d0000b2739c939252c5024c6584db122b,https://open.spotify.com/album/4hb5cbp4z9h9g1havara4q,heavy-metal/omega-epica.jpg
order of the black (amazon bonus track edition),black-label-society,https://i.scdn.co/image/ab67616d0000b27302d805cbe9c732204a390f08,https://open.spotify.com/album/7kr2vmwaehm5ypjskbl6sz,heavy-metal/order-of-the-black-(amazon-bonus-track-edition)-black-label-society.jpg
out of exile,audioslave,https://i.scdn.co/image/ab67616d0000b27307301dd5fedf5ad64cde4882,https://open.spotify.com/album/0hqhtoijonhnjrrpn4jeju,heavy-metal/out-of-exile-audioslave.jpg
out of my life,cyhra,https://i.scdn.co/image/ab67616d0000b2737227b0d3c6a3d016e100bfc0,https://open.spotify.com/album/5o0tzlnkpr2zw79vpf49ep,heavy-metal/out-of-my-life-cyhra.jpg
"out of sight, out of mind",cut-wide-open,https://i.scdn.co/image/ab67616d0000b273cfbd8da87c73bd237f512978,https://open.spotify.com/album/3rnxzmof2pfl2rsff5kq93,"heavy-metal/out-of-sight,-out-of-mind-cut-wide-open.jpg"
out of the blue,no-face-no-case,https://i.scdn.co/image/ab67616d0000b27320a26208c43086ec19bd0daa,https://open.spotify.com/album/4irn0jktgfj1v32hcu78qm,heavy-metal/out-of-the-blue-no-face-no-case.jpg
out of the cellar,ratt,https://i.scdn.co/image/ab67616d0000b2731eee199add98ba258d18fea4,https://open.spotify.com/album/6p3fqm7z9wr5geatpvz5ut,heavy-metal/out-of-the-cellar-ratt.jpg
outlaw gentlemen & shady ladies (deluxe version),volbeat,https://i.scdn.co/image/ab67616d0000b273b02528d256d89a06ea1cbf53,https://open.spotify.com/album/2as7yojemyny2lqhclyb7l,heavy-metal/outlaw-gentlemen-&-shady-ladies-(deluxe-version)-volbeat.jpg
overcome,all-that-remains,https://i.scdn.co/image/ab67616d0000b2738d0bac50ac43d247cbf139df,https://open.spotify.com/album/5idfe5seheaz9uyv9fsku1,heavy-metal/overcome-all-that-remains.jpg
overkill (deluxe edition),motörhead,https://i.scdn.co/image/ab67616d0000b27358a67ffd3a28d3fd4445546c,https://open.spotify.com/album/3xqjags3zk0wqplg6qdb50,heavy-metal/overkill-(deluxe-edition)-motörhead.jpg
ozzmosis (expanded edition),ozzy-osbourne,https://i.scdn.co/image/ab67616d0000b2731c06588e25004be37447a4e9,https://open.spotify.com/album/5m8fj0thhte4cbgjtdf6s9,heavy-metal/ozzmosis-(expanded-edition)-ozzy-osbourne.jpg
painkiller,judas-priest,https://i.scdn.co/image/ab67616d0000b27360db4ca924d17bc6754e89aa,https://open.spotify.com/album/7lgrhuknaxpnev8qzcvd2t,heavy-metal/painkiller-judas-priest.jpg
paint the sky with blood,bodom-after-midnight,https://i.scdn.co/image/ab67616d0000b2737527a139d084896334d34a50,https://open.spotify.com/album/6tmci01byetkkngzhuzfue,heavy-metal/paint-the-sky-with-blood-bodom-after-midnight.jpg
paralyzed,"brian-""head""-welch",https://i.scdn.co/image/ab67616d0000b2732e0db7e03f59cc7c6dfdd2bd,https://open.spotify.com/album/13u8ivuncytm66r7pidqwm,"heavy-metal/paralyzed-brian-""head""-welch.jpg"
paranoid (2009 remastered version),black-sabbath,https://i.scdn.co/image/ab67616d0000b2739683e5d7361bb80bfb00f46d,https://open.spotify.com/album/132qao1cdiejda3fv4xynk,heavy-metal/paranoid-(2009-remastered-version)-black-sabbath.jpg
paranoid (remaster),black-sabbath,https://i.scdn.co/image/ab67616d0000b273d5fccf9ce08b6a1e7d12a222,https://open.spotify.com/album/6r7lzxavues5dqdrvxjjk7,heavy-metal/paranoid-(remaster)-black-sabbath.jpg
paris green,ire,https://i.scdn.co/image/ab67616d0000b2739a3ddda1da1e91d7a0c7884b,https://open.spotify.com/album/1wvda9owjksi2ya3tyvijl,heavy-metal/paris-green-ire.jpg
party in my head,pain,https://i.scdn.co/image/ab67616d0000b2734e4748bda16b21489b1b5f4c,https://open.spotify.com/album/7yimd6l7nvebdwgjfimxup,heavy-metal/party-in-my-head-pain.jpg
"past, present & future",rob-zombie,https://i.scdn.co/image/ab67616d0000b2737375f246747aaf6e265ceb78,https://open.spotify.com/album/3rjfikrsihb7wq1l6kodez,"heavy-metal/past,-present-&-future-rob-zombie.jpg"
peace sells...but who's buying (25th anniversary),megadeth,https://i.scdn.co/image/ab67616d0000b2730f783e735d0f43f071109a90,https://open.spotify.com/album/4pqsk2ibhnsyqk0ecxjs9k,heavy-metal/peace-sells...but-who's-buying-(25th-anniversary)-megadeth.jpg
peacemaker,texas-hippie-coalition,https://i.scdn.co/image/ab67616d0000b2737b218ea918cf9eb9485fefcb,https://open.spotify.com/album/3lvjuf923xbvaljudje4r4,heavy-metal/peacemaker-texas-hippie-coalition.jpg
phantom antichrist,kreator,https://i.scdn.co/image/ab67616d0000b2736b1107a7116dd778ae7d9d47,https://open.spotify.com/album/3hu1platvyikg8xgte6awc,heavy-metal/phantom-antichrist-kreator.jpg
picante gigante,brickhaven,https://i.scdn.co/image/ab67616d0000b2730edf638dd268bd7df7ab06fc,https://open.spotify.com/album/51t0uezfgchqt8tzmz8s8p,heavy-metal/picante-gigante-brickhaven.jpg
piece of mind (1998 remastered edition),iron-maiden,https://i.scdn.co/image/ab67616d0000b273a492203c6bb696640e89665b,https://open.spotify.com/album/3dfafh33anku65qm8ips54,heavy-metal/piece-of-mind-(1998-remastered-edition)-iron-maiden.jpg
piece of mind (2015 - remaster),iron-maiden,https://i.scdn.co/image/ab67616d0000b273291b0e8f1a74c2bc9f9d3110,https://open.spotify.com/album/6ivspex7uohpwpoyzeymvm,heavy-metal/piece-of-mind-(2015---remaster)-iron-maiden.jpg
piece of mind (2015 remaster),iron-maiden,https://i.scdn.co/image/ab67616d0000b2732277d1a849a63c7075ec38ff,https://open.spotify.com/album/7i9wh2igvi3nnr8z1zswby,heavy-metal/piece-of-mind-(2015-remaster)-iron-maiden.jpg
powerslave (2015 - remaster),iron-maiden,https://i.scdn.co/image/ab67616d0000b2731d1c06264e831e73c34e1788,https://open.spotify.com/album/2hpwtarpyl0iu3ljri5v2z,heavy-metal/powerslave-(2015---remaster)-iron-maiden.jpg
practice what you preach,testament,https://i.scdn.co/image/ab67616d0000b273ba318cd383b7eaf1dda1f533,https://open.spotify.com/album/7lnebg16ep03ifo5wutq52,heavy-metal/practice-what-you-preach-testament.jpg
predator / prey,traditions,https://i.scdn.co/image/ab67616d0000b2736c590c2113327dde113a307b,https://open.spotify.com/album/4yfvkg6vrtpudoxeitffb6,heavy-metal/predator---prey-traditions.jpg
presence of mind,dynazty,https://i.scdn.co/image/ab67616d0000b273edfc625def50f1f348a843c2,https://open.spotify.com/album/4j3axvu1zusav9flhjvtxd,heavy-metal/presence-of-mind-dynazty.jpg
primal rage,sister,https://i.scdn.co/image/ab67616d0000b273ef0e3d1a1218a9de8bb3d2e8,https://open.spotify.com/album/5ifnrm8vnhd0fqgiubvgx6,heavy-metal/primal-rage-sister.jpg
prophecy,riseup,https://i.scdn.co/image/ab67616d0000b27304eaef2a65bba37d6ca2bf48,https://open.spotify.com/album/326yvliyi1gme7srvvnizc,heavy-metal/prophecy-riseup.jpg
prove me wrong,dee-snider,https://i.scdn.co/image/ab67616d0000b273d8b8b6847f55ed79789bc385,https://open.spotify.com/album/3etxhmjmq4akfulz4bneb9,heavy-metal/prove-me-wrong-dee-snider.jpg
punish you,arion,https://i.scdn.co/image/ab67616d0000b2734a8d3d705ddbb2c4b1ab865c,https://open.spotify.com/album/0lshuy7mylv7nkcs8rpd9v,heavy-metal/punish-you-arion.jpg
pushing the envelope,bashdown,https://i.scdn.co/image/ab67616d0000b27319287b9ca6f242c634a65346,https://open.spotify.com/album/33rd3g8y5opd8bdqv7hok5,heavy-metal/pushing-the-envelope-bashdown.jpg
pyromania (deluxe),def-leppard,https://i.scdn.co/image/ab67616d0000b273e2f2b9cb0c0007d9b990e5e7,https://open.spotify.com/album/56mi9wrjlguogsnppeeuko,heavy-metal/pyromania-(deluxe)-def-leppard.jpg
rammstein,rammstein,https://i.scdn.co/image/ab67616d0000b27302add2c77fb6999e311a3248,https://open.spotify.com/album/1loyjqvhplhe3fccs8juek,heavy-metal/rammstein-rammstein.jpg
reinventing the steel - 20th anniversary deluxe edition,pantera,https://i.scdn.co/image/ab67616d0000b27362742293cb15ec85e9144585,https://open.spotify.com/album/2nhnrmeayyt111lqj6om4l,heavy-metal/reinventing-the-steel---20th-anniversary-deluxe-edition-pantera.jpg
release me,enemy-inside,https://i.scdn.co/image/ab67616d0000b273c38ef4cfeeea3a182450dcf3,https://open.spotify.com/album/1ep2iuwo9hm2ikarizwh7l,heavy-metal/release-me-enemy-inside.jpg
reload,metallica,https://i.scdn.co/image/ab67616d0000b273a49eff6d64cafc2551553380,https://open.spotify.com/album/7kdqrmr937ylvgilpgwxfd,heavy-metal/reload-metallica.jpg
resolution (exclusive edition),lamb-of-god,https://i.scdn.co/image/ab67616d0000b2730d3c16da0e6348f35a219ad6,https://open.spotify.com/album/4zimcfnsgvmoiavjhzcpmk,heavy-metal/resolution-(exclusive-edition)-lamb-of-god.jpg
results may vary,limp-bizkit,https://i.scdn.co/image/ab67616d0000b27344971d48c21dbd132f2d506e,https://open.spotify.com/album/3ouoq0uh7rv06x1kpsjs36,heavy-metal/results-may-vary-limp-bizkit.jpg
rev-raptor,u.d.o.,https://i.scdn.co/image/ab67616d0000b273961ecdeab4d853e2fcba813e,https://open.spotify.com/album/7m70bzlqqbsdrhpr6wcj3y,heavy-metal/rev-raptor-u.d.o..jpg
revenge,steelshooter,https://i.scdn.co/image/ab67616d0000b27372365829626833a981235247,https://open.spotify.com/album/6feazjdf5wnp3w24ujza4u,heavy-metal/revenge-steelshooter.jpg
revolution,rvnge,https://i.scdn.co/image/ab67616d0000b2734365a663c3a68f88ff5bf21d,https://open.spotify.com/album/4gokbknjgkbnvk0ke04td7,heavy-metal/revolution-rvnge.jpg
ride on the wild side,running-wild,https://i.scdn.co/image/ab67616d0000b2730cc619ec631e67ec4559f38a,https://open.spotify.com/album/4wchmesmqquzgiti2ikltc,heavy-metal/ride-on-the-wild-side-running-wild.jpg
ride the lightning (remastered),metallica,https://i.scdn.co/image/ab67616d0000b273b09e5084136821bf64d327f4,https://open.spotify.com/album/1ntviqexvygqsiqc2vuwaz,heavy-metal/ride-the-lightning-(remastered)-metallica.jpg
rise of the dragon empire,bloodbound,https://i.scdn.co/image/ab67616d0000b273bf613890981124f8b18b21b7,https://open.spotify.com/album/2efhdhrbnvo4zt4rnohodr,heavy-metal/rise-of-the-dragon-empire-bloodbound.jpg
rising fire,firewind,https://i.scdn.co/image/ab67616d0000b2735a51887602396179062bb297,https://open.spotify.com/album/4ggtbctbf80l1pnvhgjxnx,heavy-metal/rising-fire-firewind.jpg
rize,fear-until-fury,https://i.scdn.co/image/ab67616d0000b27336eb35c739565dfd80a7544a,https://open.spotify.com/album/4eye9juxczva4lxgl0jdpf,heavy-metal/rize-fear-until-fury.jpg
rust in peace,megadeth,https://i.scdn.co/image/ab67616d0000b273be9fa5a89479b6af481938a0,https://open.spotify.com/album/0qall09etf1hiuis7prvaj,heavy-metal/rust-in-peace-megadeth.jpg
sacrament,unfound-reliance,https://i.scdn.co/image/ab67616d0000b2733937704b1410cd7ead0de8eb,https://open.spotify.com/album/5vo6oltztxy6voxrb74wg6,heavy-metal/sacrament-unfound-reliance.jpg
sacrosanct,the-last-king,https://i.scdn.co/image/ab67616d0000b27314f1a5dcabd965e03627bd34,https://open.spotify.com/album/0jwqlymkes7ustdyf8qnkk,heavy-metal/sacrosanct-the-last-king.jpg
satellite (u.s. version; wea distribution),p.o.d.,https://i.scdn.co/image/ab67616d0000b27395741aa186187b05e0653245,https://open.spotify.com/album/4eumncmyqrg0ot29kkqbuk,heavy-metal/satellite-(u.s.-version;-wea-distribution)-p.o.d..jpg
saturday night (hallelujah),eclipse,https://i.scdn.co/image/ab67616d0000b273a4e10845ef5592392fc7c5bb,https://open.spotify.com/album/12owtj1bv116awav3drwmk,heavy-metal/saturday-night-(hallelujah)-eclipse.jpg
scared to death,black-elder,https://i.scdn.co/image/ab67616d0000b273e81eda3e45f03ba20c4d2b72,https://open.spotify.com/album/4sb3ykt1asyk24fwzon3gt,heavy-metal/scared-to-death-black-elder.jpg
scream aim fire deluxe edition,bullet-for-my-valentine,https://i.scdn.co/image/ab67616d0000b273ecebfe90550c152e3c9008ae,https://open.spotify.com/album/4rmemba5eugmkqzn9mhpdp,heavy-metal/scream-aim-fire-deluxe-edition-bullet-for-my-valentine.jpg
seal the deal & let's boogie (deluxe),volbeat,https://i.scdn.co/image/ab67616d0000b27356a30f800f0c513effd69593,https://open.spotify.com/album/6h302sabu6hs5o9wwikjms,heavy-metal/seal-the-deal-&-let's-boogie-(deluxe)-volbeat.jpg
see you on the other side,korn,https://i.scdn.co/image/ab67616d0000b2731c5b1ca14c87e31ffb3b095a,https://open.spotify.com/album/61iafzngw0bgatiyhjpijp,heavy-metal/see-you-on-the-other-side-korn.jpg
seether: 2002-2013,seether,https://i.scdn.co/image/ab67616d0000b273ceb9f8b856834df3a0f7eb20,https://open.spotify.com/album/5xzzclpg7uimeaojimdonl,heavy-metal/seether:-2002-2013-seether.jpg
sehnsucht,rammstein,https://i.scdn.co/image/ab67616d0000b27354cd52e1249f6a97d8f2ddc9,https://open.spotify.com/album/6f4dhapfzqf2jxewave4gq,heavy-metal/sehnsucht-rammstein.jpg
serenity,sunfall,https://i.scdn.co/image/ab67616d0000b2731dce3d0c28f031ba00a722d5,https://open.spotify.com/album/05egl4menefa5dbltxxcc1,heavy-metal/serenity-sunfall.jpg
serpentine,pretty-maids,https://i.scdn.co/image/ab67616d0000b273c1050545b2e90e613b0de757,https://open.spotify.com/album/1qimvm6njipaazcgemcdlv,heavy-metal/serpentine-pretty-maids.jpg
shake the baby silent,lordi,https://i.scdn.co/image/ab67616d0000b273046b9710848b8d9020774e36,https://open.spotify.com/album/3ntll9a4xgvtqxj0omprqo,heavy-metal/shake-the-baby-silent-lordi.jpg
shallow grave,left-iv-dead,https://i.scdn.co/image/ab67616d0000b273237c83abcfe78429ae8f9876,https://open.spotify.com/album/7ftytuxtpdta6yoaiixfeq,heavy-metal/shallow-grave-left-iv-dead.jpg
shaped by fire,as-i-lay-dying,https://i.scdn.co/image/ab67616d0000b273295d007ee933925e21f280c7,https://open.spotify.com/album/2xgpewrkaozssrnhbx64ww,heavy-metal/shaped-by-fire-as-i-lay-dying.jpg
shogun (special edition),trivium,https://i.scdn.co/image/ab67616d0000b2733430fce63b30bd5bff150eec,https://open.spotify.com/album/0kixzvzbfuuf5kxm8us67m,heavy-metal/shogun-(special-edition)-trivium.jpg
shout at the devil,mötley-crüe,https://i.scdn.co/image/ab67616d0000b273564f5c31c0934c883838ee77,https://open.spotify.com/album/2bci4oj05siqoowwbquqjt,heavy-metal/shout-at-the-devil-mötley-crüe.jpg
significant other,limp-bizkit,https://i.scdn.co/image/ab67616d0000b2733783782de74f61e36795bf9c,https://open.spotify.com/album/3hccuarsjhsfoe4fqe0bip,heavy-metal/significant-other-limp-bizkit.jpg
sinner,drowning-pool,https://i.scdn.co/image/ab67616d0000b27326d45b50f2016fed43d54320,https://open.spotify.com/album/089oyv5caclve3ap934irw,heavy-metal/sinner-drowning-pool.jpg
sixteen stone (remastered),bush,https://i.scdn.co/image/ab67616d0000b273b915466e715e0bf6c3da35a1,https://open.spotify.com/album/5ijm0bosquebliynzjkv2y,heavy-metal/sixteen-stone-(remastered)-bush.jpg
slave to the machine,liv-sin,https://i.scdn.co/image/ab67616d0000b273694f8b6bfbbbc85334fb4008,https://open.spotify.com/album/7caykezilsn3uiogm5nrpo,heavy-metal/slave-to-the-machine-liv-sin.jpg
slipknot,slipknot,https://i.scdn.co/image/ab67616d0000b27349de1b4acdde02e84c6023b7,https://open.spotify.com/album/5lofvowady9g6p44norilu,heavy-metal/slipknot-slipknot.jpg
slipknot (10th anniversary edition),slipknot,https://i.scdn.co/image/ab67616d0000b273baf04a1d30db6ac9de26da7d,https://open.spotify.com/album/2dl9q5ativ4rw1l6lkciuc,heavy-metal/slipknot-(10th-anniversary-edition)-slipknot.jpg
slippery when wet,bon-jovi,https://i.scdn.co/image/ab67616d0000b273a82359c9fefa599be35017b1,https://open.spotify.com/album/3gorszp3xsbkn1ymrnonp1,heavy-metal/slippery-when-wet-bon-jovi.jpg
smash [remastered],the-offspring,https://i.scdn.co/image/ab67616d0000b2736e30efe058cc7a7cfe8bc9b0,https://open.spotify.com/album/1o2ly3o2uypvdwq7utpgoa,heavy-metal/smash-[remastered]-the-offspring.jpg
smells like children,marilyn-manson,https://i.scdn.co/image/ab67616d0000b273e79c8fbf147c2875a2542993,https://open.spotify.com/album/5xiqm9s9v3xl03xxmimpeb,heavy-metal/smells-like-children-marilyn-manson.jpg
souleater,iron-savior,https://i.scdn.co/image/ab67616d0000b27350811101f6a0a21d8c896360,https://open.spotify.com/album/0odsfbzlun9tlasymarcu6,heavy-metal/souleater-iron-savior.jpg
south of heaven,slayer,https://i.scdn.co/image/ab67616d0000b273a25ebc4b4991da69520f07cd,https://open.spotify.com/album/10vr3qhvu4zafbt3xmmoai,heavy-metal/south-of-heaven-slayer.jpg
spreading the disease,anthrax,https://i.scdn.co/image/ab67616d0000b273e9820d9824c4a3b2ffc941bd,https://open.spotify.com/album/6cxoxhhgrg5ciccdqmhkzp,heavy-metal/spreading-the-disease-anthrax.jpg
stadium arcadium,red-hot-chili-peppers,https://i.scdn.co/image/ab67616d0000b27309fd83d32aee93dceba78517,https://open.spotify.com/album/7xl50xr9ndkd3i2kbbzsnz,heavy-metal/stadium-arcadium-red-hot-chili-peppers.jpg
stay hungry,twisted-sister,https://i.scdn.co/image/ab67616d0000b2733469ef94acfa666fde83dec5,https://open.spotify.com/album/0dzqapitoiohulgvzdkpxm,heavy-metal/stay-hungry-twisted-sister.jpg
steelfactory,u.d.o.,https://i.scdn.co/image/ab67616d0000b27376ecb142e264cc05c4ea7976,https://open.spotify.com/album/5wqcc9wbwalmy7fz7iekqp,heavy-metal/steelfactory-u.d.o..jpg
straight from the barrio,upon-a-burning-body,https://i.scdn.co/image/ab67616d0000b273ad6378fff096350aaffbaf09,https://open.spotify.com/album/7ge55bnevtspqi971nbvsp,heavy-metal/straight-from-the-barrio-upon-a-burning-body.jpg
straight out of hell (remastered 2020),helloween,https://i.scdn.co/image/ab67616d0000b273ea9959c63fba652eb4be5543,https://open.spotify.com/album/7bd7l7lyzqzomblcxdvyhe,heavy-metal/straight-out-of-hell-(remastered-2020)-helloween.jpg
straight shot,this-is-falling,https://i.scdn.co/image/ab67616d0000b273cef16491d5ba1303f3169dc6,https://open.spotify.com/album/5eoz9odxzffnrssndrzmcb,heavy-metal/straight-shot-this-is-falling.jpg
straight to hell,ozzy-osbourne,https://i.scdn.co/image/ab67616d0000b2738d7332ab7e9fb27288a4733c,https://open.spotify.com/album/621f68td6k8azl9fuqgxjt,heavy-metal/straight-to-hell-ozzy-osbourne.jpg
sweet true lies,beast-in-black,https://i.scdn.co/image/ab67616d0000b273a13935ba1319034dba2091ff,https://open.spotify.com/album/1mdhpzsgzhlfcmtkjptqx3,heavy-metal/sweet-true-lies-beast-in-black.jpg
system of a down,system-of-a-down,https://i.scdn.co/image/ab67616d0000b2732dc63e977bd5101072adcef6,https://open.spotify.com/album/3ssfjx4fhzonjyz10x0l0f,heavy-metal/system-of-a-down-system-of-a-down.jpg
take a look in the mirror,korn,https://i.scdn.co/image/ab67616d0000b2731db105273d8af0e255e491ec,https://open.spotify.com/album/3487oybtnrl82qa6tfywco,heavy-metal/take-a-look-in-the-mirror-korn.jpg
tempo of the damned,exodus,https://i.scdn.co/image/ab67616d0000b273378c4ee63d4511e43d0398b8,https://open.spotify.com/album/3snpwtcv7xv9cixck0ppqp,heavy-metal/tempo-of-the-damned-exodus.jpg
ten thousand fists,disturbed,https://i.scdn.co/image/ab67616d0000b2739ed426cd696d9bfc8215fff6,https://open.spotify.com/album/0te7ovzuumnbsqcneidum6,heavy-metal/ten-thousand-fists-disturbed.jpg
teutonic order,herman-frank,https://i.scdn.co/image/ab67616d0000b2731d5254aa4dd361489d55166a,https://open.spotify.com/album/2jvuk8vgisdeblmrjin1ln,heavy-metal/teutonic-order-herman-frank.jpg
the abysswalker,detestor,https://i.scdn.co/image/ab67616d0000b273dc4f590cf312d5bde36d7a39,https://open.spotify.com/album/3kcsubtzasxecxodpl56sg,heavy-metal/the-abysswalker-detestor.jpg
the blessed hellride,black-label-society,https://i.scdn.co/image/ab67616d0000b273f99e29660d585bfcfa75346a,https://open.spotify.com/album/2ao7lfxxz1nhfcjietaxho,heavy-metal/the-blessed-hellride-black-label-society.jpg
the culture,traditions,https://i.scdn.co/image/ab67616d0000b273ea43bd8e91102877e116fcec,https://open.spotify.com/album/4bd7aytdslq44di1uopmbn,heavy-metal/the-culture-traditions.jpg
the empress,ten-thousand-crows,https://i.scdn.co/image/ab67616d0000b273234fdd44958e3452e66f0277,https://open.spotify.com/album/0adf2juuiorciqc1a7ynz0,heavy-metal/the-empress-ten-thousand-crows.jpg
the fairies dance,tungsten,https://i.scdn.co/image/ab67616d0000b2738e3f5ac2c30fadf5e184041b,https://open.spotify.com/album/1sdce2sl6vbpr3mkhnoalb,heavy-metal/the-fairies-dance-tungsten.jpg
the fall of ideals,all-that-remains,https://i.scdn.co/image/ab67616d0000b2737819a67c8d2e62e4dffc93f3,https://open.spotify.com/album/5lflbrrskgrczyq7avbj5a,heavy-metal/the-fall-of-ideals-all-that-remains.jpg
the final countdown (expanded edition),europe,https://i.scdn.co/image/ab67616d0000b2732d925cec3072ed1b74e5188f,https://open.spotify.com/album/5jkd47jeacu1g4dcgbnhm3,heavy-metal/the-final-countdown-(expanded-edition)-europe.jpg
the gathering,testament,https://i.scdn.co/image/ab67616d0000b273f1897a3debc7d085fcaa901c,https://open.spotify.com/album/0dygfouaeruldwrodoor6j,heavy-metal/the-gathering-testament.jpg
the god machine,steel-prophet,https://i.scdn.co/image/ab67616d0000b273cc436ddf463ddbf3a65a169b,https://open.spotify.com/album/2ogisomk2lsnosvygp0cpt,heavy-metal/the-god-machine-steel-prophet.jpg
the great southern trendkill (20th anniversary edition),pantera,https://i.scdn.co/image/ab67616d0000b273bc4cd0d053747ad4dc21704e,https://open.spotify.com/album/58hjav7ttjcnosxqew5rod,heavy-metal/the-great-southern-trendkill-(20th-anniversary-edition)-pantera.jpg
the great war,sabaton,https://i.scdn.co/image/ab67616d0000b273b37a2bb117c7ae30ee77b6bd,https://open.spotify.com/album/7ftcdx4cole3hr2vbv7411,heavy-metal/the-great-war-sabaton.jpg
the inevitable end,manimal,https://i.scdn.co/image/ab67616d0000b2734206e934617dca3ee39e5fa8,https://open.spotify.com/album/14ncqnpobt32m822qaycsi,heavy-metal/the-inevitable-end-manimal.jpg
the last command,w.a.s.p.,https://i.scdn.co/image/ab67616d0000b273e41efa8d919a031a44d88ca5,https://open.spotify.com/album/6ace7b9ybdf3sd3zbdk4yo,heavy-metal/the-last-command-w.a.s.p..jpg
the last kind words,devildriver,https://i.scdn.co/image/ab67616d0000b27354c23bfd496f8df1e0c597ea,https://open.spotify.com/album/6mkj7ihld9pebsk09okg1t,heavy-metal/the-last-kind-words-devildriver.jpg
the link,gojira,https://i.scdn.co/image/ab67616d0000b27373e6c345dcf8c9f561b3692e,https://open.spotify.com/album/2p6yoaajmijmmqpmhxy1qt,heavy-metal/the-link-gojira.jpg
the map of flesh,trenchworm,https://i.scdn.co/image/ab67616d0000b273f17d5c3b00c69bd2b2d47cfd,https://open.spotify.com/album/6j4pyzxdgr0upg6cndace2,heavy-metal/the-map-of-flesh-trenchworm.jpg
the moon,ten-thousand-crows,https://i.scdn.co/image/ab67616d0000b27391a7fc602f3f59258453d2df,https://open.spotify.com/album/7dvimhxmdr8omzgojijyil,heavy-metal/the-moon-ten-thousand-crows.jpg
the number of the beast (2015 - remaster),iron-maiden,https://i.scdn.co/image/ab67616d0000b273312f2e71ea2ffd2d6bae1c90,https://open.spotify.com/album/33d72n71hl9bxwt4zacquy,heavy-metal/the-number-of-the-beast-(2015---remaster)-iron-maiden.jpg
the only thing they fear is you,de8ed,https://i.scdn.co/image/ab67616d0000b27389a88241dbbdb8ce1b102a6b,https://open.spotify.com/album/3jwtnarflxx4vwj6brth7a,heavy-metal/the-only-thing-they-fear-is-you-de8ed.jpg
the open door,evanescence,https://i.scdn.co/image/ab67616d0000b2737b8aabae10ab5bbe7c7f11c5,https://open.spotify.com/album/3lfq9ihsnr5yd0yi0ytzdc,heavy-metal/the-open-door-evanescence.jpg
the oracle (deluxe edition),godsmack,https://i.scdn.co/image/ab67616d0000b273b43a15c506be1d7ea9f0caa0,https://open.spotify.com/album/6yowkkrlpmuwoc5ynduleq,heavy-metal/the-oracle-(deluxe-edition)-godsmack.jpg
the pendulum,candlemass,https://i.scdn.co/image/ab67616d0000b273d08fca8fb738cb4381e25035,https://open.spotify.com/album/5zyq4y09os3ssfvbymugpb,heavy-metal/the-pendulum-candlemass.jpg
the reckoning,laurenne---louhimo,https://i.scdn.co/image/ab67616d0000b273f4e5c300094150d58fd36ba3,https://open.spotify.com/album/10alpulnkn9l4owud42m5v,heavy-metal/the-reckoning-laurenne---louhimo.jpg
the rise of chaos,accept,https://i.scdn.co/image/ab67616d0000b273aee495c22f14e75cecfa217f,https://open.spotify.com/album/1kzfp9urlnffcn3h0mrofo,heavy-metal/the-rise-of-chaos-accept.jpg
the royal guard,sabaton,https://i.scdn.co/image/ab67616d0000b27377f5109af7d43dfa7e9078e0,https://open.spotify.com/album/66mqursicmrueri5esinje,heavy-metal/the-royal-guard-sabaton.jpg
the sauce,zoume,https://i.scdn.co/image/ab67616d0000b273642705b2ca0eb7eeea352964,https://open.spotify.com/album/3ryngca1stdmgwwamwoa2k,heavy-metal/the-sauce-zoume.jpg
the sickness,disturbed,https://i.scdn.co/image/ab67616d0000b2732b222dcd5c4fcac7c0e81da2,https://open.spotify.com/album/6ivosvcidoq9napakwhtly,heavy-metal/the-sickness-disturbed.jpg
the sickness (10th anniversary edition),disturbed,https://i.scdn.co/image/ab67616d0000b27394a42e7b21b0fab4f4773db2,https://open.spotify.com/album/07w0hgs9xudfspbvdhy16y,heavy-metal/the-sickness-(10th-anniversary-edition)-disturbed.jpg
the sin and the sentence,trivium,https://i.scdn.co/image/ab67616d0000b27349297ff523b7098a50195711,https://open.spotify.com/album/3qq44o8qqvz5jq7b5aevlt,heavy-metal/the-sin-and-the-sentence-trivium.jpg
the sinister urge,rob-zombie,https://i.scdn.co/image/ab67616d0000b2731d624949c965172774b98178,https://open.spotify.com/album/2exoclfwyexzkxk0ea180i,heavy-metal/the-sinister-urge-rob-zombie.jpg
the sins of our fathers,mud-factory,https://i.scdn.co/image/ab67616d0000b2733c4665459e3ca93300d6c972,https://open.spotify.com/album/74ulag7vqgpmqup7p6vnfr,heavy-metal/the-sins-of-our-fathers-mud-factory.jpg
the storm inside,calibre,https://i.scdn.co/image/ab67616d0000b273f1a00218f524db44cabde4fb,https://open.spotify.com/album/4gdbssdw3lrgdlhua58a6w,heavy-metal/the-storm-inside-calibre.jpg
the ultimate collection,black-sabbath,https://i.scdn.co/image/ab67616d0000b27343f594be3179178ce058786f,https://open.spotify.com/album/6tcpqftscgmr0aegib43vv,heavy-metal/the-ultimate-collection-black-sabbath.jpg
the undertaker,accept,https://i.scdn.co/image/ab67616d0000b2733bb331ad475c2c074a24cc39,https://open.spotify.com/album/2ik9ockbxrseyslsd6faid,heavy-metal/the-undertaker-accept.jpg
the universal constant,oceanis,https://i.scdn.co/image/ab67616d0000b27389ae8df8dae34ff6a00a5d0f,https://open.spotify.com/album/3rwge97iocea2ybjlxbw3y,heavy-metal/the-universal-constant-oceanis.jpg
the way of the fist,five-finger-death-punch,https://i.scdn.co/image/ab67616d0000b2732451bb3248238cd835906aae,https://open.spotify.com/album/5wkuwwylzwsjawmcrxhcdj,heavy-metal/the-way-of-the-fist-five-finger-death-punch.jpg
the witch of the north,burning-witches,https://i.scdn.co/image/ab67616d0000b273d7e473ff29e4c76f98fcc462,https://open.spotify.com/album/1p6qvxbulcqjrvzpwopgkx,heavy-metal/the-witch-of-the-north-burning-witches.jpg
the wolf you feed,eye-of-the-destroyer,https://i.scdn.co/image/ab67616d0000b2732b55dbf5cd57ed75e2a29bd1,https://open.spotify.com/album/1hb62s5gxnb7liso2qccgv,heavy-metal/the-wolf-you-feed-eye-of-the-destroyer.jpg
the world is burning,ember-falls,https://i.scdn.co/image/ab67616d0000b273e5af83ba46dd9cfa3380b9a6,https://open.spotify.com/album/73meqygfkwrue4aixma3lf,heavy-metal/the-world-is-burning-ember-falls.jpg
the world is ours,upon-a-burning-body,https://i.scdn.co/image/ab67616d0000b27315a32abdc236794cb13ed717,https://open.spotify.com/album/6whwedqvtjw005k8andyj9,heavy-metal/the-world-is-ours-upon-a-burning-body.jpg
the worst of it,the-last-king,https://i.scdn.co/image/ab67616d0000b273b62b86cac74f1fb57e0ef817,https://open.spotify.com/album/6xqxse7bwgxqiz23duit3w,heavy-metal/the-worst-of-it-the-last-king.jpg
"the wrong side of heaven and the righteous side of hell, vol. 1 (deluxe edition)",five-finger-death-punch,https://i.scdn.co/image/ab67616d0000b273d7ad34895b112bcbfbe760f3,https://open.spotify.com/album/1qfm8yhh28bgs3e8hutsqw,"heavy-metal/the-wrong-side-of-heaven-and-the-righteous-side-of-hell,-vol.-1-(deluxe-edition)-five-finger-death-punch.jpg"
three days grace,three-days-grace,https://i.scdn.co/image/ab67616d0000b27377922eaa071fb388270f203f,https://open.spotify.com/album/13topfw33njnacjnrizbx7,heavy-metal/three-days-grace-three-days-grace.jpg
tierras de leyenda,tierra-santa,https://i.scdn.co/image/ab67616d0000b27329e31a1e286a41535c7bb93a,https://open.spotify.com/album/3fddeh9szo0lomnccl9fef,heavy-metal/tierras-de-leyenda-tierra-santa.jpg
tomorrow's no concern,dee-snider,https://i.scdn.co/image/ab67616d0000b27355f13ebc55185bd1a5f8868f,https://open.spotify.com/album/3fsffyagtmmhndghtivyjx,heavy-metal/tomorrow's-no-concern-dee-snider.jpg
too mean to die,accept,https://i.scdn.co/image/ab67616d0000b273383c4f17009419914dd35715,https://open.spotify.com/album/5dbzbq2lx9otwsvhyfkheq,heavy-metal/too-mean-to-die-accept.jpg
toxicity,system-of-a-down,https://i.scdn.co/image/ab67616d0000b27330d45198d0c9e8841f9a9578,https://open.spotify.com/album/6jwde94ln40epkiqcd8xuh,heavy-metal/toxicity-system-of-a-down.jpg
toys in the attic,aerosmith,https://i.scdn.co/image/ab67616d0000b2739662c6535fb4bf5767e50f32,https://open.spotify.com/album/36ixiogebaxvozdsivs09b,heavy-metal/toys-in-the-attic-aerosmith.jpg
transparent,titans,https://i.scdn.co/image/ab67616d0000b2737419b37e6950e10dfd55a503,https://open.spotify.com/album/78tpyw1e7qwma0ebvytoep,heavy-metal/transparent-titans.jpg
trapt,trapt,https://i.scdn.co/image/ab67616d0000b27374d9a833744be96426ee833c,https://open.spotify.com/album/4jd0qgz4gahw6b0lgpzkwk,heavy-metal/trapt-trapt.jpg
trash,alice-cooper,https://i.scdn.co/image/ab67616d0000b2735d149c05419231f335e35bb7,https://open.spotify.com/album/033cvspausu5arrfigqsdu,heavy-metal/trash-alice-cooper.jpg
trial // error,bite-down,https://i.scdn.co/image/ab67616d0000b2736ac4740e811f8c9045342a61,https://open.spotify.com/album/483kxv6qfnw9agd7zizsoc,heavy-metal/trial----error-bite-down.jpg
triumph and agony,warlock,https://i.scdn.co/image/ab67616d0000b273fa41b7216e5029ac0b1a3e91,https://open.spotify.com/album/1vdxmu8pwatvepfnvrjpmo,heavy-metal/triumph-and-agony-warlock.jpg
tyranny of souls,bruce-dickinson,https://i.scdn.co/image/ab67616d0000b27314d7763e9f017d425a3ff75f,https://open.spotify.com/album/5mnngkyaxmnh6opppbctum,heavy-metal/tyranny-of-souls-bruce-dickinson.jpg
uranus (feat. michael starr),nanowar-of-steel,https://i.scdn.co/image/ab67616d0000b273ef48641573925d67f5148e92,https://open.spotify.com/album/5kquqpct18ztevgaktflyz,heavy-metal/uranus-(feat.-michael-starr)-nanowar-of-steel.jpg
use your illusion i,guns-n'-roses,https://i.scdn.co/image/ab67616d0000b273e44963b8bb127552ac761873,https://open.spotify.com/album/0cxpbtrarqkuyighiey9sz,heavy-metal/use-your-illusion-i-guns-n'-roses.jpg
use your illusion ii,guns-n'-roses,https://i.scdn.co/image/ab67616d0000b27392d21aef6c0d288cc4c05973,https://open.spotify.com/album/00eiw4kojz7ec3nbepmh4c,heavy-metal/use-your-illusion-ii-guns-n'-roses.jpg
vengeance falls (special edition),trivium,https://i.scdn.co/image/ab67616d0000b2731845aeca9258f7a9aabd3fa2,https://open.spotify.com/album/1hamgtmqitorotkc0ynhow,heavy-metal/vengeance-falls-(special-edition)-trivium.jpg
vengeance ignited,sister,https://i.scdn.co/image/ab67616d0000b273b9b75b41d3bc59d8a5c6762b,https://open.spotify.com/album/04eitnacegm8fmxusl1zuu,heavy-metal/vengeance-ignited-sister.jpg
venom (deluxe edition),bullet-for-my-valentine,https://i.scdn.co/image/ab67616d0000b273b5836f92f626bb4fe05b016a,https://open.spotify.com/album/1yjxzhd158jsm2906jqzxf,heavy-metal/venom-(deluxe-edition)-bullet-for-my-valentine.jpg
viva la victoria,eclipse,https://i.scdn.co/image/ab67616d0000b273464c5e28c05d68738d13a8db,https://open.spotify.com/album/22vcmojoj8dx7gbcymfu8a,heavy-metal/viva-la-victoria-eclipse.jpg
vol. 3: the subliminal verses,slipknot,https://i.scdn.co/image/ab67616d0000b2736b3463e7160d333ada4b175a,https://open.spotify.com/album/4zdbqsidizrubog2ohcn3t,heavy-metal/vol.-3:-the-subliminal-verses-slipknot.jpg
volumen brutal (remasterizado),barón-rojo,https://i.scdn.co/image/ab67616d0000b273af081c459b39a98e69434c09,https://open.spotify.com/album/3vo4udke3onpiakeazkuqh,heavy-metal/volumen-brutal-(remasterizado)-barón-rojo.jpg
vulgar display of power,pantera,https://i.scdn.co/image/ab67616d0000b273347c0a40c1e3f0c890a6d9d6,https://open.spotify.com/album/7kw0cpkgsvseqcc8xgbsb0,heavy-metal/vulgar-display-of-power-pantera.jpg
waking the fallen,avenged-sevenfold,https://i.scdn.co/image/ab67616d0000b273fd1f9d8bb6c1c9c2cb229837,https://open.spotify.com/album/3qyvlew74vrmvvxnhjwkhk,heavy-metal/waking-the-fallen-avenged-sevenfold.jpg
war is the answer,five-finger-death-punch,https://i.scdn.co/image/ab67616d0000b2739dfb176e4ab5e57815ce1d77,https://open.spotify.com/album/4yuvvlnqugcmhunrxss8xc,heavy-metal/war-is-the-answer-five-finger-death-punch.jpg
warriors,warkings,https://i.scdn.co/image/ab67616d0000b2738e90c51c0c78b2ad252fb4fd,https://open.spotify.com/album/7a6wd0u82g5vjujtvkxupk,heavy-metal/warriors-warkings.jpg
waterfall,dynazty,https://i.scdn.co/image/ab67616d0000b2735336b25feea29ddb292bf0d6,https://open.spotify.com/album/6ujesmz71fksnbp3cxffkj,heavy-metal/waterfall-dynazty.jpg
we are not alone,breaking-benjamin,https://i.scdn.co/image/ab67616d0000b2734500b37eb7046f29233099a0,https://open.spotify.com/album/39ff5rewro5f3oonlwsqik,heavy-metal/we-are-not-alone-breaking-benjamin.jpg
we are not your kind,slipknot,https://i.scdn.co/image/ab67616d0000b27326f20b4d67c0c7b0f137ce4f,https://open.spotify.com/album/754ry5wpz2ltuzsk8kdbju,heavy-metal/we-are-not-your-kind-slipknot.jpg
we are what we are,lion's-share,https://i.scdn.co/image/ab67616d0000b2732873ce9d9e72fd1dc0dd463f,https://open.spotify.com/album/6te3lxzkzsahdputo8yrww,heavy-metal/we-are-what-we-are-lion's-share.jpg
we will rise,tungsten,https://i.scdn.co/image/ab67616d0000b273e21615e8de4d69ed47f67ed8,https://open.spotify.com/album/0m79v9jpirse4epqpkl5xc,heavy-metal/we-will-rise-tungsten.jpg
weathered,drift-away-dreamer,https://i.scdn.co/image/ab67616d0000b27363d7f20525187be6a0417b86,https://open.spotify.com/album/6ku0itnpojvskkuc3dz57k,heavy-metal/weathered-drift-away-dreamer.jpg
werewolves of armenia (new version 2020),powerwolf,https://i.scdn.co/image/ab67616d0000b273e0f97bab2313902ab9239e2b,https://open.spotify.com/album/0pcye5m2gwpw8csyv0bimk,heavy-metal/werewolves-of-armenia-(new-version-2020)-powerwolf.jpg
wheels of steel (2009 remastered version),saxon,https://i.scdn.co/image/ab67616d0000b2732910519edbe59770831f77ed,https://open.spotify.com/album/6egegr4oy0psv6ygbxeq8j,heavy-metal/wheels-of-steel-(2009-remastered-version)-saxon.jpg
when legends rise,godsmack,https://i.scdn.co/image/ab67616d0000b273acdd606f4c291ea72a0dd2a2,https://open.spotify.com/album/1n5bxxxowq8ufvx2dxkeev,heavy-metal/when-legends-rise-godsmack.jpg
when sparks ignite,darkhaus,https://i.scdn.co/image/ab67616d0000b273e6f295291d8e447a92c40a6e,https://open.spotify.com/album/42cn8xebps5yftxwjswh3w,heavy-metal/when-sparks-ignite-darkhaus.jpg
white roses,i-am-the-deceiver,https://i.scdn.co/image/ab67616d0000b273d57974aa2e49b8c2d5e92867,https://open.spotify.com/album/1aqmutdm3fqqjagho4e6e7,heavy-metal/white-roses-i-am-the-deceiver.jpg
whitesnake (30th anniversary edition),whitesnake,https://i.scdn.co/image/ab67616d0000b273eb93565b56b7d1aea022983d,https://open.spotify.com/album/6ujo2xzt247ycyipamcb4r,heavy-metal/whitesnake-(30th-anniversary-edition)-whitesnake.jpg
whitey ford sings the blues,everlast,https://i.scdn.co/image/ab67616d0000b273efbe277aa08eae55ea22951c,https://open.spotify.com/album/2q0mbenuazwdlvve1qzoxx,heavy-metal/whitey-ford-sings-the-blues-everlast.jpg
wings of steel,burning-witches,https://i.scdn.co/image/ab67616d0000b2736ee372b9f49262d913dce15c,https://open.spotify.com/album/5x16adkfiiya3cjsqbmxay,heavy-metal/wings-of-steel-burning-witches.jpg
wings of the storm,axel-rudi-pell,https://i.scdn.co/image/ab67616d0000b2736f5172042a6b8c5d4a0a22c5,https://open.spotify.com/album/5zqunkgcb5vhjrlnn8oaul,heavy-metal/wings-of-the-storm-axel-rudi-pell.jpg
wolves in winter,demons-&-wizards,https://i.scdn.co/image/ab67616d0000b273770ea506ee677ce7d95b1a46,https://open.spotify.com/album/0ltwrczeiiffadbjr0vuxu,heavy-metal/wolves-in-winter-demons-&-wizards.jpg
worship decay,sylosis,https://i.scdn.co/image/ab67616d0000b273a4490df30fdc43517a84ba1b,https://open.spotify.com/album/6p0qyrsjkrwrqycbmyvskz,heavy-metal/worship-decay-sylosis.jpg
wrong side of heaven (acoustic),five-finger-death-punch,https://i.scdn.co/image/ab67616d0000b273b03785b27c4e469cb16ec229,https://open.spotify.com/album/1c61fblb2dkmdtoffibaxt,heavy-metal/wrong-side-of-heaven-(acoustic)-five-finger-death-punch.jpg
xiii,mushroomhead,https://i.scdn.co/image/ab67616d0000b273bc58a7710c4d1ae7a027c844,https://open.spotify.com/album/3n1ehmz49lavsi23ckfwdv,heavy-metal/xiii-mushroomhead.jpg
you'll be gone forever,marked;life,https://i.scdn.co/image/ab67616d0000b27356ce9211b0951be6e13a1679,https://open.spotify.com/album/4iplruhxt79d30xuplk5yi,heavy-metal/you'll-be-gone-forever-marked;life.jpg
zombie apocalypse,accept,https://i.scdn.co/image/ab67616d0000b2733942a81e3f7a5da47d7c7b90,https://open.spotify.com/album/5rm4e7awndj0exkghark5o,heavy-metal/zombie-apocalypse-accept.jpg
