13,blur,https://i.scdn.co/image/ab67616d0000b273bf2d790a9c0db632cbadbf4b,https://open.spotify.com/album/5yuz4djvtzbywtibhiqtgj,indie/13-blur.jpg
16 lovers lane,the-go-betweens,https://i.scdn.co/image/ab67616d0000b273d6d5e03d9ddc8ad90ce4ed16,https://open.spotify.com/album/31nrnhi1usdz0poyppjcuh,indie/16-lovers-lane-the-go-betweens.jpg
1st time,bakar,https://i.scdn.co/image/ab67616d0000b273c70b9b92bdb1ec154c1203d4,https://open.spotify.com/album/1ecgfffdyxsjnrrluenetg,indie/1st-time-bakar.jpg
23,wallice,https://i.scdn.co/image/ab67616d0000b2733a55d0c85828c708f9c9e59b,https://open.spotify.com/album/57q2kosvxob8sfhusm99zm,indie/23-wallice.jpg
3am (toro y moi remix),haim,https://i.scdn.co/image/ab67616d0000b273e969fc62a3754ebe0f604897,https://open.spotify.com/album/0a9ptabkakbni7c9j8o2rb,indie/3am-(toro-y-moi-remix)-haim.jpg
4runner,rostam,https://i.scdn.co/image/ab67616d0000b2734dcd2bc5f1287224bfedd31c,https://open.spotify.com/album/4pk1f2rm5omfzyrv4fepqz,indie/4runner-rostam.jpg
alemania,twin-shadow,https://i.scdn.co/image/ab67616d0000b273ec44492bf6871d0769106995,https://open.spotify.com/album/6omb0celi5la2laiuoweog,indie/alemania-twin-shadow.jpg
all i need,verzache,https://i.scdn.co/image/ab67616d0000b273a31e8a727558c6344d827b91,https://open.spotify.com/album/0q0ddf1hza6yc5dv2adrnb,indie/all-i-need-verzache.jpg
all my demons greeting me as a friend (deluxe),aurora,https://i.scdn.co/image/ab67616d0000b273c379325088c2845fe85cd70a,https://open.spotify.com/album/6ymsxpihka2jpilfhuejxw,indie/all-my-demons-greeting-me-as-a-friend-(deluxe)-aurora.jpg
am,arctic-monkeys,https://i.scdn.co/image/ab67616d0000b2730acf7f2eefe5bd36efbc26b4,https://open.spotify.com/album/6645hgh7zozsutpqw9iylr,indie/am-arctic-monkeys.jpg
and the war came,shakey-graves,https://i.scdn.co/image/ab67616d0000b27338c6fbc6bc2eb2e68afb0f04,https://open.spotify.com/album/1sq6mrxvctezf62yzsbzed,indie/and-the-war-came-shakey-graves.jpg
animal kingdom,cavetown,https://i.scdn.co/image/ab67616d0000b27317add53ee7ef16ac10e6f8a9,https://open.spotify.com/album/40mjoesoq4bdr5y6jy7cfa,indie/animal-kingdom-cavetown.jpg
anything,adrianne-lenker,https://i.scdn.co/image/ab67616d0000b2737456e4df1a6c4271b5f157d8,https://open.spotify.com/album/2e3trmsoc2idx6tksqwpls,indie/anything-adrianne-lenker.jpg
apache relay,the-apache-relay,https://i.scdn.co/image/ab67616d0000b273114da5ff2994981f254cba83,https://open.spotify.com/album/239uv8pjlseajfcnm4t7rb,indie/apache-relay-the-apache-relay.jpg
are we there,sharon-van-etten,https://i.scdn.co/image/ab67616d0000b273a4d8939bb810d1527d14398d,https://open.spotify.com/album/0f1pmhf8vy74nkkqelbfrd,indie/are-we-there-sharon-van-etten.jpg
are you ok?,wasuremono,https://i.scdn.co/image/ab67616d0000b2730114c8988af52f2cf4fc883a,https://open.spotify.com/album/6xkwdifghnnz5srl16plfc,indie/are-you-ok?-wasuremono.jpg
astro coast,surfer-blood,https://i.scdn.co/image/ab67616d0000b273b8ea32b5b3989a08a79d34bb,https://open.spotify.com/album/0f6ekf8vrkzj7n03bg1pfo,indie/astro-coast-surfer-blood.jpg
astrovan,mt.-joy,https://i.scdn.co/image/ab67616d0000b27372c6ba782e23eb06b849b545,https://open.spotify.com/album/7jiccpko2qrard48wz7bdg,indie/astrovan-mt.-joy.jpg
atlanta millionaires club,faye-webster,https://i.scdn.co/image/ab67616d0000b2732e132a81fd103d3ee20033cf,https://open.spotify.com/album/4vt0v1smkak1y440p5nsb4,indie/atlanta-millionaires-club-faye-webster.jpg
autumn of the seraphs,pinback,https://i.scdn.co/image/ab67616d0000b273a3708b5baa5ec5f353324f81,https://open.spotify.com/album/3apdb6qgtuqe6ac3yqgl9a,indie/autumn-of-the-seraphs-pinback.jpg
backyard boy (stripped),claire-rosinkranz,https://i.scdn.co/image/ab67616d0000b2735bc0561acb0b2ab653b081bc,https://open.spotify.com/album/4bxcja3xyjgsk16cqk1zrz,indie/backyard-boy-(stripped)-claire-rosinkranz.jpg
bad dream,cannons,https://i.scdn.co/image/ab67616d0000b2734b17c017449ad4ff9af3cc79,https://open.spotify.com/album/4rdxeb6ojqbyb38hy083qw,indie/bad-dream-cannons.jpg
bad dream baby,hippo-campus,https://i.scdn.co/image/ab67616d0000b273b0dd9cc988d09f7465521f76,https://open.spotify.com/album/1tbnwps0mbn5dsrneslvrr,indie/bad-dream-baby-hippo-campus.jpg
bahamas is afie,bahamas,https://i.scdn.co/image/ab67616d0000b273f7db380b3e3bf7080007502c,https://open.spotify.com/album/5uxws03dk4ktjiotaqqkwv,indie/bahamas-is-afie-bahamas.jpg
be sweet,japanese-breakfast,https://i.scdn.co/image/ab67616d0000b2735b7e73351465d9bc5e8804ad,https://open.spotify.com/album/1gedywz5hkfchcccnplvyu,indie/be-sweet-japanese-breakfast.jpg
be the cowboy,mitski,https://i.scdn.co/image/ab67616d0000b273257f81958be25db29f328159,https://open.spotify.com/album/653wrjqo0gozpqpcxpeaxd,indie/be-the-cowboy-mitski.jpg
beach house,beach-house,https://i.scdn.co/image/ab67616d0000b27372c5265c12fd8effdc006b75,https://open.spotify.com/album/32bjgeioafinkuctcje5o5,indie/beach-house-beach-house.jpg
because i wanted you to know,matilda-mann,https://i.scdn.co/image/ab67616d0000b2736f4303b9bbacef620df4f85f,https://open.spotify.com/album/5zfw70dbof3n5bva2tcwqh,indie/because-i-wanted-you-to-know-matilda-mann.jpg
before the dawn heals us,m83,https://i.scdn.co/image/ab67616d0000b273f663f77fb3176051ffd27038,https://open.spotify.com/album/3l2yrgyoorwgamklndhnq1,indie/before-the-dawn-heals-us-m83.jpg
best i ever had,laurel,https://i.scdn.co/image/ab67616d0000b273ad67b95d3236fbd74d347e5d,https://open.spotify.com/album/0sgqtjgb7sz4abssvuymcw,indie/best-i-ever-had-laurel.jpg
better oblivion community center,better-oblivion-community-center,https://i.scdn.co/image/ab67616d0000b273f3e71e36d206dc9cb967674d,https://open.spotify.com/album/5622zst4rlqnspshdqmwpj,indie/better-oblivion-community-center-better-oblivion-community-center.jpg
between two lungs,florence-+-the-machine,https://i.scdn.co/image/ab67616d0000b2738fcd165e3cc600c1364eb6bc,https://open.spotify.com/album/1ia9sq6ldnw1hp1yxpa8jh,indie/between-two-lungs-florence-+-the-machine.jpg
big echo,the-morning-benders,https://i.scdn.co/image/ab67616d0000b2739fd9fa1ac67539cf33469b24,https://open.spotify.com/album/4ggwydnw2tnhbmk93bygqm,indie/big-echo-the-morning-benders.jpg
big wheel,samia,https://i.scdn.co/image/ab67616d0000b273e420fbd0c74dd4429a10d73d,https://open.spotify.com/album/4gyjzjcbe0hbxncfkihged,indie/big-wheel-samia.jpg
bipolar,yot-club,https://i.scdn.co/image/ab67616d0000b2731a72818330a056c9d3556a68,https://open.spotify.com/album/60julxaoacsiquew0xlrot,indie/bipolar-yot-club.jpg
black licorice,peach-pit,https://i.scdn.co/image/ab67616d0000b273c64b1537b973ac24b943fd6f,https://open.spotify.com/album/7j8ot7iyo86jkisamibvzm,indie/black-licorice-peach-pit.jpg
black out days (future islands remix),phantogram,https://i.scdn.co/image/ab67616d0000b2735590ae4417d7af76c76edc7a,https://open.spotify.com/album/0izpagrpjlqiqlt4fvmw7m,indie/black-out-days-(future-islands-remix)-phantogram.jpg
black pumas,black-pumas,https://i.scdn.co/image/ab67616d0000b27385ab7c452446953c3355b18a,https://open.spotify.com/album/54slwgnocrphlzeftyjofw,indie/black-pumas-black-pumas.jpg
blood bank,bon-iver,https://i.scdn.co/image/ab67616d0000b2736bd3dc96bccb6489a89c33ae,https://open.spotify.com/album/04mstcbm8anew8jxzvhkca,indie/blood-bank-bon-iver.jpg
bloom baby bloom,haiva-ru,https://i.scdn.co/image/ab67616d0000b273442c5f247fd2431f82e42b74,https://open.spotify.com/album/1oeu8cenl7tlwnwrktq8qo,indie/bloom-baby-bloom-haiva-ru.jpg
blouse,clairo,https://i.scdn.co/image/ab67616d0000b27366d377b9fac0ad2ac542fa81,https://open.spotify.com/album/1t9glju4i8korxm86qgjco,indie/blouse-clairo.jpg
blue weekend,wolf-alice,https://i.scdn.co/image/ab67616d0000b27376f66818b36b93b142bf306f,https://open.spotify.com/album/5oxxxtuecfqgcvqztbcynb,indie/blue-weekend-wolf-alice.jpg
brazil,declan-mckenna,https://i.scdn.co/image/ab67616d0000b27375752f8f06e59c16116f8712,https://open.spotify.com/album/38qaydciewb6nrrvvxwte4,indie/brazil-declan-mckenna.jpg
breathing tornadoes,ben-lee,https://i.scdn.co/image/ab67616d0000b2735639db45b7c89c4efc92c445,https://open.spotify.com/album/4hcahlcdrta6ectmtbq4ap,indie/breathing-tornadoes-ben-lee.jpg
broken bells,broken-bells,https://i.scdn.co/image/ab67616d0000b273e198b6b9c5bfe013458e8ec9,https://open.spotify.com/album/0x7wyekdm5afgj1fmd7blx,indie/broken-bells-broken-bells.jpg
broom,someone-still-loves-you-boris-yeltsin,https://i.scdn.co/image/ab67616d0000b27337692001e19e7cfe18857403,https://open.spotify.com/album/3zxnnz17fd6rcoabtjoygk,indie/broom-someone-still-loves-you-boris-yeltsin.jpg
bs,still-woozy,https://i.scdn.co/image/ab67616d0000b273ea3e63aad8c2dad14b08abeb,https://open.spotify.com/album/1mmtcakto81kdjtokcafc6,indie/bs-still-woozy.jpg
buck meek,buck-meek,https://i.scdn.co/image/ab67616d0000b273489539395cba87275f029dc4,https://open.spotify.com/album/5uilshmby696k4ns27bpdq,indie/buck-meek-buck-meek.jpg
buffalo,the-phoenix-foundation,https://i.scdn.co/image/ab67616d0000b2738f4b90171dbf3ee7e6a0fe99,https://open.spotify.com/album/6jg3s0wbvuysmipnrzuosb,indie/buffalo-the-phoenix-foundation.jpg
bury me at makeout creek,mitski,https://i.scdn.co/image/ab67616d0000b27350f8ace2690355fa20e58227,https://open.spotify.com/album/472gvzwe3ez0i2eealy5mx,indie/bury-me-at-makeout-creek-mitski.jpg
cacti for clothes,pageants,https://i.scdn.co/image/ab67616d0000b27376e0c2e5e15e61c353660022,https://open.spotify.com/album/3qwuoul1vdqqacsnvpfwel,indie/cacti-for-clothes-pageants.jpg
california,the-lagoons,https://i.scdn.co/image/ab67616d0000b273aaa4f5a37bca7943173e8c68,https://open.spotify.com/album/4rx32nbzvfd94vvckcynjc,indie/california-the-lagoons.jpg
can we (with kacy hill),jim-e-stack,https://i.scdn.co/image/ab67616d0000b27363a1d727cadc9e9a9dd580e4,https://open.spotify.com/album/2yytvga47lqagbinhsqczq,indie/can-we-(with-kacy-hill)-jim-e-stack.jpg
can't talk medicine,pickwick,https://i.scdn.co/image/ab67616d0000b273660adefee54b07d73cea2c98,https://open.spotify.com/album/5tzvcw48gl16cr8mtk7k68,indie/can't-talk-medicine-pickwick.jpg
car button cloth,the-lemonheads,https://i.scdn.co/image/ab67616d0000b273d9c051a227ebccbbc4788d3d,https://open.spotify.com/album/5nq9plquzoikg4r1lxcvmf,indie/car-button-cloth-the-lemonheads.jpg
car crash in g major,fanclubwallet,https://i.scdn.co/image/ab67616d0000b273c7c07fa565a7cddcb975c51e,https://open.spotify.com/album/43glatq0nobuuzocxprbqm,indie/car-crash-in-g-major-fanclubwallet.jpg
cavetown,cavetown,https://i.scdn.co/image/ab67616d0000b2739ed6b04a8fe894a9204630f6,https://open.spotify.com/album/0zyao9oghq7blyjzo3l65t,indie/cavetown-cavetown.jpg
chant darling,lawrence-arabia,https://i.scdn.co/image/ab67616d0000b273224815d1bc96c6ea57abadc4,https://open.spotify.com/album/72kk0rwqmpcmtwvvxptq67,indie/chant-darling-lawrence-arabia.jpg
chemtrails over the country club,lana-del-rey,https://i.scdn.co/image/ab67616d0000b27365cbb09fc2622ff89467472e,https://open.spotify.com/album/5p5cfbrerdfinjlfabacp0,indie/chemtrails-over-the-country-club-lana-del-rey.jpg
cherry pit,luna-li,https://i.scdn.co/image/ab67616d0000b273f5c778a115d863db35d9e24e,https://open.spotify.com/album/0rkztuw2vrrmm8yqmttq5h,indie/cherry-pit-luna-li.jpg
chinatown (feat. bruce springsteen),bleachers,https://i.scdn.co/image/ab67616d0000b2733b9ae6354bc1f9d4839500c4,https://open.spotify.com/album/10fsu9rlajlasiup4ylhpm,indie/chinatown-(feat.-bruce-springsteen)-bleachers.jpg
chip chrome & the mono-tones,the-neighbourhood,https://i.scdn.co/image/ab67616d0000b2731a721f3757e5b67f87e1acd3,https://open.spotify.com/album/4ungt1uqs6wzrm4gib3shx,indie/chip-chrome-&-the-mono-tones-the-neighbourhood.jpg
chip chrome & the mono-tones (deluxe),the-neighbourhood,https://i.scdn.co/image/ab67616d0000b2733552d3f419afe41cf9b0bd0a,https://open.spotify.com/album/2jyarayvlt6t3mvwlldswz,indie/chip-chrome-&-the-mono-tones-(deluxe)-the-neighbourhood.jpg
choke,i-dont-know-how-but-they-found-me,https://i.scdn.co/image/ab67616d0000b273e9774ee3932efbc4c3d68e6b,https://open.spotify.com/album/2kwvojuuayp2qtdbcfdfcn,indie/choke-i-dont-know-how-but-they-found-me.jpg
cigarettes after sex,cigarettes-after-sex,https://i.scdn.co/image/ab67616d0000b2736b701428ed4c6e053902174a,https://open.spotify.com/album/5bp82zils6rzhpf5qu6azc,indie/cigarettes-after-sex-cigarettes-after-sex.jpg
circle the drain,soccer-mommy,https://i.scdn.co/image/ab67616d0000b273d306b24dffd4db2a2995b8d3,https://open.spotify.com/album/728chz1mu69fh291jrctj5,indie/circle-the-drain-soccer-mommy.jpg
close to you,dayglow,https://i.scdn.co/image/ab67616d0000b273a28330e1b98a8d1c39e06389,https://open.spotify.com/album/4srwmcgvuly1s2pmuw1ugy,indie/close-to-you-dayglow.jpg
collapsed in sunbeams,arlo-parks,https://i.scdn.co/image/ab67616d0000b2730869a7bb597fe38cb1b98102,https://open.spotify.com/album/42joeeymk7eihodfnb4yug,indie/collapsed-in-sunbeams-arlo-parks.jpg
come in closer,rhye,https://i.scdn.co/image/ab67616d0000b2733f8ba5ff6a860afe359e0703,https://open.spotify.com/album/0sy9608jismluypozs2ioe,indie/come-in-closer-rhye.jpg
conditions,the-temper-trap,https://i.scdn.co/image/ab67616d0000b273d9ed6221913fca80d32a34d0,https://open.spotify.com/album/4ltw34gtqi9n3f5zq6umv2,indie/conditions-the-temper-trap.jpg
"crooked rain, crooked rain",pavement,https://i.scdn.co/image/ab67616d0000b2738fb9b489201b26a8a89d8ec2,https://open.spotify.com/album/3f8ctobvwda46ghs0wkxyh,"indie/crooked-rain,-crooked-rain-pavement.jpg"
cruel guards,the-panics,https://i.scdn.co/image/ab67616d0000b27361ed486ae17c2cef6b4c4432,https://open.spotify.com/album/6liaqpkrtylycaxudog81g,indie/cruel-guards-the-panics.jpg
crushing,julia-jacklin,https://i.scdn.co/image/ab67616d0000b2732fca2b6f420ec6044327ec2d,https://open.spotify.com/album/4u3aiyqbywyaxgf7tcxuiu,indie/crushing-julia-jacklin.jpg
currents,tame-impala,https://i.scdn.co/image/ab67616d0000b2739e1cfc756886ac782e363d79,https://open.spotify.com/album/79dl7flijfoo0eoehuhqbv,indie/currents-tame-impala.jpg
dear catastrophe waitress,belle-&-sebastian,https://i.scdn.co/image/ab67616d0000b273c80e89b17666f102a97a53c1,https://open.spotify.com/album/6svpgfhgqsooguwre9e8qf,indie/dear-catastrophe-waitress-belle-&-sebastian.jpg
depression cherry,beach-house,https://i.scdn.co/image/ab67616d0000b2739b7190e673e46271b2754aab,https://open.spotify.com/album/194cqc2zi0kufepwedb3qr,indie/depression-cherry-beach-house.jpg
details,frou-frou,https://i.scdn.co/image/ab67616d0000b2732d0c0ef37bf28fe4b2b35789,https://open.spotify.com/album/7rwh9wvom4jgkabh1xlvpc,indie/details-frou-frou.jpg
devotion,margaret-glaspy,https://i.scdn.co/image/ab67616d0000b2731b66f91ab8e4c13df87a420c,https://open.spotify.com/album/2rmxzmri9zdcebfw1qziel,indie/devotion-margaret-glaspy.jpg
digital meadow,dora-jar,https://i.scdn.co/image/ab67616d0000b273e90ad23c08b4aa0e3aa8d7a1,https://open.spotify.com/album/1hs5saioumz5ja1qw8zrmz,indie/digital-meadow-dora-jar.jpg
do u mind? (leave the light on),fleece,https://i.scdn.co/image/ab67616d0000b2735efb78b101d7a182cee7b45b,https://open.spotify.com/album/5lfuy7nkfpom8w63kp3idi,indie/do-u-mind?-(leave-the-light-on)-fleece.jpg
doolittle,pixies,https://i.scdn.co/image/ab67616d0000b273d27159df96ec159cc7d70080,https://open.spotify.com/album/6ymzbbrsmzavosgmwafoxm,indie/doolittle-pixies.jpg
dopamine,børns,https://i.scdn.co/image/ab67616d0000b273cc2cf912462d8ae4ef856434,https://open.spotify.com/album/17l7miu0jh0tdgk7or9ovw,indie/dopamine-børns.jpg
dream your life away,vance-joy,https://i.scdn.co/image/ab67616d0000b273d3ce97395ff522b0d70c1094,https://open.spotify.com/album/6ribiummzjfqjrnxhvxfvg,indie/dream-your-life-away-vance-joy.jpg
dying in the subtlety,cautious-clay,https://i.scdn.co/image/ab67616d0000b2731e48437bf0e14aaf7f02cf0c,https://open.spotify.com/album/6njj5ob6ksg74pcidrp2hp,indie/dying-in-the-subtlety-cautious-clay.jpg
"eat, sleep, wake (nothing but you)",bombay-bicycle-club,https://i.scdn.co/image/ab67616d0000b27339477adfb63dc76ada7bb205,https://open.spotify.com/album/1bxvjlt2kjnwjd7nlwppuu,"indie/eat,-sleep,-wake-(nothing-but-you)-bombay-bicycle-club.jpg"
elephant shell,tokyo-police-club,https://i.scdn.co/image/ab67616d0000b273ba3a6a23e516ee7c2b821c6f,https://open.spotify.com/album/4xrg914kbcoum3lksqgcdw,indie/elephant-shell-tokyo-police-club.jpg
eugene,arlo-parks,https://i.scdn.co/image/ab67616d0000b2735fcd8793a97f15b365235441,https://open.spotify.com/album/7fjkokn7zy2oet6ktijjp7,indie/eugene-arlo-parks.jpg
eyelid movies,phantogram,https://i.scdn.co/image/ab67616d0000b273a8dfddf62f476e1932c148d0,https://open.spotify.com/album/4reryf4gxjblpblh5yn6lt,indie/eyelid-movies-phantogram.jpg
eyes,rogue-wave,https://i.scdn.co/image/ab67616d0000b273630655c8205b1c86d917bc52,https://open.spotify.com/album/1eykqbjyyjr8zu9chxgei2,indie/eyes-rogue-wave.jpg
faith healer,julien-baker,https://i.scdn.co/image/ab67616d0000b2735d1e2d377c929aaf846dd093,https://open.spotify.com/album/0kz41kat8eobcm31urajgi,indie/faith-healer-julien-baker.jpg
fantasies,metric,https://i.scdn.co/image/ab67616d0000b27370d7aa769af19e7e2c2e107b,https://open.spotify.com/album/3oj8fdhcv6kaiovwfkqraa,indie/fantasies-metric.jpg
fate,dr.-dog,https://i.scdn.co/image/ab67616d0000b2739a57cc574285db04df907a6b,https://open.spotify.com/album/2ns5p8pfzlbjhopquhiqhd,indie/fate-dr.-dog.jpg
father of the bride,vampire-weekend,https://i.scdn.co/image/ab67616d0000b27360124a534f8f257e7c158613,https://open.spotify.com/album/5wwu3iyaxlgqghju9696nk,indie/father-of-the-bride-vampire-weekend.jpg
favourite worst nightmare (standard version),arctic-monkeys,https://i.scdn.co/image/ab67616d0000b2730c8ac83035e9588e8ad34b90,https://open.spotify.com/album/6rsqnwaojhxxjrcdbpkbrw,indie/favourite-worst-nightmare-(standard-version)-arctic-monkeys.jpg
fear fun,father-john-misty,https://i.scdn.co/image/ab67616d0000b273dc9ac21e828b6df32f5d4a74,https://open.spotify.com/album/1bofolzo9nzx7smyaucy9t,indie/fear-fun-father-john-misty.jpg
feels right,biig-piig,https://i.scdn.co/image/ab67616d0000b273041c9cfcb029a48a617e94ef,https://open.spotify.com/album/2p1shoyccytofydxrs97gn,indie/feels-right-biig-piig.jpg
fetch the bolt cutters,fiona-apple,https://i.scdn.co/image/ab67616d0000b273841292c1316c4bf85447bcd9,https://open.spotify.com/album/0fo1kemwl2uccqmm22iklj,indie/fetch-the-bolt-cutters-fiona-apple.jpg
fever to tell (deluxe remastered),yeah-yeah-yeahs,https://i.scdn.co/image/ab67616d0000b2731b1cb4ef0f096f9d66fc3dc6,https://open.spotify.com/album/44epwtuwk88vnalqutqjeg,indie/fever-to-tell-(deluxe-remastered)-yeah-yeah-yeahs.jpg
fire,waxahatchee,https://i.scdn.co/image/ab67616d0000b273a1ec4da5dfa84d035374cafd,https://open.spotify.com/album/3t0o1rak16a6fvb4dyg5dh,indie/fire-waxahatchee.jpg
first collection 2006-2009,fleet-foxes,https://i.scdn.co/image/ab67616d0000b2734edf98cac9df23626dac4260,https://open.spotify.com/album/62miiqwloo88ymupzmungj,indie/first-collection-2006-2009-fleet-foxes.jpg
fleet foxes,fleet-foxes,https://i.scdn.co/image/ab67616d0000b2735a6f22825fd502166c181564,https://open.spotify.com/album/6xzz5pg9buaknyg293koq8,indie/fleet-foxes-fleet-foxes.jpg
flowers for vases / descansos,hayley-williams,https://i.scdn.co/image/ab67616d0000b273a755c6bb21be30245178a32d,https://open.spotify.com/album/3jsvizctxk4fuywbk41129,indie/flowers-for-vases---descansos-hayley-williams.jpg
for abby,jawny,https://i.scdn.co/image/ab67616d0000b273bf076bd9b8ad8facbb19f473,https://open.spotify.com/album/7khte99fadr8r7v8bzg7wn,indie/for-abby-jawny.jpg
for no one,houndmouth,https://i.scdn.co/image/ab67616d0000b2735cb08c4b22575954f50867e0,https://open.spotify.com/album/0zaljnfrfxkjaz4oegwkoz,indie/for-no-one-houndmouth.jpg
forever turned around,whitney,https://i.scdn.co/image/ab67616d0000b273ed91468bd9df8ca0c52ef0ca,https://open.spotify.com/album/2tenm0jangcfnvrhvvvz3h,indie/forever-turned-around-whitney.jpg
freaks,surf-curse,https://i.scdn.co/image/ab67616d0000b2739efda673310de265a2c1cf1f,https://open.spotify.com/album/5wjaiwthur3aja0uyg3jr5,indie/freaks-surf-curse.jpg
fuck june,sipper,https://i.scdn.co/image/ab67616d0000b2733d9636684a4dfe2fa617321c,https://open.spotify.com/album/2hxuqquzy12vnpdlemylvk,indie/fuck-june-sipper.jpg
funeral,arcade-fire,https://i.scdn.co/image/ab67616d0000b2737870762a58313ad6f981d664,https://open.spotify.com/album/6zb8qar9jnus0q0bg1nbch,indie/funeral-arcade-fire.jpg
garden song,phoebe-bridgers,https://i.scdn.co/image/ab67616d0000b27350efe0a438983a22b56867dc,https://open.spotify.com/album/4qjp6b3m3pl2mb4b1of3vp,indie/garden-song-phoebe-bridgers.jpg
get behind me satan,the-white-stripes,https://i.scdn.co/image/ab67616d0000b273086f98344b4a2ff71f2622a8,https://open.spotify.com/album/39cq9tlfmcme2pn6pkjwvz,indie/get-behind-me-satan-the-white-stripes.jpg
get closer,twin-shadow,https://i.scdn.co/image/ab67616d0000b273a04283f56e953f541f0f1976,https://open.spotify.com/album/1skafddslqc9ikryq1daom,indie/get-closer-twin-shadow.jpg
girls,girl-in-red,https://i.scdn.co/image/ab67616d0000b273cdd028f628b823c879e83d8c,https://open.spotify.com/album/1wpujnwuf4mhepcezba4je,indie/girls-girl-in-red.jpg
give up (deluxe 10th anniversary edition),the-postal-service,https://i.scdn.co/image/ab67616d0000b2733762ad73277ad5801f35d3aa,https://open.spotify.com/album/4ssf0ppdjnmttl2hg1clkx,indie/give-up-(deluxe-10th-anniversary-edition)-the-postal-service.jpg
good news for people who love bad news,modest-mouse,https://i.scdn.co/image/ab67616d0000b273cc68329bfbf34037df965dc1,https://open.spotify.com/album/0tgtguc2vxv6zecoaf52n0,indie/good-news-for-people-who-love-bad-news-modest-mouse.jpg
gorillaz,gorillaz,https://i.scdn.co/image/ab67616d0000b273fe36e70ab53e03bc66f28471,https://open.spotify.com/album/0yvymlbffwyxgi4u9kkgum,indie/gorillaz-gorillaz.jpg
grand,matt-and-kim,https://i.scdn.co/image/ab67616d0000b273acbe616ad7ba01c2f335dd0a,https://open.spotify.com/album/4bqi4sdv5buggpaqwjiexa,indie/grand-matt-and-kim.jpg
green blue + indigo violet,coin,https://i.scdn.co/image/ab67616d0000b273919cd4f7303fdc7276914d3a,https://open.spotify.com/album/0g2stvhsahhyib3lob9k8n,indie/green-blue-+-indigo-violet-coin.jpg
green eyes,arlo-parks,https://i.scdn.co/image/ab67616d0000b273b6a17eb519189d6ac2138377,https://open.spotify.com/album/4exaihxfy75ly68sziczup,indie/green-eyes-arlo-parks.jpg
guero,beck,https://i.scdn.co/image/ab67616d0000b27346ef374f1639b196e6de5ed8,https://open.spotify.com/album/2eugwxuzjr78kjfqzavvzt,indie/guero-beck.jpg
gulag orkestar,beirut,https://i.scdn.co/image/ab67616d0000b2733e6978b321908e26e871c9d0,https://open.spotify.com/album/6mqxglksxlb8swz4m7stnc,indie/gulag-orkestar-beirut.jpg
happy pills,weathers,https://i.scdn.co/image/ab67616d0000b273f40b377328f8614879cdd29d,https://open.spotify.com/album/5t54vdz7hdfogmemkvfrr1,indie/happy-pills-weathers.jpg
harmony house,dayglow,https://i.scdn.co/image/ab67616d0000b273597b9da9f4020514c51ab48f,https://open.spotify.com/album/0w3qgep1odhoonkyfytnle,indie/harmony-house-dayglow.jpg
"having a good time, sometimes",bakar,https://i.scdn.co/image/ab67616d0000b27353f1d91691275d0a6e916bd8,https://open.spotify.com/album/0svtx58xchrooomcnllknl,"indie/having-a-good-time,-sometimes-bakar.jpg"
heart it races,architecture-in-helsinki,https://i.scdn.co/image/ab67616d0000b27390a52e6afed99ab3bd7a8c53,https://open.spotify.com/album/6wy9ycnf0epuogjgcply0w,indie/heart-it-races-architecture-in-helsinki.jpg
heaven or las vegas (remastered),cocteau-twins,https://i.scdn.co/image/ab67616d0000b273276b940445d7ab5ae6ceba82,https://open.spotify.com/album/37hhxj7xas2nb7jbi8ip4e,indie/heaven-or-las-vegas-(remastered)-cocteau-twins.jpg
hell n back,bakar,https://i.scdn.co/image/ab67616d0000b273b6aa65ea45fef5e36dfe1a45,https://open.spotify.com/album/3aedbajgwxbbxn79dgjamf,indie/hell-n-back-bakar.jpg
hey michael,wallice,https://i.scdn.co/image/ab67616d0000b2738985282051173315e5149258,https://open.spotify.com/album/28hqxdmfzyjrleqem5hzk0,indie/hey-michael-wallice.jpg
heza,generationals,https://i.scdn.co/image/ab67616d0000b273851e5e086befb76ad417b246,https://open.spotify.com/album/34olvxqwydwd1koqgl8uie,indie/heza-generationals.jpg
high violet,the-national,https://i.scdn.co/image/ab67616d0000b273cabe5d89dec40d635c11d233,https://open.spotify.com/album/6k54zug2z49hqrbjdo65b5,indie/high-violet-the-national.jpg
his n hers,pulp,https://i.scdn.co/image/ab67616d0000b2730a7d1e9face30d0357e21dcd,https://open.spotify.com/album/2hydlo6thaox2qiqr9rlcf,indie/his-n-hers-pulp.jpg
historian,lucy-dacus,https://i.scdn.co/image/ab67616d0000b2733380f633b2d9f9f69280fb47,https://open.spotify.com/album/01go03odsnlnltvnetukwt,indie/historian-lucy-dacus.jpg
hold on,alabama-shakes,https://i.scdn.co/image/ab67616d0000b273ca960d5906c61a8a15181e26,https://open.spotify.com/album/4t5hcyeh1iwjezazdgrhw0,indie/hold-on-alabama-shakes.jpg
honey,boy-pablo,https://i.scdn.co/image/ab67616d0000b273249e7e07a7e0100ebb8bfc11,https://open.spotify.com/album/2cohgimotwdhj3p1zuvdpw,indie/honey-boy-pablo.jpg
honeymoon,beach-bunny,https://i.scdn.co/image/ab67616d0000b273d6fd719531afda5f9cc0e248,https://open.spotify.com/album/6qzykchqivubtsmcobmlpa,indie/honeymoon-beach-bunny.jpg
hope,arlo-parks,https://i.scdn.co/image/ab67616d0000b27323e8a42b7ade061c0bf9335d,https://open.spotify.com/album/2cqvlsrisnhpr6q1q4hsbp,indie/hope-arlo-parks.jpg
hot & heavy,lucy-dacus,https://i.scdn.co/image/ab67616d0000b2738b23ebfa9e550598a5e0b4ba,https://open.spotify.com/album/3oinrchbcmqzkxmddozxwu,indie/hot-&-heavy-lucy-dacus.jpg
hot fuss,the-killers,https://i.scdn.co/image/ab67616d0000b2739c284a6855f4945dc5a3cd73,https://open.spotify.com/album/4ohnh3sdzixnmuadxzv2kt,indie/hot-fuss-the-killers.jpg
how dare you want more,bleachers,https://i.scdn.co/image/ab67616d0000b2730b58648ab3f156bafa261434,https://open.spotify.com/album/5vcccwaqgq1sl9vgsu7dov,indie/how-dare-you-want-more-bleachers.jpg
hush,the-marías,https://i.scdn.co/image/ab67616d0000b27397c64fe2ca7ca10f0ad3516e,https://open.spotify.com/album/5r1bbn7ycvl1crbjfgm6eq,indie/hush-the-marías.jpg
i can hear the heart beating as one,yo-la-tengo,https://i.scdn.co/image/ab67616d0000b273af3486eb00344584683f0123,https://open.spotify.com/album/3nfnnmiwnbyvvpvcf7lsru,indie/i-can-hear-the-heart-beating-as-one-yo-la-tengo.jpg
i can't handle change,roar,https://i.scdn.co/image/ab67616d0000b27373b8b921631896395cc3b6b8,https://open.spotify.com/album/42vd9cgr89pjb0jipvaj5d,indie/i-can't-handle-change-roar.jpg
i had the blues but i shook them loose,bombay-bicycle-club,https://i.scdn.co/image/ab67616d0000b273bb076ef98d5f02467a3be611,https://open.spotify.com/album/4x0bhksbofcnopyfg5ef6a,indie/i-had-the-blues-but-i-shook-them-loose-bombay-bicycle-club.jpg
i lied,lord-huron,https://i.scdn.co/image/ab67616d0000b273535f7c8f24bfaedb42dbbbd3,https://open.spotify.com/album/4qvrodqtz7afgqzojfsayq,indie/i-lied-lord-huron.jpg
i love you.,the-neighbourhood,https://i.scdn.co/image/ab67616d0000b27378f71c0d2fe34592a3c18f80,https://open.spotify.com/album/4xkm0bwlm9h2iucbyzpcbi,indie/i-love-you.-the-neighbourhood.jpg
i met sarah in the bathroom,awfultune,https://i.scdn.co/image/ab67616d0000b273cf48003e1fd01c5fe1521069,https://open.spotify.com/album/3z7kfjnzsrajhy3q24n4qq,indie/i-met-sarah-in-the-bathroom-awfultune.jpg
i need to start a garden,haley-heynderickx,https://i.scdn.co/image/ab67616d0000b2732590c2d33bd70c8bf059591b,https://open.spotify.com/album/4i8beaiq1kpqrrlvwlto5b,indie/i-need-to-start-a-garden-haley-heynderickx.jpg
i wanna help your mind,goth-babe,https://i.scdn.co/image/ab67616d0000b273cb476cd90c6793092d5912ab,https://open.spotify.com/album/2g6xrzxwrt9mbxghclg2i4,indie/i-wanna-help-your-mind-goth-babe.jpg
i'm sorry...,the-neighbourhood,https://i.scdn.co/image/ab67616d0000b273ee14a6d816e596e176575962,https://open.spotify.com/album/4hrjuaxpm9x6h1h95qvgj9,indie/i'm-sorry...-the-neighbourhood.jpg
"i'm wide awake, it's morning",bright-eyes,https://i.scdn.co/image/ab67616d0000b273d5edf0a2f87a3a6ce19c48e7,https://open.spotify.com/album/5msfcyqu8fjyqddv6orxtg,"indie/i'm-wide-awake,-it's-morning-bright-eyes.jpg"
"identical (from the motion picture ""on the rocks"")",phoenix,https://i.scdn.co/image/ab67616d0000b2730e71c5fe5fd1fff0530fcb06,https://open.spotify.com/album/139j4sm1xppfs0dhgcrtvd,"indie/identical-(from-the-motion-picture-""on-the-rocks"")-phoenix.jpg"
if i could make it go quiet,girl-in-red,https://i.scdn.co/image/ab67616d0000b273942d08fcf2f8d4af3bf6df00,https://open.spotify.com/album/6ewtspe0fh1tqrkajiz2tp,indie/if-i-could-make-it-go-quiet-girl-in-red.jpg
ii,unknown-mortal-orchestra,https://i.scdn.co/image/ab67616d0000b273d4c801e232fceb86e9dc539a,https://open.spotify.com/album/41c5iullhu9smyieki75pn,indie/ii-unknown-mortal-orchestra.jpg
illinois,sufjan-stevens,https://i.scdn.co/image/ab67616d0000b273a7054529bcdd1ea5dcb852bc,https://open.spotify.com/album/7j8lfkddl7ve8oam4ca3w3,indie/illinois-sufjan-stevens.jpg
in mind,real-estate,https://i.scdn.co/image/ab67616d0000b2735be34ac9533490e9a764fadd,https://open.spotify.com/album/7iqn4jt1wcic5o9dzrxekv,indie/in-mind-real-estate.jpg
in the aeroplane over the sea,neutral-milk-hotel,https://i.scdn.co/image/ab67616d0000b273c984eaf4d6a23e0bc64041d6,https://open.spotify.com/album/5coxop5kj2dwfcdg0vxi4f,indie/in-the-aeroplane-over-the-sea-neutral-milk-hotel.jpg
inside in / inside out,the-kooks,https://i.scdn.co/image/ab67616d0000b2736e8b31b2e7cec192c603eece,https://open.spotify.com/album/4mhinh4xt7redv5fczjasz,indie/inside-in---inside-out-the-kooks.jpg
is this it,the-strokes,https://i.scdn.co/image/ab67616d0000b273a388a3f20d1bf2123249cc79,https://open.spotify.com/album/2ynakshgemqm9quse463b5,indie/is-this-it-the-strokes.jpg
it still moves,my-morning-jacket,https://i.scdn.co/image/ab67616d0000b273dd412c4246b0c9c14203459f,https://open.spotify.com/album/5vcqxfnsqatehjpustnq4s,indie/it-still-moves-my-morning-jacket.jpg
it's still cool if you don't,briston-maroney,https://i.scdn.co/image/ab67616d0000b2738a327f5ffae41432261eaffe,https://open.spotify.com/album/2iunaiq4frndfwqe4dmvou,indie/it's-still-cool-if-you-don't-briston-maroney.jpg
iv,badbadnotgood,https://i.scdn.co/image/ab67616d0000b273087255518781845b84bc8f92,https://open.spotify.com/album/68hlplmctvfkuqwqpucqwn,indie/iv-badbadnotgood.jpg
jackie,yves-tumor,https://i.scdn.co/image/ab67616d0000b27321d47e008203774bfca29434,https://open.spotify.com/album/2q02pptkl3xlbhjwtqmhmj,indie/jackie-yves-tumor.jpg
kenny,still-woozy,https://i.scdn.co/image/ab67616d0000b2737c1054e9187eaeb788ed4af1,https://open.spotify.com/album/33xwizoclawidkouzuc32w,indie/kenny-still-woozy.jpg
kids,current-joys,https://i.scdn.co/image/ab67616d0000b27349e640de689d8f9c10104f2a,https://open.spotify.com/album/7jnkah8cnao2vckk33ilwb,indie/kids-current-joys.jpg
"kiss me, kiss me, kiss me",the-cure,https://i.scdn.co/image/ab67616d0000b27322f1b1c3e396b003b7bdd637,https://open.spotify.com/album/6qrv8jxfv1fzg0tizfoute,"indie/kiss-me,-kiss-me,-kiss-me-the-cure.jpg"
knock knock,smog,https://i.scdn.co/image/ab67616d0000b273ebce314abaac49d9acd15745,https://open.spotify.com/album/3xzbvl7oibsdnmpcgzck6a,indie/knock-knock-smog.jpg
kyoto,phoebe-bridgers,https://i.scdn.co/image/ab67616d0000b2738f25745a224282fefb3aa7b7,https://open.spotify.com/album/7cqppwhhwzyqdxiutqhwc8,indie/kyoto-phoebe-bridgers.jpg
lancaster nights,charlie-burg,https://i.scdn.co/image/ab67616d0000b2736312e3650c5581a56c16733d,https://open.spotify.com/album/6vjvyy8dpnwlybf40uyrcl,indie/lancaster-nights-charlie-burg.jpg
landmark,hippo-campus,https://i.scdn.co/image/ab67616d0000b273d65c698f7b03031930a2a570,https://open.spotify.com/album/0vb1g018puu47stlii9wxc,indie/landmark-hippo-campus.jpg
latigo,wilderado,https://i.scdn.co/image/ab67616d0000b273218804136e6f4e77a1b6108f,https://open.spotify.com/album/1i3bxsvctee1l1zbpsoubq,indie/latigo-wilderado.jpg
le tigre,le-tigre,https://i.scdn.co/image/ab67616d0000b2735a89b59fec31efd8f780a6bb,https://open.spotify.com/album/0dsszgzoukzrfbng07j45i,indie/le-tigre-le-tigre.jpg
let's be still,the-head-and-the-heart,https://i.scdn.co/image/ab67616d0000b273ca34900d899ba8c101665c71,https://open.spotify.com/album/1suzhijwtx4nks0kchc0vf,indie/let's-be-still-the-head-and-the-heart.jpg
let's skip to the wedding,eyedress,https://i.scdn.co/image/ab67616d0000b273af1e6cfa7354e35afda4c92b,https://open.spotify.com/album/02u2t90qxpo4xafuvyuraf,indie/let's-skip-to-the-wedding-eyedress.jpg
life of leisure,washed-out,https://i.scdn.co/image/ab67616d0000b2730f2e0c616a2eb4e00d4c51c3,https://open.spotify.com/album/3mwrwbxsahfcnwfjyn3ykn,indie/life-of-leisure-washed-out.jpg
light upon the lake,whitney,https://i.scdn.co/image/ab67616d0000b273dd69d8ba2268cc625504b24f,https://open.spotify.com/album/5ymca6hdfael1aqujxo3mo,indie/light-upon-the-lake-whitney.jpg
little neon limelight,houndmouth,https://i.scdn.co/image/ab67616d0000b273e6d4b9568e8db7d34dcba857,https://open.spotify.com/album/4dl8kclfndpuqrydr5dkvt,indie/little-neon-limelight-houndmouth.jpg
living room,andy-shauf,https://i.scdn.co/image/ab67616d0000b273d078a7f5ead70a8ccf6f0358,https://open.spotify.com/album/2mwvsz54qoniv2kwpdkubq,indie/living-room-andy-shauf.jpg
liz,remi-wolf,https://i.scdn.co/image/ab67616d0000b273f6386052742c587f52b3f005,https://open.spotify.com/album/38whzjfozjy6k5inrxigzc,indie/liz-remi-wolf.jpg
lonesome dreams,lord-huron,https://i.scdn.co/image/ab67616d0000b2739fa1250ee7b5839a4a7d6434,https://open.spotify.com/album/2zdjruwuzzzt8jmjrxvltl,indie/lonesome-dreams-lord-huron.jpg
long lost,lord-huron,https://i.scdn.co/image/ab67616d0000b273487b594ecccbec7abae1a719,https://open.spotify.com/album/48ntl6tmv8hs2x8mcqlubm,indie/long-lost-lord-huron.jpg
looking out for you,joy-again,https://i.scdn.co/image/ab67616d0000b2735448a3dfe8528453a3686fd6,https://open.spotify.com/album/7slouenwhzdddzibks4nr3,indie/looking-out-for-you-joy-again.jpg
lovers,the-sleepy-jackson,https://i.scdn.co/image/ab67616d0000b2731c5b33cff628b59209171ea6,https://open.spotify.com/album/4pw2ihkdunvlfiwmzfoegz,indie/lovers-the-sleepy-jackson.jpg
lungs (deluxe edition),florence-+-the-machine,https://i.scdn.co/image/ab67616d0000b2730672b0f8756ae2af86e8a5ce,https://open.spotify.com/album/2fgknx5e7fjlriqtxvplhz,indie/lungs-(deluxe-edition)-florence-+-the-machine.jpg
manners,passion-pit,https://i.scdn.co/image/ab67616d0000b2733437e8bbed340ca556c42c04,https://open.spotify.com/album/6h51jh1suzv6ca1vxw2tmv,indie/manners-passion-pit.jpg
marigold,jelani-aryeh,https://i.scdn.co/image/ab67616d0000b273677f9bbc62fb177bc1da3690,https://open.spotify.com/album/6lxwcrlrkiaaw3xxkmxnze,indie/marigold-jelani-aryeh.jpg
masterpiece,big-thief,https://i.scdn.co/image/ab67616d0000b2737c489be841df6272caed47e9,https://open.spotify.com/album/4onpyhor2yolvxcsiagyhh,indie/masterpiece-big-thief.jpg
mccartney iii imagined,paul-mccartney,https://i.scdn.co/image/ab67616d0000b27372275ae8324be1e829320a43,https://open.spotify.com/album/0tgo7mmvihpumv3yzq1gyt,indie/mccartney-iii-imagined-paul-mccartney.jpg
melchor lullaby hotline vol. 1,adam-melchor,https://i.scdn.co/image/ab67616d0000b273667b8d322e53ea20b312e9c4,https://open.spotify.com/album/1yryajsb08bylagb4olpv2,indie/melchor-lullaby-hotline-vol.-1-adam-melchor.jpg
menos el oso,minus-the-bear,https://i.scdn.co/image/ab67616d0000b273aff6b35992c7cb120f11a40d,https://open.spotify.com/album/3zj1adjaip2lf0dhwpqui2,indie/menos-el-oso-minus-the-bear.jpg
mermaid avenue,billy-bragg,https://i.scdn.co/image/ab67616d0000b273bee802eae45543f3010c2ca9,https://open.spotify.com/album/0ytmt1i6yhb5evyjomiwgw,indie/mermaid-avenue-billy-bragg.jpg
merriweather post pavilion,animal-collective,https://i.scdn.co/image/ab67616d0000b273400b0756273d1168643d8891,https://open.spotify.com/album/5o9oxl9zawmjtzawofxuan,indie/merriweather-post-pavilion-animal-collective.jpg
midnite vultures,beck,https://i.scdn.co/image/ab67616d0000b273fbfb68023efd979aec1cc925,https://open.spotify.com/album/5mk8lgowopg0igqqxprzfr,indie/midnite-vultures-beck.jpg
miike snow,miike-snow,https://i.scdn.co/image/ab67616d0000b2732d27f6a6e335c47121395061,https://open.spotify.com/album/3eqiz9kgqakhatc71ogqqi,indie/miike-snow-miike-snow.jpg
miike snow (deluxe edition),miike-snow,https://i.scdn.co/image/ab67616d0000b27348564f2f99f686f16ea2b175,https://open.spotify.com/album/60qouhwjhanuh4uo7ik4r5,indie/miike-snow-(deluxe-edition)-miike-snow.jpg
mine forever,lord-huron,https://i.scdn.co/image/ab67616d0000b2732cba88ee3de8f0317fb2b290,https://open.spotify.com/album/5vpc0ab8xurwcozeau1xp6,indie/mine-forever-lord-huron.jpg
"moo, you bloody choir (deluxe edition)",augie-march,https://i.scdn.co/image/ab67616d0000b2731d4366b0b64907d1802eda92,https://open.spotify.com/album/5werhiv7wynyxzycmbo7wk,"indie/moo,-you-bloody-choir-(deluxe-edition)-augie-march.jpg"
more like you,orla-gartland,https://i.scdn.co/image/ab67616d0000b2739a67b7023b53435c0aeac841,https://open.spotify.com/album/2zx0uzrqo9weg6wq79t5jw,indie/more-like-you-orla-gartland.jpg
motorbike,leon-bridges,https://i.scdn.co/image/ab67616d0000b273553a65aa893461b6bf71873c,https://open.spotify.com/album/1e4nh1w98mv4pad3tvf5b9,indie/motorbike-leon-bridges.jpg
mt. joy,mt.-joy,https://i.scdn.co/image/ab67616d0000b27319ed71aa39d8e1d791aa9af6,https://open.spotify.com/album/5h9fo7qrzmcrcnsyvihq01,indie/mt.-joy-mt.-joy.jpg
my head is an animal,of-monsters-and-men,https://i.scdn.co/image/ab67616d0000b273cb3f67e8026e2e493a1e8262,https://open.spotify.com/album/4p9dvvzdazlisjtcbfrhjy,indie/my-head-is-an-animal-of-monsters-and-men.jpg
my maudlin career,camera-obscura,https://i.scdn.co/image/ab67616d0000b273400e0636bca43ecb4833c8da,https://open.spotify.com/album/4mlyueb39zmkx1scpadczs,indie/my-maudlin-career-camera-obscura.jpg
never trust a happy song,grouplove,https://i.scdn.co/image/ab67616d0000b273d84a9bbcba91cb6a4a212b1b,https://open.spotify.com/album/3oylwmc9ttc6nx4i6u3axc,indie/never-trust-a-happy-song-grouplove.jpg
night falls over kortedala,jens-lekman,https://i.scdn.co/image/ab67616d0000b273bc2ac32e7c868e65922c0619,https://open.spotify.com/album/7jcbryuae6orvufvj1wfg7,indie/night-falls-over-kortedala-jens-lekman.jpg
north hills,dawes,https://i.scdn.co/image/ab67616d0000b27339dbfd134431042ecfc464e7,https://open.spotify.com/album/58xlxjawrukuet2ggqkndf,indie/north-hills-dawes.jpg
nostalgia,chase-atlantic,https://i.scdn.co/image/ab67616d0000b273c6853bb1af2bed82d15918f4,https://open.spotify.com/album/4fdpal1mvztioq0uf74jau,indie/nostalgia-chase-atlantic.jpg
not dead yet,lord-huron,https://i.scdn.co/image/ab67616d0000b27368dfa2f3a676e66ddc081ce2,https://open.spotify.com/album/044x9ycjgcrcha6tcjak8w,indie/not-dead-yet-lord-huron.jpg
now & then,sjowgren,https://i.scdn.co/image/ab67616d0000b2735edda7834f7be30c71bb137e,https://open.spotify.com/album/6ur4bpggdqhdphbyubk9zc,indie/now-&-then-sjowgren.jpg
nowhere (expanded),ride,https://i.scdn.co/image/ab67616d0000b273f0e3d47ac6d6d2cbe14cf8f2,https://open.spotify.com/album/4fw7cblasvdhpwmccfgzbq,indie/nowhere-(expanded)-ride.jpg
o my heart,mother-mother,https://i.scdn.co/image/ab67616d0000b2736d82586633548d5c122ee00c,https://open.spotify.com/album/0x7s0tez5njssxmytnfyi2,indie/o-my-heart-mother-mother.jpg
ocean rain (expanded; 2007 remaster),echo-&-the-bunnymen,https://i.scdn.co/image/ab67616d0000b27392a84c02e896fcad44c70351,https://open.spotify.com/album/3v4j1tmdqqpq8nww02uoiw,indie/ocean-rain-(expanded;-2007-remaster)-echo-&-the-bunnymen.jpg
ode to a conversation stuck in your throat,del-water-gap,https://i.scdn.co/image/ab67616d0000b273fde808eb6dba456367079bb0,https://open.spotify.com/album/38xrag52zhcti9x5tpjvsl,indie/ode-to-a-conversation-stuck-in-your-throat-del-water-gap.jpg
"oh, but lover",haiva-ru,https://i.scdn.co/image/ab67616d0000b273dc4d6313e6866b92757a2cc1,https://open.spotify.com/album/6migsq9l3tnod0gahzmxne,"indie/oh,-but-lover-haiva-ru.jpg"
"oh, inverted world",the-shins,https://i.scdn.co/image/ab67616d0000b2733002c4b71bdb423c6a65e1be,https://open.spotify.com/album/6tmeipxbqiknp7f368cwsi,"indie/oh,-inverted-world-the-shins.jpg"
ok (with remi wolf & solomonophonic),wallows,https://i.scdn.co/image/ab67616d0000b2737980941707cad8fcbc600c2a,https://open.spotify.com/album/0msm0zsu68eiobrwtt0lbz,indie/ok-(with-remi-wolf-&-solomonophonic)-wallows.jpg
on oni pond,man-man,https://i.scdn.co/image/ab67616d0000b2737e7f764557f100d07285d696,https://open.spotify.com/album/50pipiixejjxgfwobftj7g,indie/on-oni-pond-man-man.jpg
oracular spectacular,mgmt,https://i.scdn.co/image/ab67616d0000b2738b32b139981e79f2ebe005eb,https://open.spotify.com/album/6mm1skz3je6axneya9nyiv,indie/oracular-spectacular-mgmt.jpg
orca,gus-dapperton,https://i.scdn.co/image/ab67616d0000b2731dc1bd83254e89b474ca496b,https://open.spotify.com/album/1d8cnabqfjvfqc2cdk889m,indie/orca-gus-dapperton.jpg
out 4 a breather,dad-sports,https://i.scdn.co/image/ab67616d0000b2730da58bc570bf1f954bbf8692,https://open.spotify.com/album/1pjdfdogjolyy9eb2b1iia,indie/out-4-a-breather-dad-sports.jpg
peace or love,kings-of-convenience,https://i.scdn.co/image/ab67616d0000b273e59fe44927bc2258ce6771d4,https://open.spotify.com/album/1i8t93pjetnm1vbtouii0m,indie/peace-or-love-kings-of-convenience.jpg
photo id (with dominic fike),remi-wolf,https://i.scdn.co/image/ab67616d0000b273324bcf91e78a7921a51b4367,https://open.spotify.com/album/3zfq7euasef96ffamcue8w,indie/photo-id-(with-dominic-fike)-remi-wolf.jpg
picture show,neon-trees,https://i.scdn.co/image/ab67616d0000b2734a6c0376235e5aa44e59d2c2,https://open.spotify.com/album/0urfz92jmjwdbzbb7hebir,indie/picture-show-neon-trees.jpg
plans,death-cab-for-cutie,https://i.scdn.co/image/ab67616d0000b273c985bcc18dd81da80839e5a9,https://open.spotify.com/album/1nfgnxmeiebakre4dvlajq,indie/plans-death-cab-for-cutie.jpg
plastic beach,gorillaz,https://i.scdn.co/image/ab67616d0000b273661d019f34569f79eae9e985,https://open.spotify.com/album/2dignmeiy1wziczcfsj6i8,indie/plastic-beach-gorillaz.jpg
post-war,m.-ward,https://i.scdn.co/image/ab67616d0000b2732b9a32fafd4ef56bd4c2cec6,https://open.spotify.com/album/0dghgm63we9dltjb9lcesc,indie/post-war-m.-ward.jpg
potions,day-wave,https://i.scdn.co/image/ab67616d0000b273d0a56f2f8b7a3375fa1a04b8,https://open.spotify.com/album/3b5pbgwto7i4s00wfekoiv,indie/potions-day-wave.jpg
protect our winters,goth-babe,https://i.scdn.co/image/ab67616d0000b2734e5d0848b768ab086d103945,https://open.spotify.com/album/5xjlwtxrpzwtnochoxbbf4,indie/protect-our-winters-goth-babe.jpg
psychocandy (expanded version),the-jesus-and-mary-chain,https://i.scdn.co/image/ab67616d0000b2734b5f115b26a0236a4e502eb9,https://open.spotify.com/album/2t1hvewp82qebo7lq21vto,indie/psychocandy-(expanded-version)-the-jesus-and-mary-chain.jpg
punisher,phoebe-bridgers,https://i.scdn.co/image/ab67616d0000b2733040ca980277cf1445934add,https://open.spotify.com/album/2xecuqnvvmvktv7uo8dd3s,indie/punisher-phoebe-bridgers.jpg
robbers & cowards,cold-war-kids,https://i.scdn.co/image/ab67616d0000b273919b670c83fc757159b3147a,https://open.spotify.com/album/1ltbo93cjlo48ynp8ysaz5,indie/robbers-&-cowards-cold-war-kids.jpg
rocky,still-woozy,https://i.scdn.co/image/ab67616d0000b273d99483d9563d99b22572c74a,https://open.spotify.com/album/47pyigsubikvsbaqpipfur,indie/rocky-still-woozy.jpg
rooftop dancing,sylvan-esso,https://i.scdn.co/image/ab67616d0000b2738be65ad17c8d6a3b0db069b7,https://open.spotify.com/album/3pvstgrh7gl0lf6tw09yuq,indie/rooftop-dancing-sylvan-esso.jpg
roots,cautious-clay,https://i.scdn.co/image/ab67616d0000b27366f8164b208dcbafac38a410,https://open.spotify.com/album/6w5gyzchfkns6i18vvyvnj,indie/roots-cautious-clay.jpg
rose pink cadillac,dope-lemon,https://i.scdn.co/image/ab67616d0000b273690f77e72aea2030c129dd58,https://open.spotify.com/album/0juuid9zvenick9kgtauuv,indie/rose-pink-cadillac-dope-lemon.jpg
ruin your night,sorcha-richardson,https://i.scdn.co/image/ab67616d0000b2739f1ad2b0e4c768daf40eeaf5,https://open.spotify.com/album/2xio1kz87irxwz1tdlfu4y,indie/ruin-your-night-sorcha-richardson.jpg
s.o.d.a.,roy-irwin,https://i.scdn.co/image/ab67616d0000b27327ac05c86375930f9a8f9648,https://open.spotify.com/album/43zc3fnolu7d7oo6itpt8s,indie/s.o.d.a.-roy-irwin.jpg
sadnecessary,milky-chance,https://i.scdn.co/image/ab67616d0000b273b5d4730e54f84c66c70fe60a,https://open.spotify.com/album/5d20zzsnb377xbshifp9nb,indie/sadnecessary-milky-chance.jpg
saltwater,geowulf,https://i.scdn.co/image/ab67616d0000b273e77815e1438eaa14c65f6568,https://open.spotify.com/album/0uz3qmizhl1aqfbcccta1n,indie/saltwater-geowulf.jpg
savage good boy,japanese-breakfast,https://i.scdn.co/image/ab67616d0000b27305176fbd372d8bb4c110e852,https://open.spotify.com/album/3p84citfvs07foac10dlap,indie/savage-good-boy-japanese-breakfast.jpg
scissor sisters,scissor-sisters,https://i.scdn.co/image/ab67616d0000b273b2f399095db85823ab3d231e,https://open.spotify.com/album/65fllu4vqdzqoh6id0ywim,indie/scissor-sisters-scissor-sisters.jpg
screamadelica,primal-scream,https://i.scdn.co/image/ab67616d0000b27339180b45808493a1f687c91d,https://open.spotify.com/album/5porx6pl7cdoywsjugvrnc,indie/screamadelica-primal-scream.jpg
sea change,beck,https://i.scdn.co/image/ab67616d0000b273ff9131c40d7648d89706dbe3,https://open.spotify.com/album/69wr9dvwfijrti5nugevtn,indie/sea-change-beck.jpg
seizure,chris-knox,https://i.scdn.co/image/ab67616d0000b273eda558d0b0805aa5bad26a51,https://open.spotify.com/album/0lph6rwjpdyfzhz0rdkj96,indie/seizure-chris-knox.jpg
self!,isaia-huron,https://i.scdn.co/image/ab67616d0000b27343ef9807ba040acaa73b3bae,https://open.spotify.com/album/0r4neohuetxxpjg0xkikcx,indie/self!-isaia-huron.jpg
serotonin,girl-in-red,https://i.scdn.co/image/ab67616d0000b2737fb30ee0638c764d6f3247d2,https://open.spotify.com/album/7dv5bbo8oz0ktrxg6ckeuo,indie/serotonin-girl-in-red.jpg
set the table,ritt-momney,https://i.scdn.co/image/ab67616d0000b2735f04425f7deb42688142ebd1,https://open.spotify.com/album/293j6df0p1svxtit9xfilz,indie/set-the-table-ritt-momney.jpg
set yourself on fire,stars,https://i.scdn.co/image/ab67616d0000b273c0d1ca5bf018468d18d6172d,https://open.spotify.com/album/68jzla38axlaaprszckdx0,indie/set-yourself-on-fire-stars.jpg
"shame, shame (deluxe edition)",dr.-dog,https://i.scdn.co/image/ab67616d0000b2730478062bc04df0947d232fcb,https://open.spotify.com/album/16xswz18xhms8qutn51mrl,"indie/shame,-shame-(deluxe-edition)-dr.-dog.jpg"
shore,fleet-foxes,https://i.scdn.co/image/ab67616d0000b2734908c0ea9f3884cee21e85c1,https://open.spotify.com/album/0lmjcpecec2k6l7ysnicd3,indie/shore-fleet-foxes.jpg
show your bones,yeah-yeah-yeahs,https://i.scdn.co/image/ab67616d0000b273996511f127936c878b380a21,https://open.spotify.com/album/4vileh9sgkidxnyl2phciz,indie/show-your-bones-yeah-yeah-yeahs.jpg
sideways to new italy,rolling-blackouts-coastal-fever,https://i.scdn.co/image/ab67616d0000b27341a823d59c5b8bc731bc646b,https://open.spotify.com/album/1ozdsjy52abl2jftplwrs0,indie/sideways-to-new-italy-rolling-blackouts-coastal-fever.jpg
silent alarm,bloc-party,https://i.scdn.co/image/ab67616d0000b2734f30162c1af14cd0ce8560bc,https://open.spotify.com/album/6ssidn05hqg2gwylfxuzlb,indie/silent-alarm-bloc-party.jpg
silent alarm (u.s. version),bloc-party,https://i.scdn.co/image/ab67616d0000b273093d283f94f4c2e22d6d695f,https://open.spotify.com/album/0urhqcsjpczjc8zbtmtd8t,indie/silent-alarm-(u.s.-version)-bloc-party.jpg
since i left you,the-avalanches,https://i.scdn.co/image/ab67616d0000b273e7cdd0cb1c3e6419c637549d,https://open.spotify.com/album/3gbnnrysxbfeemsmmtpj25,indie/since-i-left-you-the-avalanches.jpg
so jealous,tegan-and-sara,https://i.scdn.co/image/ab67616d0000b273d424a2675b400a7d2dac48b9,https://open.spotify.com/album/2ynhqbkfzpzrxrjqgmbsz9,indie/so-jealous-tegan-and-sara.jpg
so tonight that i might see,mazzy-star,https://i.scdn.co/image/ab67616d0000b27389a392107ebd79818022b3ea,https://open.spotify.com/album/5k18gtgac0q6jma5hkv1va,indie/so-tonight-that-i-might-see-mazzy-star.jpg
solar power,lorde,https://i.scdn.co/image/ab67616d0000b273d08ee7bfe4aaf52168247de7,https://open.spotify.com/album/0paf4jr6mpq2u0vqg2vojd,indie/solar-power-lorde.jpg
someone else,deb-never,https://i.scdn.co/image/ab67616d0000b2730e437757e917f2d9b236c3e9,https://open.spotify.com/album/4hu3o4jveimkiqymvq2kuk,indie/someone-else-deb-never.jpg
songs of her's,her's,https://i.scdn.co/image/ab67616d0000b273fc1bc1cf80c431c2bdbde601,https://open.spotify.com/album/03gwrg5ivkstfnjpmgjelw,indie/songs-of-her's-her's.jpg
sound of silver,lcd-soundsystem,https://i.scdn.co/image/ab67616d0000b273e6272ad26e7a55bc342a6dd0,https://open.spotify.com/album/1r8kkoplt4iaxzmmkjic6x,indie/sound-of-silver-lcd-soundsystem.jpg
starfucker,strfkr,https://i.scdn.co/image/ab67616d0000b273a42a9e3de0baca2e178d0c73,https://open.spotify.com/album/4mbseoeiq4wgdacnydb0tz,indie/starfucker-strfkr.jpg
static,cults,https://i.scdn.co/image/ab67616d0000b273bb2c501e91fd02780cd332c6,https://open.spotify.com/album/6wnfwrfsfu7t9txbhifhx9,indie/static-cults.jpg
stella brown,jelani-aryeh,https://i.scdn.co/image/ab67616d0000b27308facd0be079b35d8c261612,https://open.spotify.com/album/5ecpoxwpc7zbcxldbvyizc,indie/stella-brown-jelani-aryeh.jpg
sticky thumb,hether,https://i.scdn.co/image/ab67616d0000b273cc8e8e60aab9877d3396852b,https://open.spotify.com/album/5frfl33ms6f2eth9rjoz68,indie/sticky-thumb-hether.jpg
stoned and dethroned (expanded version),the-jesus-and-mary-chain,https://i.scdn.co/image/ab67616d0000b273756f4c523014a3068937e83a,https://open.spotify.com/album/6ufootpwsgx0wpbqbqoh7h,indie/stoned-and-dethroned-(expanded-version)-the-jesus-and-mary-chain.jpg
stop making this hurt,bleachers,https://i.scdn.co/image/ab67616d0000b27333cc6d9d2386912160d2257e,https://open.spotify.com/album/6zumf6wfed0vhxhiuomxhx,indie/stop-making-this-hurt-bleachers.jpg
"stories from the city, stories from the sea",pj-harvey,https://i.scdn.co/image/ab67616d0000b27309e4ac9a68d9ea5ef0ad9b05,https://open.spotify.com/album/0hbwhjemvynpg2jq71cjxz,"indie/stories-from-the-city,-stories-from-the-sea-pj-harvey.jpg"
stranger in the alps,phoebe-bridgers,https://i.scdn.co/image/ab67616d0000b273bbc87dd5388d9a98e80650a4,https://open.spotify.com/album/0akamg94xyihodjaighh9o,indie/stranger-in-the-alps-phoebe-bridgers.jpg
sucker,madeline-kenney,https://i.scdn.co/image/ab67616d0000b273c6f200b58c3f5693a1c4fd42,https://open.spotify.com/album/5lzevizgtehrblywsbrald,indie/sucker-madeline-kenney.jpg
summer in abaddon,pinback,https://i.scdn.co/image/ab67616d0000b273a5b3139e6f5dcb7576dcdd51,https://open.spotify.com/album/3xln9bkdkwq4icsuye2krp,indie/summer-in-abaddon-pinback.jpg
sunday funday,toledo,https://i.scdn.co/image/ab67616d0000b273572c029f0dee35180864cca0,https://open.spotify.com/album/0zwuoefvg95qorh7qeesmh,indie/sunday-funday-toledo.jpg
sunflower,briston-maroney,https://i.scdn.co/image/ab67616d0000b27368fe8b89aa3680aeda30779f,https://open.spotify.com/album/09vqgw9zdyytrcvqmy3lk3,indie/sunflower-briston-maroney.jpg
sunlit youth,local-natives,https://i.scdn.co/image/ab67616d0000b2731b7b6f5cc146a35bfb545d82,https://open.spotify.com/album/2qipy1cqhgext4ywrq5ux0,indie/sunlit-youth-local-natives.jpg
sunrise,michelle,https://i.scdn.co/image/ab67616d0000b27391f291c87b978bd3a9cec695,https://open.spotify.com/album/6m24wjws47zue3d3vhodk3,indie/sunrise-michelle.jpg
super monster,claud,https://i.scdn.co/image/ab67616d0000b2734a23530f6ffcd8cbbec54655,https://open.spotify.com/album/1s0zlw9seo7yb5wkxyseyp,indie/super-monster-claud.jpg
sure sure,sure-sure,https://i.scdn.co/image/ab67616d0000b273140791666d7a1b2c899ed946,https://open.spotify.com/album/7efgatnollxj96s4ssdzei,indie/sure-sure-sure-sure.jpg
sweet summer sweat (feat. dijon),jim-e-stack,https://i.scdn.co/image/ab67616d0000b2739cf27ae3e97725645ef68656,https://open.spotify.com/album/3meecjgqtlgz2hyzrdhrbv,indie/sweet-summer-sweat-(feat.-dijon)-jim-e-stack.jpg
take me where your heart is,q,https://i.scdn.co/image/ab67616d0000b273697585faee5551d6bd76bb3f,https://open.spotify.com/album/6xkgil7f2lc1pnzgiouyyd,indie/take-me-where-your-heart-is-q.jpg
take you back,purr,https://i.scdn.co/image/ab67616d0000b273439b226d4894185376d6bce9,https://open.spotify.com/album/4kq1biddoqguilrqbxiwkb,indie/take-you-back-purr.jpg
tell me it's real (expanded edition),seafret,https://i.scdn.co/image/ab67616d0000b2738c33272a7c77042f5eb39d75,https://open.spotify.com/album/4m8xn9ckqve1exybnnu5kt,indie/tell-me-it's-real-(expanded-edition)-seafret.jpg
that's life,still-woozy,https://i.scdn.co/image/ab67616d0000b27385373d216ca37fe2d8f563ee,https://open.spotify.com/album/5lcriehgqkcwzbqmdzrz9j,indie/that's-life-still-woozy.jpg
the anxiety,the-anxiety,https://i.scdn.co/image/ab67616d0000b273024ea7e883a713a3ad552a71,https://open.spotify.com/album/2kzyqn4cmr78d74k9tco4k,indie/the-anxiety-the-anxiety.jpg
the best of,joy-division,https://i.scdn.co/image/ab67616d0000b27365792edb445d4a107dbe97fd,https://open.spotify.com/album/0p8zy0wezdyifdcst07uhe,indie/the-best-of-joy-division.jpg
the bottom of it,fruit-bats,https://i.scdn.co/image/ab67616d0000b27345c10d3a5f6ca2270b623c8c,https://open.spotify.com/album/1k4jxpakc4zszpalfaowra,indie/the-bottom-of-it-fruit-bats.jpg
the boy with the arab strap,belle-&-sebastian,https://i.scdn.co/image/ab67616d0000b27306b36514b5a9785b5beb1e80,https://open.spotify.com/album/5zy6mgmmf3nbeuklywsddv,indie/the-boy-with-the-arab-strap-belle-&-sebastian.jpg
the execution of all things,rilo-kiley,https://i.scdn.co/image/ab67616d0000b27315d01f89c4963e1bbb495697,https://open.spotify.com/album/23eqck0zr1ravqaesgpqyh,indie/the-execution-of-all-things-rilo-kiley.jpg
the french press,rolling-blackouts-coastal-fever,https://i.scdn.co/image/ab67616d0000b27386498c53170194f2e5cbbc97,https://open.spotify.com/album/0jw4egpovlimh3gq9ohxqn,indie/the-french-press-rolling-blackouts-coastal-fever.jpg
the gold (nick waterhouse remix),manchester-orchestra,https://i.scdn.co/image/ab67616d0000b273b690035bb9ba90930eb21f20,https://open.spotify.com/album/2gpxq974pubf7xpsftfps4,indie/the-gold-(nick-waterhouse-remix)-manchester-orchestra.jpg
the head on the door,the-cure,https://i.scdn.co/image/ab67616d0000b2731dda5f57ba5c203f775ea2dd,https://open.spotify.com/album/7zjzns8evgbkvvsqswkrtx,indie/the-head-on-the-door-the-cure.jpg
the la's,the-la's,https://i.scdn.co/image/ab67616d0000b2730e42d457a15ef2f133976f6b,https://open.spotify.com/album/1djwiq802xeu8q45jv1b0x,indie/the-la's-the-la's.jpg
the melting of the sun,st.-vincent,https://i.scdn.co/image/ab67616d0000b2736ed83047bbf2f6c9851488b2,https://open.spotify.com/album/0momcnkbepgxvswlhrhtdj,indie/the-melting-of-the-sun-st.-vincent.jpg
the new abnormal,the-strokes,https://i.scdn.co/image/ab67616d0000b273bfa99afb5ef0d26d5064b23b,https://open.spotify.com/album/2xkzv2hl1omi8rk2d7t5ln,indie/the-new-abnormal-the-strokes.jpg
the party,andy-shauf,https://i.scdn.co/image/ab67616d0000b27315fb6d36c33c0323b1142ac1,https://open.spotify.com/album/35fwlg8ysjj1bf3sx4f6zm,indie/the-party-andy-shauf.jpg
the reminder,feist,https://i.scdn.co/image/ab67616d0000b27348265c8d597400f7c0c601aa,https://open.spotify.com/album/27y2wm3wcfthqocgjli5wf,indie/the-reminder-feist.jpg
the satanic satanist,portugal.-the-man,https://i.scdn.co/image/ab67616d0000b273b31ea2650f87bfef29fbc355,https://open.spotify.com/album/5hdvwict7mrmttmgbwppnx,indie/the-satanic-satanist-portugal.-the-man.jpg
the sky is bleeding,biig-piig,https://i.scdn.co/image/ab67616d0000b2732d9c59c68cc0a8f666cbeeaf,https://open.spotify.com/album/1uo1xb5dmrrwnhuouxdrib,indie/the-sky-is-bleeding-biig-piig.jpg
the soft bulletin,the-flaming-lips,https://i.scdn.co/image/ab67616d0000b273f958fdfa181b79454c1ed44b,https://open.spotify.com/album/1mjfgpeulhu1pzlnburdjc,indie/the-soft-bulletin-the-flaming-lips.jpg
the stone roses,the-stone-roses,https://i.scdn.co/image/ab67616d0000b273cf1f6466a493eb73d6d9d280,https://open.spotify.com/album/0um9fi6blbldl5pop4d4cw,indie/the-stone-roses-the-stone-roses.jpg
the suburbs,arcade-fire,https://i.scdn.co/image/ab67616d0000b273532391d63cfd6d32677f7af6,https://open.spotify.com/album/3drgm5x3yx1jp1linlaohi,indie/the-suburbs-arcade-fire.jpg
the summer,freedom-fry,https://i.scdn.co/image/ab67616d0000b273a385197b91a512a453f0c298,https://open.spotify.com/album/7qbhuhcws1a6elxuphao0z,indie/the-summer-freedom-fry.jpg
the sunlandic twins,of-montreal,https://i.scdn.co/image/ab67616d0000b27338a6cc0b38036949ed001f9a,https://open.spotify.com/album/3kig3lejxyat9ipecjreia,indie/the-sunlandic-twins-of-montreal.jpg
the sunset tree,the-mountain-goats,https://i.scdn.co/image/ab67616d0000b273cc03676408b5f18e4526fd02,https://open.spotify.com/album/0cug9j2t7mhk4k8huegq43,indie/the-sunset-tree-the-mountain-goats.jpg
the walls are way too thin,holly-humberstone,https://i.scdn.co/image/ab67616d0000b273eb96df93b4aa585baa0d6d19,https://open.spotify.com/album/4zxasvlcgypfeqnp5keqme,indie/the-walls-are-way-too-thin-holly-humberstone.jpg
this is happening,lcd-soundsystem,https://i.scdn.co/image/ab67616d0000b273ee0d0dce888c6c8a70db6e8b,https://open.spotify.com/album/4hnqm0jk4cm1phwfq1ldyz,indie/this-is-happening-lcd-soundsystem.jpg
this is home,cavetown,https://i.scdn.co/image/ab67616d0000b2731b480ca9f06eab8c0cd5bd6f,https://open.spotify.com/album/0eb1toktfk5ata9ybysxru,indie/this-is-home-cavetown.jpg
together,beabadoobee,https://i.scdn.co/image/ab67616d0000b273521faa79bdde97ddb1186c6d,https://open.spotify.com/album/7jk3pne5tqyylwwkqj1orf,indie/together-beabadoobee.jpg
torches,foster-the-people,https://i.scdn.co/image/ab67616d0000b273121d5f92cf90576907dfb1e5,https://open.spotify.com/album/7kmmw7z5d2ud5mvwdm10st,indie/torches-foster-the-people.jpg
touch up,mother-mother,https://i.scdn.co/image/ab67616d0000b2734f2dc51d1c8453753af90ad0,https://open.spotify.com/album/40dmb38z4n5ylfz4n29qt0,indie/touch-up-mother-mother.jpg
tourist history,two-door-cinema-club,https://i.scdn.co/image/ab67616d0000b2731d579563f814da8508cafad2,https://open.spotify.com/album/0sd7kwnjec2odzqbkehqnh,indie/tourist-history-two-door-cinema-club.jpg
transatlanticism,death-cab-for-cutie,https://i.scdn.co/image/ab67616d0000b2739cee4aea1e76e95ba1fdf63d,https://open.spotify.com/album/5fjtvcpdfyqlo7vjjhea9v,indie/transatlanticism-death-cab-for-cutie.jpg
treats,sleigh-bells,https://i.scdn.co/image/ab67616d0000b273be9b80758aa0b73d5eccb984,https://open.spotify.com/album/7l5y3f2amyv1acmfzzqfa2,indie/treats-sleigh-bells.jpg
unwind,tim-atlas,https://i.scdn.co/image/ab67616d0000b27301c592da3146689b13fda199,https://open.spotify.com/album/1yjx9pvazykbsm4eyg6oyi,indie/unwind-tim-atlas.jpg
up from below,edward-sharpe-&-the-magnetic-zeros,https://i.scdn.co/image/ab67616d0000b273e0dd719897dd60694ce7593d,https://open.spotify.com/album/39xrkt8riltwa9dmylkv32,indie/up-from-below-edward-sharpe-&-the-magnetic-zeros.jpg
up from below (10th anniversary edition) [2019 - remaster],edward-sharpe-&-the-magnetic-zeros,https://i.scdn.co/image/ab67616d0000b27374a6778deef25cbf7195dfb6,https://open.spotify.com/album/71eripuemoglrpnryhlzju,indie/up-from-below-(10th-anniversary-edition)-[2019---remaster]-edward-sharpe-&-the-magnetic-zeros.jpg
vampire weekend,vampire-weekend,https://i.scdn.co/image/ab67616d0000b2739cca0d695187fbeed4ee301b,https://open.spotify.com/album/7jcfnkxohsaog85a1hd4lx,indie/vampire-weekend-vampire-weekend.jpg
veckatimest,grizzly-bear,https://i.scdn.co/image/ab67616d0000b273f5819f138439b3ac881a2a6b,https://open.spotify.com/album/6fifqclbripcb0sjwdahik,indie/veckatimest-grizzly-bear.jpg
vibes,vacations,https://i.scdn.co/image/ab67616d0000b273f6b610200eb1f2fcf6cebe1b,https://open.spotify.com/album/58zq3iyzfzaw4sm5z8iwyt,indie/vibes-vacations.jpg
violet street,local-natives,https://i.scdn.co/image/ab67616d0000b273daf19ee32be2d4917c266b09,https://open.spotify.com/album/0orzb7kyr8aap2lpl3mhuy,indie/violet-street-local-natives.jpg
virtual aerobics,wallows,https://i.scdn.co/image/ab67616d0000b273a56c606296f5508db20eec5d,https://open.spotify.com/album/70qrj2mixv0ltlg887mgtp,indie/virtual-aerobics-wallows.jpg
walking on a dream (10th anniversary edition),empire-of-the-sun,https://i.scdn.co/image/ab67616d0000b273f3aa0e6ca22a382007f61e4d,https://open.spotify.com/album/5b6xfyhhyawylkevnvhsph,indie/walking-on-a-dream-(10th-anniversary-edition)-empire-of-the-sun.jpg
walking on a dream (special edition),empire-of-the-sun,https://i.scdn.co/image/ab67616d0000b273fffbc6bb8f405c2dacf8d64b,https://open.spotify.com/album/1goqbrupzzbkvmkzxsq1mp,indie/walking-on-a-dream-(special-edition)-empire-of-the-sun.jpg
way with words,bahamas,https://i.scdn.co/image/ab67616d0000b273d865532f78a06f10408ea38c,https://open.spotify.com/album/7jr8ojmslhycc8bb3qtlel,indie/way-with-words-bahamas.jpg
we were dead before the ship even sank,modest-mouse,https://i.scdn.co/image/ab67616d0000b273ed8a70a92499e619895646e8,https://open.spotify.com/album/2lxbcl76ul5pcpbfaqkbkz,indie/we-were-dead-before-the-ship-even-sank-modest-mouse.jpg
we will always love you,the-avalanches,https://i.scdn.co/image/ab67616d0000b273b0b3bd1a5f3967705579e6f1,https://open.spotify.com/album/755yblrk0sz8tigmmtgyr1,indie/we-will-always-love-you-the-avalanches.jpg
whatever tomorrow,chet-faker,https://i.scdn.co/image/ab67616d0000b273ae237e01e9d31b0cbe18d673,https://open.spotify.com/album/5v3aiqbowso3rf0w3cqmpt,indie/whatever-tomorrow-chet-faker.jpg
white blood cells,the-white-stripes,https://i.scdn.co/image/ab67616d0000b273078862268984bf49b7edec6a,https://open.spotify.com/album/0licnijsvz3q7ocu0g9u8z,indie/white-blood-cells-the-white-stripes.jpg
who will cut our hair when we're gone? (remastered),the-unicorns,https://i.scdn.co/image/ab67616d0000b2732404c2fa59669217e9c064f0,https://open.spotify.com/album/3czawft1fioixtuqkipiui,indie/who-will-cut-our-hair-when-we're-gone?-(remastered)-the-unicorns.jpg
wide open spaces,soccer-mommy,https://i.scdn.co/image/ab67616d0000b27371e472cf63ef08d5f86e6b57,https://open.spotify.com/album/77etbs8gkb44sezibemop9,indie/wide-open-spaces-soccer-mommy.jpg
wild heart,current-joys,https://i.scdn.co/image/ab67616d0000b273ecb7a21c411eb8671a200ac7,https://open.spotify.com/album/2hwxntop4iioi7yxhbh7al,indie/wild-heart-current-joys.jpg
wildfire,cautious-clay,https://i.scdn.co/image/ab67616d0000b2732b61856d400ed6284db6f485,https://open.spotify.com/album/1oykm818z1hedfking1dep,indie/wildfire-cautious-clay.jpg
wincing the night away,the-shins,https://i.scdn.co/image/ab67616d0000b273484a8cb754a6d403275ed417,https://open.spotify.com/album/4zl638fa70c4oxh4aimzlh,indie/wincing-the-night-away-the-shins.jpg
wiped out!,the-neighbourhood,https://i.scdn.co/image/ab67616d0000b2733066581d697fbdee4303d685,https://open.spotify.com/album/18ifxjzugvkhunnmbljzjf,indie/wiped-out!-the-neighbourhood.jpg
woah man,dayglow,https://i.scdn.co/image/ab67616d0000b2731aca9649a7635771d9cc114a,https://open.spotify.com/album/7krficxsnvl52abtxrtrlp,indie/woah-man-dayglow.jpg
wolfgang amadeus phoenix,phoenix,https://i.scdn.co/image/ab67616d0000b273738f2371ae0c10a381aa5052,https://open.spotify.com/album/0iqbqc6v4uuhlcgo9yt3uu,indie/wolfgang-amadeus-phoenix-phoenix.jpg
writer's block,peter-bjorn-and-john,https://i.scdn.co/image/ab67616d0000b273e91bf52dd5ff31e300dd87c8,https://open.spotify.com/album/1t6vjl3ockvbkyzvwjzhqd,indie/writer's-block-peter-bjorn-and-john.jpg
xo (deluxe edition),elliott-smith,https://i.scdn.co/image/ab67616d0000b273e35493a3ac213db02b3ec36e,https://open.spotify.com/album/3ulhel4d8ailbrlfpwnpym,indie/xo-(deluxe-edition)-elliott-smith.jpg
yankee hotel foxtrot,wilco,https://i.scdn.co/image/ab67616d0000b273f53fbb4abe27c792221e5c27,https://open.spotify.com/album/0rptxomn42nsldishvgamv,indie/yankee-hotel-foxtrot-wilco.jpg
yoshimi battles the pink robots,the-flaming-lips,https://i.scdn.co/image/ab67616d0000b273ca69f52416a728ebd0b9103c,https://open.spotify.com/album/49la20vmk65fqyeaizydvf,indie/yoshimi-battles-the-pink-robots-the-flaming-lips.jpg
young liars,tv-on-the-radio,https://i.scdn.co/image/ab67616d0000b2731e121099514918d0dc9bd7de,https://open.spotify.com/album/5jgpmwxum6kdnouum0hkia,indie/young-liars-tv-on-the-radio.jpg
