(we make) sweden rock,hammerfall,https://i.scdn.co/image/ab67616d0000b273521cc4c62018cd0441777fe4,https://open.spotify.com/album/1k8eg8tvfm6nbedegtuopg,metal/(we-make)-sweden-rock-hammerfall.jpg
.5: the gray chapter,slipknot,https://i.scdn.co/image/ab67616d0000b27306e3a56f02aeff58d3a47a10,https://open.spotify.com/album/3nyxmohqinxnhywyhvuqvf,metal/.5:-the-gray-chapter-slipknot.jpg
/with_errors,norma-jean,https://i.scdn.co/image/ab67616d0000b27342a80a21ddfb597d3e11cd53,https://open.spotify.com/album/6rsgihp9ykjzih9qsbjvul,metal/-with_errors-norma-jean.jpg
1000hp,godsmack,https://i.scdn.co/image/ab67616d0000b2730b5c1cd424b83d33d424a4ae,https://open.spotify.com/album/43crhbvr5o6z71elsvq0jg,metal/1000hp-godsmack.jpg
13,black-sabbath,https://i.scdn.co/image/ab67616d0000b273a7e7bfdfd15d41435f17ba64,https://open.spotify.com/album/5wxl9yjbnd4giqwc9mzooq,metal/13-black-sabbath.jpg
20/20,crown-the-empire,https://i.scdn.co/image/ab67616d0000b273b84ac1ffd618a17a4ffafa73,https://open.spotify.com/album/170yu6ccohvyiolhgio0yl,metal/20-20-crown-the-empire.jpg
5x3,upon-a-burning-body,https://i.scdn.co/image/ab67616d0000b2734792b85dca7c839ecb10acd5,https://open.spotify.com/album/7n0w5nxpwayeovkmbrthda,metal/5x3-upon-a-burning-body.jpg
666 - world divided,kreator,https://i.scdn.co/image/ab67616d0000b273cb5b18a68644ae73353c5f3b,https://open.spotify.com/album/0hca6eoutwiit26t5dnpey,metal/666---world-divided-kreator.jpg
a new kind of horror,anaal-nathrakh,https://i.scdn.co/image/ab67616d0000b2732062374a30e7d9604293d659,https://open.spotify.com/album/7ml6j0j6kw0y3x6n6qvtta,metal/a-new-kind-of-horror-anaal-nathrakh.jpg
a perfect day to die,onslaught,https://i.scdn.co/image/ab67616d0000b27307cf310d8e0c50dd522e5c6b,https://open.spotify.com/album/3rotqyttpdeq5blw9ylscd,metal/a-perfect-day-to-die-onslaught.jpg
a statue of the king,avatar,https://i.scdn.co/image/ab67616d0000b273d1299607e353053973dcce1e,https://open.spotify.com/album/5nn6nrlekd5bezqflu1bp7,metal/a-statue-of-the-king-avatar.jpg
abyss,unleash-the-archers,https://i.scdn.co/image/ab67616d0000b273338d49995699b644372426ff,https://open.spotify.com/album/7fgdn0xnj5efxuo0falbtn,metal/abyss-unleash-the-archers.jpg
ace of spades (expanded edition),motörhead,https://i.scdn.co/image/ab67616d0000b273bb7d33186e4a26421c6a77ae,https://open.spotify.com/album/3rxf05aux0qtrn533kjc91,metal/ace-of-spades-(expanded-edition)-motörhead.jpg
adore,numenorean,https://i.scdn.co/image/ab67616d0000b273959b4d1e0ea5955c1abd7551,https://open.spotify.com/album/4yf0hzrhpczvrteedmlcul,metal/adore-numenorean.jpg
afterglow,rising-insane,https://i.scdn.co/image/ab67616d0000b27329d07bf9369e9fa62e2b5b6a,https://open.spotify.com/album/2l8wawsth785zqmda3c8qj,metal/afterglow-rising-insane.jpg
aggression continuum,fear-factory,https://i.scdn.co/image/ab67616d0000b2731df43fb97b76d1fe58b10df7,https://open.spotify.com/album/3y1dh8gi1unvdoi4gi0jxk,metal/aggression-continuum-fear-factory.jpg
alien,northlane,https://i.scdn.co/image/ab67616d0000b273035f1b8eecca44a114356252,https://open.spotify.com/album/29q56s9hfbrpkumsfkefzx,metal/alien-northlane.jpg
all for the kingdom,grave-digger,https://i.scdn.co/image/ab67616d0000b2731fbc7c8bcfaf88531f5b8a3a,https://open.spotify.com/album/7bobbjrrrgnvvrrcphmw4j,metal/all-for-the-kingdom-grave-digger.jpg
all hope is gone (10th anniversary),slipknot,https://i.scdn.co/image/ab67616d0000b273e7fbc0883149094912559f2c,https://open.spotify.com/album/2isxjem0d4chvu2idnvuqk,metal/all-hope-is-gone-(10th-anniversary)-slipknot.jpg
all out life,slipknot,https://i.scdn.co/image/ab67616d0000b273120ad9d866b0575b2afeeafb,https://open.spotify.com/album/65qfxybggqggvacw0ynmxa,metal/all-out-life-slipknot.jpg
all pride no pain,upon-a-burning-body,https://i.scdn.co/image/ab67616d0000b27369dd116fcf2f091eb4380859,https://open.spotify.com/album/1bvvhpjzpihvfc98htot9z,metal/all-pride-no-pain-upon-a-burning-body.jpg
along came the devil,primal-fear,https://i.scdn.co/image/ab67616d0000b273577c6d57d6172cf62ee72e9f,https://open.spotify.com/album/17xga2thnpbylarrbahaiw,metal/along-came-the-devil-primal-fear.jpg
am i evil?,diamond-head,https://i.scdn.co/image/ab67616d0000b2732f730ac5e319ace94749bbcf,https://open.spotify.com/album/3kq7zsheu1auev2ukmjwka,metal/am-i-evil?-diamond-head.jpg
american capitalist (standard),five-finger-death-punch,https://i.scdn.co/image/ab67616d0000b273598ff2eb89dfd88cce79dc33,https://open.spotify.com/album/18bhwmcooksaqshdffq0wi,metal/american-capitalist-(standard)-five-finger-death-punch.jpg
and justice for none (deluxe),five-finger-death-punch,https://i.scdn.co/image/ab67616d0000b273fb94cdee49bcfbbefa8400ee,https://open.spotify.com/album/2ia9d7atwngtis6tpv9wkt,metal/and-justice-for-none-(deluxe)-five-finger-death-punch.jpg
angel or alien,born-of-osiris,https://i.scdn.co/image/ab67616d0000b27397491b37564e83c230d9d07e,https://open.spotify.com/album/6ecax8yels5jlglaqsxir6,metal/angel-or-alien-born-of-osiris.jpg
angelus apatrida,angelus-apatrida,https://i.scdn.co/image/ab67616d0000b27338b8329043ea661a5d228002,https://open.spotify.com/album/5xuls24vdrxouiberuxtbr,metal/angelus-apatrida-angelus-apatrida.jpg
antichrist superstar,marilyn-manson,https://i.scdn.co/image/ab67616d0000b273c61d3a663bd18fe8cd97c947,https://open.spotify.com/album/7apnzjwayr3lh9audpdyqb,metal/antichrist-superstar-marilyn-manson.jpg
archangel,amaranthe,https://i.scdn.co/image/ab67616d0000b2737c869b142b42643f56c23dc9,https://open.spotify.com/album/3nwmvp5act0iuyxnatk4b2,metal/archangel-amaranthe.jpg
are you dead yet?,children-of-bodom,https://i.scdn.co/image/ab67616d0000b27327c8e79e48a7b9b7c9ed6ba0,https://open.spotify.com/album/4jtmc1dly1oaggjbhdyayz,metal/are-you-dead-yet?-children-of-bodom.jpg
armed to the teeth,annihilator,https://i.scdn.co/image/ab67616d0000b273713982ad06df48487ca07244,https://open.spotify.com/album/5b30ek9tx0jyfn7dp38rnn,metal/armed-to-the-teeth-annihilator.jpg
around the fur,deftones,https://i.scdn.co/image/ab67616d0000b2730b1129853982ea17845d4eb6,https://open.spotify.com/album/7o4usmv37sg5it2eb7vhzu,metal/around-the-fur-deftones.jpg
arrows in words from the sky,machine-head,https://i.scdn.co/image/ab67616d0000b2738b24c6e49f3196725b57558b,https://open.spotify.com/album/3161fhmwzgaexi9dky5mlx,metal/arrows-in-words-from-the-sky-machine-head.jpg
arson,harakiri-for-the-sky,https://i.scdn.co/image/ab67616d0000b2737cf2fa22321c862465e237da,https://open.spotify.com/album/2swbn6mzl9myfcjpgqqr2v,metal/arson-harakiri-for-the-sky.jpg
as daylight dies (special edition),killswitch-engage,https://i.scdn.co/image/ab67616d0000b273cc5bb1a3f809896baf67dba4,https://open.spotify.com/album/6ijetghtebvlss5isis71z,metal/as-daylight-dies-(special-edition)-killswitch-engage.jpg
ascendancy (special edition),trivium,https://i.scdn.co/image/ab67616d0000b273ca1c6c978dcd0e39edb026f5,https://open.spotify.com/album/21mohkotrpvysn4d2sboaf,metal/ascendancy-(special-edition)-trivium.jpg
ashes of the wake,lamb-of-god,https://i.scdn.co/image/ab67616d0000b273987a96b77769374ab3d65c17,https://open.spotify.com/album/22cwc9t4gqppukjzwnbrlh,metal/ashes-of-the-wake-lamb-of-god.jpg
astorolus - the great octopus,candlemass,https://i.scdn.co/image/ab67616d0000b2736e66b96a135c2e4d12333d18,https://open.spotify.com/album/4xriy3gry9wdxmgibemj37,metal/astorolus---the-great-octopus-candlemass.jpg
astronaut in the ocean,our-last-night,https://i.scdn.co/image/ab67616d0000b273274c95ab1be8ccf29be69f3d,https://open.spotify.com/album/3oildlxf5rfvhaqmez7ent,metal/astronaut-in-the-ocean-our-last-night.jpg
atlas,parkway-drive,https://i.scdn.co/image/ab67616d0000b273356c88f4aacba39173266b8e,https://open.spotify.com/album/0bdtf7lhukczbcykmydhxp,metal/atlas-parkway-drive.jpg
atonement,killswitch-engage,https://i.scdn.co/image/ab67616d0000b273ef43657f03bd2a4f26cccfb5,https://open.spotify.com/album/6kkup557e0o5k0drbfohjz,metal/atonement-killswitch-engage.jpg
bad entertainment (feat. milkie way),trash-boat,https://i.scdn.co/image/ab67616d0000b273cee4be03f420b9b5ff864c93,https://open.spotify.com/album/2cjvmto9iqpx73tz4gpsno,metal/bad-entertainment-(feat.-milkie-way)-trash-boat.jpg
bad magic,motörhead,https://i.scdn.co/image/ab67616d0000b273a24a1e56a7c7b7de341babde,https://open.spotify.com/album/6dmv1580g91klyjquabspq,metal/bad-magic-motörhead.jpg
"ballistic, sadistic",annihilator,https://i.scdn.co/image/ab67616d0000b2733eac1aacb4482a47ed6b359d,https://open.spotify.com/album/6agml5pvbzgu3qjnuwiohe,"metal/ballistic,-sadistic-annihilator.jpg"
baptize,atreyu,https://i.scdn.co/image/ab67616d0000b273d0a22b11af5e904ace3adbc5,https://open.spotify.com/album/7gsn76j4ipgrhl9r7mnltl,metal/baptize-atreyu.jpg
bartzabel,behemoth,https://i.scdn.co/image/ab67616d0000b273fe8118c32af780804b37fd48,https://open.spotify.com/album/5vvagwabbelkqkrx5lo1dg,metal/bartzabel-behemoth.jpg
battles,in-flames,https://i.scdn.co/image/ab67616d0000b273be82d2cb62348ef9021b1b52,https://open.spotify.com/album/2qmulevqqcsiqqomqebvta,metal/battles-in-flames.jpg
beast of gévaudan,powerwolf,https://i.scdn.co/image/ab67616d0000b273e0c2d5b7d5842299671c7320,https://open.spotify.com/album/3rzyovebrhf5y395rnrr9n,metal/beast-of-gévaudan-powerwolf.jpg
behold the crown,after-the-burial,https://i.scdn.co/image/ab67616d0000b273edce54a8ecec6ee7bafcc330,https://open.spotify.com/album/7xvmc4ddmsokbn96owc4r3,metal/behold-the-crown-after-the-burial.jpg
below,beartooth,https://i.scdn.co/image/ab67616d0000b27335e1ba1b6d84673e306b3e89,https://open.spotify.com/album/5aqkqldlehnx6p4rxffwaz,metal/below-beartooth.jpg
berserker,amon-amarth,https://i.scdn.co/image/ab67616d0000b273e70aac569b94abd971112f1b,https://open.spotify.com/album/0svoiboyrzqgrpvbdbjtue,metal/berserker-amon-amarth.jpg
beyond hell / above heaven,volbeat,https://i.scdn.co/image/ab67616d0000b2730a414fa735f6e9d7c27f4523,https://open.spotify.com/album/2gbzit8mcygmc7vzf4bsk9,metal/beyond-hell---above-heaven-volbeat.jpg
bismarck,sabaton,https://i.scdn.co/image/ab67616d0000b2734f41a332a8deb1ff7b9ebafe,https://open.spotify.com/album/3riq2thwbtfymzmd6tptwy,metal/bismarck-sabaton.jpg
black flame,bury-tomorrow,https://i.scdn.co/image/ab67616d0000b273e766a6c11d76e73691339f57,https://open.spotify.com/album/00dqxo6rtdm2gvlcpjlozt,metal/black-flame-bury-tomorrow.jpg
bleeding sun,chelsea-grin,https://i.scdn.co/image/ab67616d0000b2733a358df1f1580e01c587defa,https://open.spotify.com/album/7hkhfnclnpmrxl20kqdzso,metal/bleeding-sun-chelsea-grin.jpg
blessed & possessed,powerwolf,https://i.scdn.co/image/ab67616d0000b273548ded7a6630965dc0d6f46f,https://open.spotify.com/album/7plj8emutro3tdnpzn4isb,metal/blessed-&-possessed-powerwolf.jpg
blood,breaking-benjamin,https://i.scdn.co/image/ab67616d0000b273c596c825e96de2a09808f9d0,https://open.spotify.com/album/1ckgu9oj16cqfpy2mbn86s,metal/blood-breaking-benjamin.jpg
blood & water,memphis-may-fire,https://i.scdn.co/image/ab67616d0000b27333bc7b7ef04820ce9e518af4,https://open.spotify.com/album/04anleniv9gbaaqgpijv9n,metal/blood-&-water-memphis-may-fire.jpg
blood for blood,hellyeah,https://i.scdn.co/image/ab67616d0000b273ba322d5faed51c07fd6f47f1,https://open.spotify.com/album/6o24vhd68xpwqzgu9ppv7g,metal/blood-for-blood-hellyeah.jpg
blood from above,stryper,https://i.scdn.co/image/ab67616d0000b273b02505d8c6716db5d7da00c5,https://open.spotify.com/album/1nbtmfgmg415yl9bzlmmii,metal/blood-from-above-stryper.jpg
blood of the nations,accept,https://i.scdn.co/image/ab67616d0000b27353f472a6a6a32e8ea6f404c7,https://open.spotify.com/album/70geplvmkuxn50lfdh1gio,metal/blood-of-the-nations-accept.jpg
blood of the saints,powerwolf,https://i.scdn.co/image/ab67616d0000b27346c550081a2f5674e2cf608d,https://open.spotify.com/album/1msxqkpaz2npubmvqi9v3n,metal/blood-of-the-saints-powerwolf.jpg
bloodline,arion,https://i.scdn.co/image/ab67616d0000b273051dcf8cdbcb6903802715a7,https://open.spotify.com/album/4tt6kdvt97d0xhbipueb4l,metal/bloodline-arion.jpg
brainwashed (deluxe),while-she-sleeps,https://i.scdn.co/image/ab67616d0000b273db27fccd2f05acdd987c14ee,https://open.spotify.com/album/30tmzxas5atxns4x1e8loq,metal/brainwashed-(deluxe)-while-she-sleeps.jpg
bring it on,memoremains,https://i.scdn.co/image/ab67616d0000b273054fb8801ddd5425b846e243,https://open.spotify.com/album/5orhvtkhbzgxhvpofqs7z8,metal/bring-it-on-memoremains.jpg
bringer of pain,battle-beast,https://i.scdn.co/image/ab67616d0000b2735dbaa77b6eb154d06b075771,https://open.spotify.com/album/2ygnsxfdt1jdenpfxnn13o,metal/bringer-of-pain-battle-beast.jpg
british steel,judas-priest,https://i.scdn.co/image/ab67616d0000b273be0e5ebab8c61469b1ff9f62,https://open.spotify.com/album/5bqtzrbuzuxups8mro9tgy,metal/british-steel-judas-priest.jpg
brother of the storm,grand-magus,https://i.scdn.co/image/ab67616d0000b2739cf8ce3c9591744a57d83016,https://open.spotify.com/album/3lla3fmglcgpttclcueuuu,metal/brother-of-the-storm-grand-magus.jpg
brotherhood of the snake,testament,https://i.scdn.co/image/ab67616d0000b27397464fd9e0bdac0722ee2caf,https://open.spotify.com/album/1dds3ubhvsj5vr86lzk5k2,metal/brotherhood-of-the-snake-testament.jpg
bulletproof,ovtlier,https://i.scdn.co/image/ab67616d0000b2735f7b4e4b0599095314fd2bbc,https://open.spotify.com/album/3fdacgx7rdtyxrmulaqygj,metal/bulletproof-ovtlier.jpg
bum-rush,body-count,https://i.scdn.co/image/ab67616d0000b273825dafc287fff78c5bbcbec7,https://open.spotify.com/album/7tsf45oemvo9ln1haor77w,metal/bum-rush-body-count.jpg
burn,lionheart,https://i.scdn.co/image/ab67616d0000b273c46d19439edd26d000bb688f,https://open.spotify.com/album/6wuolpm7uak5sgscrnyeoa,metal/burn-lionheart.jpg
burn in the flood,"our-hollow,-our-home",https://i.scdn.co/image/ab67616d0000b273b1347add894bd191f5bf7dea,https://open.spotify.com/album/6ppompwbantdmioyx6eqx6,"metal/burn-in-the-flood-our-hollow,-our-home.jpg"
burn it down,silverstein,https://i.scdn.co/image/ab67616d0000b273ae36d07ec47db73455bbde95,https://open.spotify.com/album/4cawr5gcqpfdahe85wsaqk,metal/burn-it-down-silverstein.jpg
burn my eyes,machine-head,https://i.scdn.co/image/ab67616d0000b2737eefd1a87710bf84a7688a2c,https://open.spotify.com/album/4s4whsbrneiha796lnu8nj,metal/burn-my-eyes-machine-head.jpg
california dreaming,hollywood-undead,https://i.scdn.co/image/ab67616d0000b273fb0db6a4fec3bfce8fed7b11,https://open.spotify.com/album/61ss7tgvsqwboliot28mxw,metal/california-dreaming-hollywood-undead.jpg
can you feel my heart,varien,https://i.scdn.co/image/ab67616d0000b27314ec368080d7f9eaf9782b54,https://open.spotify.com/album/2nu064tbziquqhfexxuhqg,metal/can-you-feel-my-heart-varien.jpg
carolus rex (swedish version),sabaton,https://i.scdn.co/image/ab67616d0000b273e2fc0dae62fdb5b3e94bf2d6,https://open.spotify.com/album/7hxaovcsfu18gqnly7vudr,metal/carolus-rex-(swedish-version)-sabaton.jpg
catastrophist,trivium,https://i.scdn.co/image/ab67616d0000b273e38afd93deeac1ee200f6d95,https://open.spotify.com/album/6jt2f5kpnwy8lg6ojldxgx,metal/catastrophist-trivium.jpg
chaos and earthquakes,nonpoint,https://i.scdn.co/image/ab67616d0000b273df696e9f4604d6a795ceae47,https://open.spotify.com/album/1unocrujtgd39ymdngi1re,metal/chaos-and-earthquakes-nonpoint.jpg
city of ghosts,meshiaak,https://i.scdn.co/image/ab67616d0000b273bb7ab167007b7b94cc51e902,https://open.spotify.com/album/4iu1uyocn7roxs2qdtfqui,metal/city-of-ghosts-meshiaak.jpg
clawfinger (remastered version),clawfinger,https://i.scdn.co/image/ab67616d0000b27347e014fd0fb8799249d42902,https://open.spotify.com/album/5ea1276qlebpn5o80km0mt,metal/clawfinger-(remastered-version)-clawfinger.jpg
clayman,in-flames,https://i.scdn.co/image/ab67616d0000b27341ae9b691f3c18957c8fcdb1,https://open.spotify.com/album/1hvhtwo9hlppr7t8orczrd,metal/clayman-in-flames.jpg
clayman (reissue 2014),in-flames,https://i.scdn.co/image/ab67616d0000b273955536b17812ef9da826562b,https://open.spotify.com/album/1ak0zfm3my983j4ckothfy,metal/clayman-(reissue-2014)-in-flames.jpg
cleansing,prong,https://i.scdn.co/image/ab67616d0000b27397682fc3fb027754c58986dc,https://open.spotify.com/album/1rmsgrjnbfyrmavl1nw9po,metal/cleansing-prong.jpg
cloud connected,metalite,https://i.scdn.co/image/ab67616d0000b273479c472c25c0e94d5a5b5cb9,https://open.spotify.com/album/2jh3n37zjqbe4trdp3t0ke,metal/cloud-connected-metalite.jpg
cloud factory (re-issue),jinjer,https://i.scdn.co/image/ab67616d0000b273ad5d56b414f69495ef7f583d,https://open.spotify.com/album/1ucftlqd0hj5vry7omfbcf,metal/cloud-factory-(re-issue)-jinjer.jpg
collapsing,dead-by-april,https://i.scdn.co/image/ab67616d0000b273680b0c9269c135e6227e2ec5,https://open.spotify.com/album/7mzxb3qlltt0tp1upknrn9,metal/collapsing-dead-by-april.jpg
comalies,lacuna-coil,https://i.scdn.co/image/ab67616d0000b27340cd02504f36bfd9f88b6d96,https://open.spotify.com/album/1zfvnbqjrgicalbnpzueyn,metal/comalies-lacuna-coil.jpg
conspiracy,the-raven-age,https://i.scdn.co/image/ab67616d0000b273ec9fa1472d1ed39c17776f8e,https://open.spotify.com/album/6hhxlpaqzix2vu3g3uscth,metal/conspiracy-the-raven-age.jpg
contraband (feat. courtney laplante),make-them-suffer,https://i.scdn.co/image/ab67616d0000b2737cb4834f06717771d56051be,https://open.spotify.com/album/0qlgsj9xuoyqrc40hame3d,metal/contraband-(feat.-courtney-laplante)-make-them-suffer.jpg
cost of lies,outrun-the-fall,https://i.scdn.co/image/ab67616d0000b27344c45d9e4dcd4c0405b6f3fe,https://open.spotify.com/album/6wzjwgs8f7irncvertfn1p,metal/cost-of-lies-outrun-the-fall.jpg
countdown to extinction,megadeth,https://i.scdn.co/image/ab67616d0000b2737b178f928742be1492c6fba2,https://open.spotify.com/album/1w9opfgdftr3ulnhxnno1e,metal/countdown-to-extinction-megadeth.jpg
counterfeit,wolves-at-the-gate,https://i.scdn.co/image/ab67616d0000b273b96ab8cae4f2f9bcd510c291,https://open.spotify.com/album/7drm9oms2rawf0i43of4bp,metal/counterfeit-wolves-at-the-gate.jpg
cowboys from hell,pantera,https://i.scdn.co/image/ab67616d0000b2730ce52f4ba340a1e459e6a978,https://open.spotify.com/album/5szy4sbosd6ifjfn1rtwte,metal/cowboys-from-hell-pantera.jpg
crack of doom (feat. troy sanders),kvelertak,https://i.scdn.co/image/ab67616d0000b273b1f75ab704406b956d18903d,https://open.spotify.com/album/0ownxrfd3rbaqoa1swbu8b,metal/crack-of-doom-(feat.-troy-sanders)-kvelertak.jpg
creatures of the dark realm (japan edition),bloodbound,https://i.scdn.co/image/ab67616d0000b273490f910bc49658d43b34a720,https://open.spotify.com/album/1yetm7cx0ffpidaacsoeaq,metal/creatures-of-the-dark-realm-(japan-edition)-bloodbound.jpg
crimson skies,black-veil-brides,https://i.scdn.co/image/ab67616d0000b273d8099ec897d478014a8cf507,https://open.spotify.com/album/0ssmzzgebktgo5mdurb7ji,metal/crimson-skies-black-veil-brides.jpg
cross off,mark-morton,https://i.scdn.co/image/ab67616d0000b2732c7d0a60dafac66df522a719,https://open.spotify.com/album/4eppol2gpijuz75rsdn1fb,metal/cross-off-mark-morton.jpg
crossing the blades,running-wild,https://i.scdn.co/image/ab67616d0000b273bc998ecbcdcbdfe31de94f64,https://open.spotify.com/album/4fmf6kwnyex6poy4ga8fq3,metal/crossing-the-blades-running-wild.jpg
curse of the crystal coconut (deluxe version),alestorm,https://i.scdn.co/image/ab67616d0000b273f51bc6482ff549f427eddce5,https://open.spotify.com/album/358yhrqslh5vpqet8b6wmb,metal/curse-of-the-crystal-coconut-(deluxe-version)-alestorm.jpg
dance with the devil,burning-witches,https://i.scdn.co/image/ab67616d0000b2733c4814710adae3dc1f9501a2,https://open.spotify.com/album/0prkzd93okyxyyixryttzq,metal/dance-with-the-devil-burning-witches.jpg
dancing with the dead,powerwolf,https://i.scdn.co/image/ab67616d0000b273a29b70fa8dd14376b3df0f16,https://open.spotify.com/album/5maaq7ktpsjrny2toiftn8,metal/dancing-with-the-dead-powerwolf.jpg
dangerous,thecityisours,https://i.scdn.co/image/ab67616d0000b273a61bef23cdd63d19ac1c3675,https://open.spotify.com/album/5xcokfbj6ui1edpuoxmvr5,metal/dangerous-thecityisours.jpg
dangerous ground,h.e.a.t,https://i.scdn.co/image/ab67616d0000b273f2328ca9b43c397e2b833c83,https://open.spotify.com/album/5ghpmoarm9w1ma04eryqfw,metal/dangerous-ground-h.e.a.t.jpg
danzig,danzig,https://i.scdn.co/image/ab67616d0000b273bc8d8db760af7b9d0c91747f,https://open.spotify.com/album/3elidlrttrgkfbxyvgp3uw,metal/danzig-danzig.jpg
dark side,blind-channel,https://i.scdn.co/image/ab67616d0000b2732a90342fc4326d62a06d92db,https://open.spotify.com/album/6lzb7ejzxgtelxgbszuhms,metal/dark-side-blind-channel.jpg
dark skies,fit-for-a-king,https://i.scdn.co/image/ab67616d0000b2737c3fe6445b0693d0ddcb25ca,https://open.spotify.com/album/73avgsgwyiht6qw4p7lmlc,metal/dark-skies-fit-for-a-king.jpg
day drinking,attila,https://i.scdn.co/image/ab67616d0000b2738d5c1789da78621b2a4648d5,https://open.spotify.com/album/2gocmwcpsronxtxhf6alvj,metal/day-drinking-attila.jpg
day one (deluxe),from-ashes-to-new,https://i.scdn.co/image/ab67616d0000b2731bba393e26f3ab7c5400b459,https://open.spotify.com/album/1risdyosp9fx5ckg7jyybr,metal/day-one-(deluxe)-from-ashes-to-new.jpg
daywalker! (feat. corpse),machine-gun-kelly,https://i.scdn.co/image/ab67616d0000b273d61bd7979bfead643d7100b8,https://open.spotify.com/album/2y8j3djw8zswvabecpbbti,metal/daywalker!-(feat.-corpse)-machine-gun-kelly.jpg
dead by april,dead-by-april,https://i.scdn.co/image/ab67616d0000b27385baded5442f9e68824f2ac3,https://open.spotify.com/album/3ni2ev35szkpxa3dafrvvp,metal/dead-by-april-dead-by-april.jpg
dead on the vine,metal-church,https://i.scdn.co/image/ab67616d0000b273956de98bf5a0d72b6679b285,https://open.spotify.com/album/2hkqoro0srimozkufz0gt1,metal/dead-on-the-vine-metal-church.jpg
deadlock,once-human,https://i.scdn.co/image/ab67616d0000b2736b269b7e92d8103ed5b05887,https://open.spotify.com/album/2rljjqnnncpbkqc3ujy9v8,metal/deadlock-once-human.jpg
deadweight,wage-war,https://i.scdn.co/image/ab67616d0000b273cf835d6ada985cb303254f96,https://open.spotify.com/album/0c4jrjybcqhu0pq3td483f,metal/deadweight-wage-war.jpg
death by design,diamond-head,https://i.scdn.co/image/ab67616d0000b273a3243bf82d616d297d447a4f,https://open.spotify.com/album/4uaovhecymjxq2nskhvlv0,metal/death-by-design-diamond-head.jpg
death row center,oceanhoarse,https://i.scdn.co/image/ab67616d0000b273eca1fc81c571cf7c9ca2752c,https://open.spotify.com/album/2vp71guicg2ro1eh2b8xw0,metal/death-row-center-oceanhoarse.jpg
defence of moscow,sabaton,https://i.scdn.co/image/ab67616d0000b273ff62fb994eee2b31b3a4df02,https://open.spotify.com/album/6sjefwntixqzc1bobo2aqy,metal/defence-of-moscow-sabaton.jpg
defy,of-mice-&-men,https://i.scdn.co/image/ab67616d0000b2738237d03c649302980ded387b,https://open.spotify.com/album/78ymb0lsplaeuugaelell0,metal/defy-of-mice-&-men.jpg
delirium,lacuna-coil,https://i.scdn.co/image/ab67616d0000b273ceec544f34f8d918636f6995,https://open.spotify.com/album/5ddvey5xvxrk6fel0jnlys,metal/delirium-lacuna-coil.jpg
demanufacture [special edition],fear-factory,https://i.scdn.co/image/ab67616d0000b2739f588bbc502030c9dbfc7b1b,https://open.spotify.com/album/6gphwrmqg5ns8o3aqkmro2,metal/demanufacture-[special-edition]-fear-factory.jpg
demolisher,slaughter-to-prevail,https://i.scdn.co/image/ab67616d0000b273d5ee8f193fd3bf8d82bef25d,https://open.spotify.com/album/208720qapuwdbfmmbdrmhk,metal/demolisher-slaughter-to-prevail.jpg
demons are a girl's best friend,powerwolf,https://i.scdn.co/image/ab67616d0000b2733eb8ba93ce1077f76eed387e,https://open.spotify.com/album/6sfftjmyjvgavra2k8whwc,metal/demons-are-a-girl's-best-friend-powerwolf.jpg
demons are a girl‘s best friend,powerwolf,https://i.scdn.co/image/ab67616d0000b273beceeff472735b758306e48e,https://open.spotify.com/album/7uctjyrfkzyvwe164afq2x,metal/demons-are-a-girl‘s-best-friend-powerwolf.jpg
desert dreams,falconer,https://i.scdn.co/image/ab67616d0000b273fa0a3de50357605e9d19d7ed,https://open.spotify.com/album/0hmsruzn6vxz1ru1fqxip2,metal/desert-dreams-falconer.jpg
destruction or strength,as-i-lay-dying,https://i.scdn.co/image/ab67616d0000b2733e69d9328a639147d479dcc8,https://open.spotify.com/album/1ztzzxtddt9wnpxlgllm4n,metal/destruction-or-strength-as-i-lay-dying.jpg
diabolic,demons-&-wizards,https://i.scdn.co/image/ab67616d0000b273eac3203b6e94d8dbae3271bc,https://open.spotify.com/album/0n3kyg04bzlx1kvoih0y2n,metal/diabolic-demons-&-wizards.jpg
die by the blade,beast-in-black,https://i.scdn.co/image/ab67616d0000b2734365a8d9113c2b6ea372654c,https://open.spotify.com/album/3cwywjglsoprnd0106mv1s,metal/die-by-the-blade-beast-in-black.jpg
dig deep,after-the-burial,https://i.scdn.co/image/ab67616d0000b273ee1ce5c92d708957395abdeb,https://open.spotify.com/album/7abqa1tuh6eonhaibabqhe,metal/dig-deep-after-the-burial.jpg
dines x heafy,dines-x-heafy,https://i.scdn.co/image/ab67616d0000b2733e67a0609b2d26876e5d69e2,https://open.spotify.com/album/3mtamn8dnp0tuqavmiqns4,metal/dines-x-heafy-dines-x-heafy.jpg
disarm the descent (special edition),killswitch-engage,https://i.scdn.co/image/ab67616d0000b27341f130b95f06817413147298,https://open.spotify.com/album/5i6bh0uavr4lnkmvuwdzod,metal/disarm-the-descent-(special-edition)-killswitch-engage.jpg
disguise,motionless-in-white,https://i.scdn.co/image/ab67616d0000b273daa4a83d2f794c1e31265dab,https://open.spotify.com/album/4jecm4nzhtpjdx4jbykh00,metal/disguise-motionless-in-white.jpg
dominion,hammerfall,https://i.scdn.co/image/ab67616d0000b2735d6b4d606535772e4d53226b,https://open.spotify.com/album/5lqdlykkerilwrikw6qyls,metal/dominion-hammerfall.jpg
doom (original game soundtrack),mick-gordon,https://i.scdn.co/image/ab67616d0000b273aad36b64a1a78951b504bc4e,https://open.spotify.com/album/0kqyc28p9808r0okknghvp,metal/doom-(original-game-soundtrack)-mick-gordon.jpg
doomsday,architects,https://i.scdn.co/image/ab67616d0000b27322535d3425b7b1f4e972d434,https://open.spotify.com/album/6lkancarvp5qqvkyqocuwf,metal/doomsday-architects.jpg
down and out,savage-messiah,https://i.scdn.co/image/ab67616d0000b273d1715636894d4027c585d3a7,https://open.spotify.com/album/5ojdanhlwnb7wxduoaktoq,metal/down-and-out-savage-messiah.jpg
dracula,mystic-prophecy,https://i.scdn.co/image/ab67616d0000b27349895ed0c38ab356e390432d,https://open.spotify.com/album/3t5r0bxdbbnjuv0xigo5lm,metal/dracula-mystic-prophecy.jpg
drilled to kill,michael-schenker-group,https://i.scdn.co/image/ab67616d0000b27344dafab198ad48808b3b1df2,https://open.spotify.com/album/4jrqlkuhnje7dr9avnxfmg,metal/drilled-to-kill-michael-schenker-group.jpg
eat the elephant,a-perfect-circle,https://i.scdn.co/image/ab67616d0000b2732aa2cd2ad88867eccce47b4e,https://open.spotify.com/album/3jr1rhayndbxtyi8rjs3op,metal/eat-the-elephant-a-perfect-circle.jpg
emblas saga,brothers-of-metal,https://i.scdn.co/image/ab67616d0000b273f959fa12f3157d5968aca89d,https://open.spotify.com/album/4v0kqr29qilu0yruwm52sc,metal/emblas-saga-brothers-of-metal.jpg
end of the attention span,armored-saint,https://i.scdn.co/image/ab67616d0000b2734d2841a2d0e76b518f93b3dd,https://open.spotify.com/album/5ubb2i0dxxlxgwegnkx2th,metal/end-of-the-attention-span-armored-saint.jpg
enlightened in eternity,spirit-adrift,https://i.scdn.co/image/ab67616d0000b2737754b5b6f13f7d513a60ceda,https://open.spotify.com/album/2prydpb2jz4mc7rmiu4e1m,metal/enlightened-in-eternity-spirit-adrift.jpg
envy,afterlife,https://i.scdn.co/image/ab67616d0000b273884f1d8c054c0097e7bcb2a9,https://open.spotify.com/album/1wjhk0tlmtm1c190rxazcr,metal/envy-afterlife.jpg
eonian,dimmu-borgir,https://i.scdn.co/image/ab67616d0000b27334a4b98639ca84a2b372425c,https://open.spotify.com/album/0gyto5zmxze1mjsnkh5ort,metal/eonian-dimmu-borgir.jpg
eradicate,heaven-shall-burn,https://i.scdn.co/image/ab67616d0000b273052aa3b96821ac4703582f2c,https://open.spotify.com/album/2bs5fs6c7ubauxlyo8cvgg,metal/eradicate-heaven-shall-burn.jpg
evolution (deluxe edition),disturbed,https://i.scdn.co/image/ab67616d0000b2731c8a25920cf6c0967dd67ac5,https://open.spotify.com/album/1ipufqmucrxyujqxf1ap0n,metal/evolution-(deluxe-edition)-disturbed.jpg
eye to eye,mystic-prophecy,https://i.scdn.co/image/ab67616d0000b273d194a4149f845647df864d0b,https://open.spotify.com/album/1qzftzzrawxfgtkhcgacbg,metal/eye-to-eye-mystic-prophecy.jpg
f8,five-finger-death-punch,https://i.scdn.co/image/ab67616d0000b27368780bf3f5a4af94f2c953c6,https://open.spotify.com/album/7vacymf4fekxvqcudzlqd2,metal/f8-five-finger-death-punch.jpg
face of a stranger,dirkschneider-&-the-old-gang,https://i.scdn.co/image/ab67616d0000b2734cd04cd376573e97bfce429e,https://open.spotify.com/album/2dcdker7basxy6m8ougcdx,metal/face-of-a-stranger-dirkschneider-&-the-old-gang.jpg
fade,catch-your-breath,https://i.scdn.co/image/ab67616d0000b2733e62c92d33ac970b00f4fd9a,https://open.spotify.com/album/5iplw8pjr65ypyylzcqbt0,metal/fade-catch-your-breath.jpg
fakers plague,while-she-sleeps,https://i.scdn.co/image/ab67616d0000b27310107954ad2a269fb05b5e05,https://open.spotify.com/album/2otcpmqpdi87enhxxqg8d3,metal/fakers-plague-while-she-sleeps.jpg
falling apart,caskets,https://i.scdn.co/image/ab67616d0000b273037317f46161f34ff0e6e9a5,https://open.spotify.com/album/7cqo7bup1p4uigpo7vstzg,metal/falling-apart-caskets.jpg
fear of the fallen,helloween,https://i.scdn.co/image/ab67616d0000b27331bf04d41a676b83e4c879e9,https://open.spotify.com/album/4fotnqvfbsmo5keaxq59kg,metal/fear-of-the-fallen-helloween.jpg
fear tomorrow,fit-for-an-autopsy,https://i.scdn.co/image/ab67616d0000b273dd00da528096790db8719056,https://open.spotify.com/album/5zp2krlumqziubq04wpdd8,metal/fear-tomorrow-fit-for-an-autopsy.jpg
fever,bullet-for-my-valentine,https://i.scdn.co/image/ab67616d0000b273f467961e3089fd694c893584,https://open.spotify.com/album/3q3db4felkdide2bxtlflb,metal/fever-bullet-for-my-valentine.jpg
fighter,april-art,https://i.scdn.co/image/ab67616d0000b2733d07a0ae4356ac04b9138838,https://open.spotify.com/album/1sqon3qsal31dzhghrd55y,metal/fighter-april-art.jpg
final breath,the-browning,https://i.scdn.co/image/ab67616d0000b2730ac582a131a93a6e42a8d2e5,https://open.spotify.com/album/0fm7srk4uci8nyt2uinwds,metal/final-breath-the-browning.jpg
finding god before god finds me (deluxe),bad-omens,https://i.scdn.co/image/ab67616d0000b273dde91e50cb51436b06204c9e,https://open.spotify.com/album/0fpsappbxurvdqfc2qe0bo,metal/finding-god-before-god-finds-me-(deluxe)-bad-omens.jpg
firepower,judas-priest,https://i.scdn.co/image/ab67616d0000b2735c48f1b63e4b70cf96ffb088,https://open.spotify.com/album/7p3g0ocxtlwyjcpe1fxnyb,metal/firepower-judas-priest.jpg
flagged channel,hyro-the-hero,https://i.scdn.co/image/ab67616d0000b273e3e0f915efcac33d60472d26,https://open.spotify.com/album/2o6gx6goxvn9elspghtdpv,metal/flagged-channel-hyro-the-hero.jpg
flawed design,saint-asonia,https://i.scdn.co/image/ab67616d0000b273154d8407422a77c5ba9f4169,https://open.spotify.com/album/59pop9owt8gjgj2atvmchg,metal/flawed-design-saint-asonia.jpg
fleur de lis,the-raven-age,https://i.scdn.co/image/ab67616d0000b273b3211a0e95ff5352ac50b81b,https://open.spotify.com/album/5d6mrncofjbnxzonkgyeyf,metal/fleur-de-lis-the-raven-age.jpg
follow the leader,korn,https://i.scdn.co/image/ab67616d0000b27350d216aebaf98e8ac9947fd5,https://open.spotify.com/album/0gsiszk6jwywaygvattud4,metal/follow-the-leader-korn.jpg
for all,ember-falls,https://i.scdn.co/image/ab67616d0000b273cc3778b5ae7e5d7419cfca25,https://open.spotify.com/album/2hkceycruerp2labysz1hj,metal/for-all-ember-falls.jpg
for we are many,all-that-remains,https://i.scdn.co/image/ab67616d0000b273d95df8ab5382d116e021959c,https://open.spotify.com/album/265s1pnneyr8bc7lh3wxxt,metal/for-we-are-many-all-that-remains.jpg
forged in metal,manimal,https://i.scdn.co/image/ab67616d0000b273497a65e38d90ed03486d8e5b,https://open.spotify.com/album/6k1hronie7virxwolccq93,metal/forged-in-metal-manimal.jpg
from hell with love,beast-in-black,https://i.scdn.co/image/ab67616d0000b2734959170cc823eeaba14d1430,https://open.spotify.com/album/3at1plga6momsx7mmlnrhr,metal/from-hell-with-love-beast-in-black.jpg
fu2 (feat. aj channer of fire from the gods),hyro-the-hero,https://i.scdn.co/image/ab67616d0000b27315100b578484f971fa46ffdd,https://open.spotify.com/album/3psmwskb6xln4wtyi5knkb,metal/fu2-(feat.-aj-channer-of-fire-from-the-gods)-hyro-the-hero.jpg
ghost of marley,majestica,https://i.scdn.co/image/ab67616d0000b273cc9d2076698eb2e5ac088f94,https://open.spotify.com/album/6wenrohkoij2hs1s8dkuol,metal/ghost-of-marley-majestica.jpg
glory for salvation,rhapsody-of-fire,https://i.scdn.co/image/ab67616d0000b273b48ea9a3a4699a7233db9aca,https://open.spotify.com/album/6uie4o10a2ef9mg2v8pwpo,metal/glory-for-salvation-rhapsody-of-fire.jpg
gloryhammer,gloryhammer,https://i.scdn.co/image/ab67616d0000b2739a346530af43fac758787f3d,https://open.spotify.com/album/2hjfrpr304zxz4cpqk1ws2,metal/gloryhammer-gloryhammer.jpg
gods of violence,kreator,https://i.scdn.co/image/ab67616d0000b273d5c0fc40f7b9299fd277dd8a,https://open.spotify.com/album/4yysbln9km5fnhe4nwlc6q,metal/gods-of-violence-kreator.jpg
gods of war,dragony,https://i.scdn.co/image/ab67616d0000b2739e69d01372a5b1f4005237fe,https://open.spotify.com/album/6txovleyxd8qkecgiwl0tz,metal/gods-of-war-dragony.jpg
golgotha,w.a.s.p.,https://i.scdn.co/image/ab67616d0000b273dd708c6141797fe99affed24,https://open.spotify.com/album/6yzu8qyj6od609pu17e7kp,metal/golgotha-w.a.s.p..jpg
got your six,five-finger-death-punch,https://i.scdn.co/image/ab67616d0000b2734804f1513736e5e2b3e053dc,https://open.spotify.com/album/4kxynmizbhgxufm1uouhoj,metal/got-your-six-five-finger-death-punch.jpg
graveyard shift,motionless-in-white,https://i.scdn.co/image/ab67616d0000b27320bfa6114be3fcada3b5b3e3,https://open.spotify.com/album/5ucbd1gyfrg0uvhp4a4ay6,metal/graveyard-shift-motionless-in-white.jpg
gravity,bullet-for-my-valentine,https://i.scdn.co/image/ab67616d0000b273678614607d963702636ee75a,https://open.spotify.com/album/28scbclwbahhn6ovutizqg,metal/gravity-bullet-for-my-valentine.jpg
gumshield,don-broco,https://i.scdn.co/image/ab67616d0000b273802b1fd99bb7b650ca620caa,https://open.spotify.com/album/4ogwzvlvs3kejg4gscfusq,metal/gumshield-don-broco.jpg
gunfire,axel-rudi-pell,https://i.scdn.co/image/ab67616d0000b27314f521c8e16988690026457f,https://open.spotify.com/album/4oibjd6pkhur2kwikl6bsk,metal/gunfire-axel-rudi-pell.jpg
h.e.a.t ii,h.e.a.t,https://i.scdn.co/image/ab67616d0000b2738bbb678e793fc4ccafee66d1,https://open.spotify.com/album/15spcyoncexraekcz2no3m,metal/h.e.a.t-ii-h.e.a.t.jpg
hail to the king,avenged-sevenfold,https://i.scdn.co/image/ab67616d0000b2730ea1ecb2d5271c2db402b0c2,https://open.spotify.com/album/0ks45m1bsp2jszpm5d2ffa,metal/hail-to-the-king-avenged-sevenfold.jpg
harbinger,arrival-of-autumn,https://i.scdn.co/image/ab67616d0000b273ef58b0844a57a4fee41bb227,https://open.spotify.com/album/11kntc9eckhlot7eoazjit,metal/harbinger-arrival-of-autumn.jpg
hardwired…to self-destruct,metallica,https://i.scdn.co/image/ab67616d0000b273b02dd21e1baa15b3c8897f07,https://open.spotify.com/album/6bawrczig4yvnujrhswk4p,metal/hardwired…to-self-destruct-metallica.jpg
hardwired…to self-destruct (deluxe),metallica,https://i.scdn.co/image/ab67616d0000b273e5a07037750e97dca575c690,https://open.spotify.com/album/4bcuix49wpmdrhrc8tvdwv,metal/hardwired…to-self-destruct-(deluxe)-metallica.jpg
hate,thy-art-is-murder,https://i.scdn.co/image/ab67616d0000b273e2c9bcf1ae2bafc0f6b01c0d,https://open.spotify.com/album/0sigxcgt8nxyb126a3nybu,metal/hate-thy-art-is-murder.jpg
hate me,if-i-were-you,https://i.scdn.co/image/ab67616d0000b273d8e2b74f097bbc0ec5dd77d9,https://open.spotify.com/album/4c4t3ub7dnopyrm9jsdrph,metal/hate-me-if-i-were-you.jpg
heart of the android,orden-ogan,https://i.scdn.co/image/ab67616d0000b2731d4151d5aca554612edd45f9,https://open.spotify.com/album/6wdrfnlsydt3zpcbjclh0l,metal/heart-of-the-android-orden-ogan.jpg
heart of the hurricane,beyond-the-black,https://i.scdn.co/image/ab67616d0000b2734d6bee0b784bb7ef6cf94635,https://open.spotify.com/album/6kesvckdncdrnj1zwpmfpe,metal/heart-of-the-hurricane-beyond-the-black.jpg
heartless madness,dynazty,https://i.scdn.co/image/ab67616d0000b2733615398755b02e0bf500c593,https://open.spotify.com/album/7hi1cycnoaglg0lvjco3bu,metal/heartless-madness-dynazty.jpg
helix,crystal-lake,https://i.scdn.co/image/ab67616d0000b273ed8ea2011fb2dc20548e5822,https://open.spotify.com/album/5xlkrhfaepzl0neolbmsro,metal/helix-crystal-lake.jpg
hellbilly deluxe,rob-zombie,https://i.scdn.co/image/ab67616d0000b27313d4adf9e4b938f88266f4e4,https://open.spotify.com/album/2b4lhotcpwbxqptzmcojnh,metal/hellbilly-deluxe-rob-zombie.jpg
hellbreaker,motorjesus,https://i.scdn.co/image/ab67616d0000b273e1d08f959d2570d1bef2c2a8,https://open.spotify.com/album/4tn4z7unymd8enthx0z9zw,metal/hellbreaker-motorjesus.jpg
hellfire thunderbolt,kk's-priest,https://i.scdn.co/image/ab67616d0000b273a1d2e2bc23a1540becd6b546,https://open.spotify.com/album/0uzxshn4u4m052ok4vfz2u,metal/hellfire-thunderbolt-kk's-priest.jpg
helloween,helloween,https://i.scdn.co/image/ab67616d0000b273c13e0af03a9207cc4d6c7424,https://open.spotify.com/album/6zopyam1hcu9z0arslmpnn,metal/helloween-helloween.jpg
hephaistos,warkings,https://i.scdn.co/image/ab67616d0000b273f4c18ec5ae8009ff4a3e57ad,https://open.spotify.com/album/0divsc4l7bbgblpi479nqi,metal/hephaistos-warkings.jpg
heroes,sabaton,https://i.scdn.co/image/ab67616d0000b273735eecca68d3bb03e2e35a75,https://open.spotify.com/album/5tdhttvwtd0ekzbyve97r7,metal/heroes-sabaton.jpg
heroes (bonus version),sabaton,https://i.scdn.co/image/ab67616d0000b2733aaa6ee1e823f7a0ffeff27c,https://open.spotify.com/album/5eigdkziy0nhbi6ubzuxvb,metal/heroes-(bonus-version)-sabaton.jpg
holding my breath,alien-weaponry,https://i.scdn.co/image/ab67616d0000b27321edb005f848717cd81fba1c,https://open.spotify.com/album/76rph5wwiucixcvoxs9zxa,metal/holding-my-breath-alien-weaponry.jpg
hollowed heart,make-them-suffer,https://i.scdn.co/image/ab67616d0000b2731b98ada997e6e45724fd6d5a,https://open.spotify.com/album/1eugdphmac0wqccxnj96tn,metal/hollowed-heart-make-them-suffer.jpg
holy diver,dio,https://i.scdn.co/image/ab67616d0000b27315350aa1c89e23a5fa6c0de1,https://open.spotify.com/album/1qjmlrcuimmjz49elafr3k,metal/holy-diver-dio.jpg
holy hell,architects,https://i.scdn.co/image/ab67616d0000b2730f08d4e55ebd266b7c3e8d74,https://open.spotify.com/album/3gh9llhxtuepkqswj60qy7,metal/holy-hell-architects.jpg
holy war,thy-art-is-murder,https://i.scdn.co/image/ab67616d0000b273c6ea6f9f202212ac82bbe210,https://open.spotify.com/album/6rvxuigdpj6dmhqnytfgv9,metal/holy-war-thy-art-is-murder.jpg
horizons (deluxe edition),parkway-drive,https://i.scdn.co/image/ab67616d0000b273248c3d99d296604ecd4f2c89,https://open.spotify.com/album/4gnybptvxp8foxvfnsjmqm,metal/horizons-(deluxe-edition)-parkway-drive.jpg
"house of gold & bones, part 1",stone-sour,https://i.scdn.co/image/ab67616d0000b2738328645e58684d8770a8475f,https://open.spotify.com/album/2nchgpllyigxfkubyumkpn,"metal/house-of-gold-&-bones,-part-1-stone-sour.jpg"
how to survive,of-mice-&-men,https://i.scdn.co/image/ab67616d0000b2733f44d93219593492292c44d7,https://open.spotify.com/album/5d0qpd5dsq7tla790c8wya,metal/how-to-survive-of-mice-&-men.jpg
human,three-days-grace,https://i.scdn.co/image/ab67616d0000b2738443a724ced4e3bef303fb7a,https://open.spotify.com/album/0ykhsu3mblh7jvnngbv20w,metal/human-three-days-grace.jpg
human err0r,ghostemane,https://i.scdn.co/image/ab67616d0000b2735abcea911bfb4b25200f770f,https://open.spotify.com/album/5cubwdpclprctbuuy04bot,metal/human-err0r-ghostemane.jpg
i am alive,primal-fear,https://i.scdn.co/image/ab67616d0000b27395eb99deccb1bc8ef5e13e5c,https://open.spotify.com/album/56wjvkdjl6z6std13epcn8,metal/i-am-alive-primal-fear.jpg
i am the hurricane,dee-snider,https://i.scdn.co/image/ab67616d0000b2733103115c7232ff3d9bd185a4,https://open.spotify.com/album/20lz3v4khovujvt8vmbtzs,metal/i-am-the-hurricane-dee-snider.jpg
i got no friends,the-last-band,https://i.scdn.co/image/ab67616d0000b273708a580ab95d8ac6bb65ec16,https://open.spotify.com/album/1bamcc1n1lph4x9qsiw4qn,metal/i-got-no-friends-the-last-band.jpg
i will be gone,primal-fear,https://i.scdn.co/image/ab67616d0000b2739a23b5368352ca74ecc1f96f,https://open.spotify.com/album/3hgfrvda7gsumkj5kanlml,metal/i-will-be-gone-primal-fear.jpg
"i, the mask",in-flames,https://i.scdn.co/image/ab67616d0000b2733d23e900636428d6074d9829,https://open.spotify.com/album/73r3tgwr9b01wsm2ukongi,"metal/i,-the-mask-in-flames.jpg"
ich hasse kinder,till-lindemann,https://i.scdn.co/image/ab67616d0000b2734eaa6b95827dced309afbe04,https://open.spotify.com/album/3xyruzj3xg5dvmrzvqoykw,metal/ich-hasse-kinder-till-lindemann.jpg
imaginaerum (deluxe bonus version),nightwish,https://i.scdn.co/image/ab67616d0000b27395a5f9f967ad9a60d7d35e83,https://open.spotify.com/album/6gtt77dgtftbvp5isdggwo,metal/imaginaerum-(deluxe-bonus-version)-nightwish.jpg
immortalized (deluxe edition),disturbed,https://i.scdn.co/image/ab67616d0000b273a58c62e75b82e9c3b47d9ef3,https://open.spotify.com/album/1roveuk4lc2vd4a0in1tws,metal/immortalized-(deluxe-edition)-disturbed.jpg
in the court of the dragon,trivium,https://i.scdn.co/image/ab67616d0000b273727bfc12c0596561b5641e4e,https://open.spotify.com/album/3x3csj05nbeuh2pvl49l9p,metal/in-the-court-of-the-dragon-trivium.jpg
indestructible,solence,https://i.scdn.co/image/ab67616d0000b27365283745d504357aadc13c48,https://open.spotify.com/album/7cs1unk3ivqechjnxksejq,metal/indestructible-solence.jpg
inferno,amaranthe,https://i.scdn.co/image/ab67616d0000b2739626a23818da759740c0dbb1,https://open.spotify.com/album/4vzjnmgbfu1zfgmft5lmdf,metal/inferno-amaranthe.jpg
infestissumam,ghost,https://i.scdn.co/image/ab67616d0000b273e2523f62019aba1b06e16f7e,https://open.spotify.com/album/32cbqps06luasiux6n8tp3,metal/infestissumam-ghost.jpg
inhuman rampage,dragonforce,https://i.scdn.co/image/ab67616d0000b273aba1be9e11135df25f6f1e49,https://open.spotify.com/album/0ardqnellsolvf98ofnunp,metal/inhuman-rampage-dragonforce.jpg
inside out,five-finger-death-punch,https://i.scdn.co/image/ab67616d0000b273ed5760715ac2b2ec1b64a454,https://open.spotify.com/album/3coyrpug7ojbo2opne38ee,metal/inside-out-five-finger-death-punch.jpg
into the fire,asking-alexandria,https://i.scdn.co/image/ab67616d0000b273e2d60cfc3c84f1d3c6397997,https://open.spotify.com/album/3ziy15fdokxvxwmxo8rzn1,metal/into-the-fire-asking-alexandria.jpg
into the storm,gojira,https://i.scdn.co/image/ab67616d0000b27323cfe7bce4acab8e454f6883,https://open.spotify.com/album/7gcdyqfivj6w3ikziffiia,metal/into-the-storm-gojira.jpg
into the void,celldweller,https://i.scdn.co/image/ab67616d0000b273060dd334ede1cfd6877e4aaa,https://open.spotify.com/album/4njtkdqbfeps3gzxrnctwl,metal/into-the-void-celldweller.jpg
ire,parkway-drive,https://i.scdn.co/image/ab67616d0000b2734ee2e3b325d7ba12edd81b1f,https://open.spotify.com/album/7712cwoelt2oqyxrlfwy8d,metal/ire-parkway-drive.jpg
is there anybody out there?,machine-head,https://i.scdn.co/image/ab67616d0000b2732e4baa09745ee0a696a3f82f,https://open.spotify.com/album/0ialni5z5nofqot9hustcx,metal/is-there-anybody-out-there?-machine-head.jpg
it’s electric,diamond-head,https://i.scdn.co/image/ab67616d0000b2738f5b795c2b11dd4f107aa150,https://open.spotify.com/album/1okyzgeyah4wbhrctrkqrs,metal/it’s-electric-diamond-head.jpg
jenseits der welt,unzucht,https://i.scdn.co/image/ab67616d0000b27325b20acf3733641370197a4d,https://open.spotify.com/album/5ovbjxfawdu5wuiu3rwo6s,metal/jenseits-der-welt-unzucht.jpg
jinnslammer,ignea,https://i.scdn.co/image/ab67616d0000b27383e8ca8fb6f7ffafecd1c491,https://open.spotify.com/album/6w3lq5tl5c3srkhojfg7n9,metal/jinnslammer-ignea.jpg
jomsviking,amon-amarth,https://i.scdn.co/image/ab67616d0000b273a6c97e91aad5eecb10919b15,https://open.spotify.com/album/79glbxchnsog9tbzvts3sy,metal/jomsviking-amon-amarth.jpg
judas,fozzy,https://i.scdn.co/image/ab67616d0000b27386cec87a72ce10ec15135f86,https://open.spotify.com/album/3mr9etj9imrfrxaflkgwcj,metal/judas-fozzy.jpg
kill 'em all (remastered),metallica,https://i.scdn.co/image/ab67616d0000b273d30fcf6340831edbafb45e38,https://open.spotify.com/album/1agapzghbovnmhwqvni6jz,metal/kill-'em-all-(remastered)-metallica.jpg
kill or get killed,iron-savior,https://i.scdn.co/image/ab67616d0000b2732978a0a2be643b4eae0ce24e,https://open.spotify.com/album/6pfmmyr5b72jx3vy5qyly1,metal/kill-or-get-killed-iron-savior.jpg
kill the pain,night-demon,https://i.scdn.co/image/ab67616d0000b273915ef0affda04bcfecb570b9,https://open.spotify.com/album/6mcmwu6q5xheh4arxbtjfs,metal/kill-the-pain-night-demon.jpg
killing me slowly,bad-wolves,https://i.scdn.co/image/ab67616d0000b273352d2b48224430577aae2c65,https://open.spotify.com/album/4jjyvxmsdciexvj13cwces,metal/killing-me-slowly-bad-wolves.jpg
killing the dragon,dio,https://i.scdn.co/image/ab67616d0000b273cc1a446fc923bca9d4cb5277,https://open.spotify.com/album/2de1fhklj3o6bdkcjiwcj6,metal/killing-the-dragon-dio.jpg
king of everything,jinjer,https://i.scdn.co/image/ab67616d0000b273fd20de2cce4779a457b8f636,https://open.spotify.com/album/5tpsmha3gy2q0htcjnqf3p,metal/king-of-everything-jinjer.jpg
knives,bullet-for-my-valentine,https://i.scdn.co/image/ab67616d0000b2735f49c9678ab00c21dc6d1bfa,https://open.spotify.com/album/46fenr6yh4masf1fkhgcwq,metal/knives-bullet-for-my-valentine.jpg
l'enfant sauvage (special edition),gojira,https://i.scdn.co/image/ab67616d0000b2733ac9158414ee0e4042ffc56d,https://open.spotify.com/album/5dxqd5kc6crri3rermdfxg,metal/l'enfant-sauvage-(special-edition)-gojira.jpg
l.d. 50,mudvayne,https://i.scdn.co/image/ab67616d0000b273e8278a8536c931fe01db8701,https://open.spotify.com/album/1pxa0y3armejjgb0wjh9gs,metal/l.d.-50-mudvayne.jpg
la sexorcisto: devil music volume 1,white-zombie,https://i.scdn.co/image/ab67616d0000b273a9bc1aa7e402c78ac5f2e61c,https://open.spotify.com/album/0hsrcjd8f3egcedexd0hol,metal/la-sexorcisto:-devil-music-volume-1-white-zombie.jpg
lamb of god (deluxe version),lamb-of-god,https://i.scdn.co/image/ab67616d0000b27331d4d66c7b847fe1c80be275,https://open.spotify.com/album/13ofnebk6yxlzblm1rmqze,metal/lamb-of-god-(deluxe-version)-lamb-of-god.jpg
landmine,polaris,https://i.scdn.co/image/ab67616d0000b2735b920069370f3cb89dd7e0c7,https://open.spotify.com/album/2bt4sl9idert8nkbz1mhkx,metal/landmine-polaris.jpg
leave it all behind,sleeping-with-sirens,https://i.scdn.co/image/ab67616d0000b273633caa429eb516e9df0c8365,https://open.spotify.com/album/76qwo2cpiwixghfbnogzfe,metal/leave-it-all-behind-sleeping-with-sirens.jpg
let sleeping corpses lie,bloody-hammers,https://i.scdn.co/image/ab67616d0000b273e6e1e24fab861c220b683457,https://open.spotify.com/album/2dtyfmqqoxzqusx712bmog,metal/let-sleeping-corpses-lie-bloody-hammers.jpg
leviathan,mastodon,https://i.scdn.co/image/ab67616d0000b27300388d66c87c2c0033849bfd,https://open.spotify.com/album/6khfolwnjzdqvz7pijym3b,metal/leviathan-mastodon.jpg
life,dope,https://i.scdn.co/image/ab67616d0000b2731aa2474909c648492bcf27ce,https://open.spotify.com/album/7lrvswmuctijkvzqly4ybx,metal/life-dope.jpg
life imitates art,bad-love,https://i.scdn.co/image/ab67616d0000b2733149f4200bb8dc2bb441198e,https://open.spotify.com/album/4ledh8seno8yrhecjcwvpn,metal/life-imitates-art-bad-love.jpg
life's a bitch,accept,https://i.scdn.co/image/ab67616d0000b273742bba6660465c21ea67c840,https://open.spotify.com/album/6zlnessvqvwfrqksakfhjn,metal/life's-a-bitch-accept.jpg
lights...camera...revolution,suicidal-tendencies,https://i.scdn.co/image/ab67616d0000b273d1886d236549fdbf0309b5ab,https://open.spotify.com/album/414joqufrq3k2qladdnxft,metal/lights...camera...revolution-suicidal-tendencies.jpg
loud,sullivan-king,https://i.scdn.co/image/ab67616d0000b2733f64eb6073468adf4b09a3ec,https://open.spotify.com/album/45sopqg7cqgbowhgtbviff,metal/loud-sullivan-king.jpg
machine messiah,sepultura,https://i.scdn.co/image/ab67616d0000b273ebcfced3d0c417b75d0a1c44,https://open.spotify.com/album/4m2nffdim1nlq8qk8z4iqj,metal/machine-messiah-sepultura.jpg
magica,dio,https://i.scdn.co/image/ab67616d0000b27394c706bf0fed72d89ad0226b,https://open.spotify.com/album/2e457eiug9l2rd1eawcrm4,metal/magica-dio.jpg
magma,gojira,https://i.scdn.co/image/ab67616d0000b273422c622517ea0bd7eda33e08,https://open.spotify.com/album/7d7v6m05uiotjldqbwrx0w,metal/magma-gojira.jpg
man and machine (anniversary edition),u.d.o.,https://i.scdn.co/image/ab67616d0000b273d75283b3d14ce023a358d438,https://open.spotify.com/album/7i7g8arufvjxlcwhsjowwj,metal/man-and-machine-(anniversary-edition)-u.d.o..jpg
mask,sepultura,https://i.scdn.co/image/ab67616d0000b27364f62e15f1c535a356f1fe2c,https://open.spotify.com/album/4lnflima2ybrav5fftjcor,metal/mask-sepultura.jpg
masquerade of madness,king-diamond,https://i.scdn.co/image/ab67616d0000b273fbb6ce785633673c07e7b8c8,https://open.spotify.com/album/503tx3vuepx0zsrkz0zmnc,metal/masquerade-of-madness-king-diamond.jpg
massive addictive,amaranthe,https://i.scdn.co/image/ab67616d0000b2737e1fea351d3673f4f94f5c8c,https://open.spotify.com/album/0gcco9styrragumjcotspn,metal/massive-addictive-amaranthe.jpg
master of puppets (remastered),metallica,https://i.scdn.co/image/ab67616d0000b273668e3aca3167e6e569a9aa20,https://open.spotify.com/album/2lq2qx3hyhiupckc8flj21,metal/master-of-puppets-(remastered)-metallica.jpg
masters of war,amon-amarth,https://i.scdn.co/image/ab67616d0000b27349577baa6d847f685fc4262a,https://open.spotify.com/album/0w8qn4msycw0d8i98qizth,metal/masters-of-war-amon-amarth.jpg
matter of time,fight-the-fade,https://i.scdn.co/image/ab67616d0000b27365935f946c9acadab3525b0c,https://open.spotify.com/album/2tuyshywqwsijt5htfrqh2,metal/matter-of-time-fight-the-fade.jpg
maximus,warkings,https://i.scdn.co/image/ab67616d0000b273c8c055941263167d80e57b8e,https://open.spotify.com/album/4fgubsskgatw0mv7qbeq16,metal/maximus-warkings.jpg
melancholy,shadow-of-intent,https://i.scdn.co/image/ab67616d0000b273a8a77ba4aed962b28920a181,https://open.spotify.com/album/5ighvlikizqfbpiev1uk8v,metal/melancholy-shadow-of-intent.jpg
meliora (deluxe edition),ghost,https://i.scdn.co/image/ab67616d0000b2735b752bd7476346431a8d1e79,https://open.spotify.com/album/2uaq1k2esqawevqrxeugdn,metal/meliora-(deluxe-edition)-ghost.jpg
memento mori,lamb-of-god,https://i.scdn.co/image/ab67616d0000b27368d6aecdf7f4b2fcefc4335b,https://open.spotify.com/album/7jbx6oxyvmhsmazlhxchih,metal/memento-mori-lamb-of-god.jpg
metal division,mystic-prophecy,https://i.scdn.co/image/ab67616d0000b2734ef0fdee4fb2d6e6f1d5ac32,https://open.spotify.com/album/0cvq9qxju2qnlocsdrhrrr,metal/metal-division-mystic-prophecy.jpg
metallica,metallica,https://i.scdn.co/image/ab67616d0000b273cf84c5b276431b473e924802,https://open.spotify.com/album/2kh43m04b1ukvcpcra1zug,metal/metallica-metallica.jpg
mezmerize,system-of-a-down,https://i.scdn.co/image/ab67616d0000b273c65f8d04502eeddbdd61fa71,https://open.spotify.com/album/0cn6mhyx4yuzauab7pb66o,metal/mezmerize-system-of-a-down.jpg
mister hyde,mister-misery,https://i.scdn.co/image/ab67616d0000b2737bbac434de65d5028ee4aef1,https://open.spotify.com/album/6olcow7ens7po8mv5jiowe,metal/mister-hyde-mister-misery.jpg
monarch,soen,https://i.scdn.co/image/ab67616d0000b273045aedc4c1674717df7b6c95,https://open.spotify.com/album/5wd6xulvxyhvuxfq2wo3vy,metal/monarch-soen.jpg
music (edit),nightwish,https://i.scdn.co/image/ab67616d0000b273a18513f08cf61d6c779891b1,https://open.spotify.com/album/74yf9inz3uubolykpirk93,metal/music-(edit)-nightwish.jpg
my generation,onlap,https://i.scdn.co/image/ab67616d0000b27379e50b8484a0ba50fe709f11,https://open.spotify.com/album/69qgt8xrl3r9s6taj74lca,metal/my-generation-onlap.jpg
my own grave,as-i-lay-dying,https://i.scdn.co/image/ab67616d0000b273ab876e767fcb1cace4048db4,https://open.spotify.com/album/4zsevxasb7cogxo7ymd3em,metal/my-own-grave-as-i-lay-dying.jpg
n / o / i / s / e,ghostemane,https://i.scdn.co/image/ab67616d0000b273b5ea1cb4ed9ef489db89597f,https://open.spotify.com/album/2w5ruof3eandwzqamtawhf,metal/n---o---i---s---e-ghostemane.jpg
n.a.t.i.o.n.,bad-wolves,https://i.scdn.co/image/ab67616d0000b2731289003f4068380088b64043,https://open.spotify.com/album/1osvlegk6wxm1wpsf4v5m1,metal/n.a.t.i.o.n.-bad-wolves.jpg
nabbed in nebraska,anvil,https://i.scdn.co/image/ab67616d0000b2736d725cadfe38ce4143fdf897,https://open.spotify.com/album/1q7cgukencz0k2qpr9aiae,metal/nabbed-in-nebraska-anvil.jpg
new colossal hate,lamb-of-god,https://i.scdn.co/image/ab67616d0000b27338ccb774c4c8532fe792c080,https://open.spotify.com/album/4nzx3kzzvmxxmr4zbjnahi,metal/new-colossal-hate-lamb-of-god.jpg
night of the witch,testament,https://i.scdn.co/image/ab67616d0000b273602cef54d49f35721d4d84d2,https://open.spotify.com/album/4prdwviirkwxs8c4wcot6y,metal/night-of-the-witch-testament.jpg
nightmare,avenged-sevenfold,https://i.scdn.co/image/ab67616d0000b2738b4d1c3dadc474e4abf751db,https://open.spotify.com/album/7vfutrxiayjz5uc8sddntr,metal/nightmare-avenged-sevenfold.jpg
nightmare logic,power-trip,https://i.scdn.co/image/ab67616d0000b273fbe6b24ddc7dc5075cbab217,https://open.spotify.com/album/3sung9n4wgyqabxhutkq70,metal/nightmare-logic-power-trip.jpg
nightmares are dreams too,bloodred-hourglass,https://i.scdn.co/image/ab67616d0000b2737897587546727ba55914e1f1,https://open.spotify.com/album/2xfkbvcrotswmgaf86skuk,metal/nightmares-are-dreams-too-bloodred-hourglass.jpg
no absolution,lost-society,https://i.scdn.co/image/ab67616d0000b27365783e0765a9205535bdc623,https://open.spotify.com/album/5kxfffgtwgff5ygl6efosn,metal/no-absolution-lost-society.jpg
no more hollywood endings,battle-beast,https://i.scdn.co/image/ab67616d0000b273f0d55e973f83cbfe90dded16,https://open.spotify.com/album/7h4gpkbdqldm7jrtrnsnyo,metal/no-more-hollywood-endings-battle-beast.jpg
noise,nightwish,https://i.scdn.co/image/ab67616d0000b2734cabbe2c9040559b1fec7cbd,https://open.spotify.com/album/6goihf3y3w7ute8erfyzex,metal/noise-nightwish.jpg
nola,down,https://i.scdn.co/image/ab67616d0000b273bd53947ce705d95e0fa3852d,https://open.spotify.com/album/04bvrpjwudeuj3dhbaw9wg,metal/nola-down.jpg
now the screaming starts,bloody-hammers,https://i.scdn.co/image/ab67616d0000b273bca8edd77040fe9957f6898e,https://open.spotify.com/album/4afu6ldo2fff1anlogbrc8,metal/now-the-screaming-starts-bloody-hammers.jpg
obsidian,viscera,https://i.scdn.co/image/ab67616d0000b27346313b0e5ede85f8259531b1,https://open.spotify.com/album/34tf0hhxflvcwjpjmgwsrp,metal/obsidian-viscera.jpg
octavarium,dream-theater,https://i.scdn.co/image/ab67616d0000b273f58c468c711f44450a87cb42,https://open.spotify.com/album/4v6kykn7myjlws9vonmmcp,metal/octavarium-dream-theater.jpg
october rust (special edition),type-o-negative,https://i.scdn.co/image/ab67616d0000b273704dd95c3ea01a719da5d5d4,https://open.spotify.com/album/6bkeuwi72lssc077axqqek,metal/october-rust-(special-edition)-type-o-negative.jpg
odin's sons (feat. the queen of the damned),warkings,https://i.scdn.co/image/ab67616d0000b273fe8054d889449ba97e6add73,https://open.spotify.com/album/4frkjfypkcnkk7wfhvxtyi,metal/odin's-sons-(feat.-the-queen-of-the-damned)-warkings.jpg
of silk and straw,resolve,https://i.scdn.co/image/ab67616d0000b27316f130667d89b7ffd98e1234,https://open.spotify.com/album/3vficbz6cbj0hwdzmtxohr,metal/of-silk-and-straw-resolve.jpg
oh my god,hellyeah,https://i.scdn.co/image/ab67616d0000b273bb900039bd1b0733cb4890ab,https://open.spotify.com/album/1f2ovhqcb3vm5oev9miylx,metal/oh-my-god-hellyeah.jpg
omega,epica,https://i.scdn.co/image/ab67616d0000b2739c939252c5024c6584db122b,https://open.spotify.com/album/4hb5cbp4z9h9g1havara4q,metal/omega-epica.jpg
on my side,demon-hunter,https://i.scdn.co/image/ab67616d0000b273c219cf3da18e89fb0827e727,https://open.spotify.com/album/4azlbj1jyj63pjdzgta69k,metal/on-my-side-demon-hunter.jpg
on the top,jinjer,https://i.scdn.co/image/ab67616d0000b2734f6aa510c6fdfd1c57d6f9ad,https://open.spotify.com/album/46ggvdbetnxajkoy3s8ypc,metal/on-the-top-jinjer.jpg
once,nightwish,https://i.scdn.co/image/ab67616d0000b273eb56285e5977b1c57a3484a9,https://open.spotify.com/album/2vaeoazatvge2npjbcnh5x,metal/once-nightwish.jpg
once more 'round the sun,mastodon,https://i.scdn.co/image/ab67616d0000b2736faddf21400e22f617bcd2e4,https://open.spotify.com/album/7mekbi9a2p2f1wqbnh8qk5,metal/once-more-'round-the-sun-mastodon.jpg
one folk,equilibrium,https://i.scdn.co/image/ab67616d0000b2739f5efa4529cd5ac828fd7b32,https://open.spotify.com/album/0xd69mxvkpcodo9ph3nui1,metal/one-folk-equilibrium.jpg
one with the gun,oceanhoarse,https://i.scdn.co/image/ab67616d0000b27396fae81bb7eca77ec7ce2118,https://open.spotify.com/album/2nvnmjbonobqlykjib0uao,metal/one-with-the-gun-oceanhoarse.jpg
opus eponymous,ghost,https://i.scdn.co/image/ab67616d0000b273dc5a2487c66937e50faa8c4a,https://open.spotify.com/album/5aegt9uhrvl3qgzkausy2j,metal/opus-eponymous-ghost.jpg
our endless war,whitechapel,https://i.scdn.co/image/ab67616d0000b273bc217f13765d008be2633a1f,https://open.spotify.com/album/4ldi4wepzslsw9dge2sx85,metal/our-endless-war-whitechapel.jpg
out of my life,cyhra,https://i.scdn.co/image/ab67616d0000b2737227b0d3c6a3d016e100bfc0,https://open.spotify.com/album/5o0tzlnkpr2zw79vpf49ep,metal/out-of-my-life-cyhra.jpg
outlaw gentlemen & shady ladies (deluxe version),volbeat,https://i.scdn.co/image/ab67616d0000b27323f479dae01ad805b46272f4,https://open.spotify.com/album/6bm5h5ciesttiohcscwjwx,metal/outlaw-gentlemen-&-shady-ladies-(deluxe-version)-volbeat.jpg
outsider,three-days-grace,https://i.scdn.co/image/ab67616d0000b273019b8c9f33d9c361b1b9a571,https://open.spotify.com/album/3e8kuqpo1wrmwqaxenx38s,metal/outsider-three-days-grace.jpg
overdrive,breathe-atlantis,https://i.scdn.co/image/ab67616d0000b27336302cc6490104c677be3ad6,https://open.spotify.com/album/3zlzqdrndzaxrsspugfihx,metal/overdrive-breathe-atlantis.jpg
painkiller,judas-priest,https://i.scdn.co/image/ab67616d0000b27360db4ca924d17bc6754e89aa,https://open.spotify.com/album/7lgrhuknaxpnev8qzcvd2t,metal/painkiller-judas-priest.jpg
paint the sky with blood,bodom-after-midnight,https://i.scdn.co/image/ab67616d0000b2737527a139d084896334d34a50,https://open.spotify.com/album/6tmci01byetkkngzhuzfue,metal/paint-the-sky-with-blood-bodom-after-midnight.jpg
paradigm,eclipse,https://i.scdn.co/image/ab67616d0000b273bd9a88253f79a059cc002ef9,https://open.spotify.com/album/0stxtikjidjbeogrvi7kfd,metal/paradigm-eclipse.jpg
paralyzed,dream-theater,https://i.scdn.co/image/ab67616d0000b273c23d183ee1940ce87c9e2f9b,https://open.spotify.com/album/3iyu6m84owruqrvhryiapa,metal/paralyzed-dream-theater.jpg
paramount,august-burns-red,https://i.scdn.co/image/ab67616d0000b2732e3693c2c3be5774d760ea58,https://open.spotify.com/album/3peemj71dfyqx5x9se5epd,metal/paramount-august-burns-red.jpg
paranoid (2009 remastered version),black-sabbath,https://i.scdn.co/image/ab67616d0000b2739683e5d7361bb80bfb00f46d,https://open.spotify.com/album/132qao1cdiejda3fv4xynk,metal/paranoid-(2009-remastered-version)-black-sabbath.jpg
party in my head,pain,https://i.scdn.co/image/ab67616d0000b2734e4748bda16b21489b1b5f4c,https://open.spotify.com/album/7yimd6l7nvebdwgjfimxup,metal/party-in-my-head-pain.jpg
periphery iii: select difficulty,periphery,https://i.scdn.co/image/ab67616d0000b273c4e9a067fc1fca367e1aaf36,https://open.spotify.com/album/1nbuh16mfz7knjijkvo9sc,metal/periphery-iii:-select-difficulty-periphery.jpg
piece of mind (2015 remaster),iron-maiden,https://i.scdn.co/image/ab67616d0000b2732277d1a849a63c7075ec38ff,https://open.spotify.com/album/7i9wh2igvi3nnr8z1zswby,metal/piece-of-mind-(2015-remaster)-iron-maiden.jpg
platitudes and barren words,children-of-bodom,https://i.scdn.co/image/ab67616d0000b273cd2f09828c9ee61e5ef63e0a,https://open.spotify.com/album/2iw9jj5htzhc2xaswnlviw,metal/platitudes-and-barren-words-children-of-bodom.jpg
popular monster,falling-in-reverse,https://i.scdn.co/image/ab67616d0000b2735f4c9262d32be3019e1dda3e,https://open.spotify.com/album/4gxfqhvyu4wp1xdh1kiio4,metal/popular-monster-falling-in-reverse.jpg
post human: survival horror,bring-me-the-horizon,https://i.scdn.co/image/ab67616d0000b2735149c948fde506624246a684,https://open.spotify.com/album/0e1wasndznopixaxdndwo4,metal/post-human:-survival-horror-bring-me-the-horizon.jpg
prequelle,ghost,https://i.scdn.co/image/ab67616d0000b273d12e0639819f09e00d73410e,https://open.spotify.com/album/6128jca2ubqhwia5azjokv,metal/prequelle-ghost.jpg
presence of mind,dynazty,https://i.scdn.co/image/ab67616d0000b273edfc625def50f1f348a843c2,https://open.spotify.com/album/4j3axvu1zusav9flhjvtxd,metal/presence-of-mind-dynazty.jpg
prevail ii,kobra-and-the-lotus,https://i.scdn.co/image/ab67616d0000b2737bdfd4b1868c5b15ff16958c,https://open.spotify.com/album/7dduasktqg8lgwcdrc508f,metal/prevail-ii-kobra-and-the-lotus.jpg
primo victoria (re-armed),sabaton,https://i.scdn.co/image/ab67616d0000b2733614e26f0db450a2ed55a4ca,https://open.spotify.com/album/0xuh04wplqnb0q7hep3ar0,metal/primo-victoria-(re-armed)-sabaton.jpg
"project regeneration, vol. 1",static-x,https://i.scdn.co/image/ab67616d0000b273b8fe4010a8a933ffd2819a26,https://open.spotify.com/album/6lguizq9okhwfmgrxkpktp,"metal/project-regeneration,-vol.-1-static-x.jpg"
prophecy of ragnarök,brothers-of-metal,https://i.scdn.co/image/ab67616d0000b27366a38b753013c0e66084830c,https://open.spotify.com/album/3hkz5fwuj23ykamotqbtm0,metal/prophecy-of-ragnarök-brothers-of-metal.jpg
protection,alcest,https://i.scdn.co/image/ab67616d0000b2737a00cadde9d391e125bfa6bb,https://open.spotify.com/album/5wmxhkfdbeezytgt7ycrfc,metal/protection-alcest.jpg
prove me wrong,dee-snider,https://i.scdn.co/image/ab67616d0000b273d8b8b6847f55ed79789bc385,https://open.spotify.com/album/3etxhmjmq4akfulz4bneb9,metal/prove-me-wrong-dee-snider.jpg
punish you,arion,https://i.scdn.co/image/ab67616d0000b2734a8d3d705ddbb2c4b1ab865c,https://open.spotify.com/album/0lshuy7mylv7nkcs8rpd9v,metal/punish-you-arion.jpg
rammstein,rammstein,https://i.scdn.co/image/ab67616d0000b27302add2c77fb6999e311a3248,https://open.spotify.com/album/1loyjqvhplhe3fccs8juek,metal/rammstein-rammstein.jpg
rather be lonely,siamese,https://i.scdn.co/image/ab67616d0000b27364eecd66cb586c243e3c5514,https://open.spotify.com/album/7r43dagxm8dlxcwags5q2i,metal/rather-be-lonely-siamese.jpg
reckless,lacuna-coil,https://i.scdn.co/image/ab67616d0000b273afa7cc95ef4d85a77d37f731,https://open.spotify.com/album/0nd9vy90tyg8tuzpiu3bov,metal/reckless-lacuna-coil.jpg
reign in blood (expanded),slayer,https://i.scdn.co/image/ab67616d0000b2731530f31c8d4197777b70ee5d,https://open.spotify.com/album/5v5bfkxwdaktkzrxl3h0mu,metal/reign-in-blood-(expanded)-slayer.jpg
reinventing the steel - 20th anniversary deluxe edition,pantera,https://i.scdn.co/image/ab67616d0000b27362742293cb15ec85e9144585,https://open.spotify.com/album/2nhnrmeayyt111lqj6om4l,metal/reinventing-the-steel---20th-anniversary-deluxe-edition-pantera.jpg
reinventing the steel - 20th anniversary deluxe edition (terry date mix),pantera,https://i.scdn.co/image/ab67616d0000b273ba9b516522503d2641017464,https://open.spotify.com/album/5t6kim8jls1nq46pwprptr,metal/reinventing-the-steel---20th-anniversary-deluxe-edition-(terry-date-mix)-pantera.jpg
"reise, reise",rammstein,https://i.scdn.co/image/ab67616d0000b273cbe7573e1175f842e24b34c2,https://open.spotify.com/album/74yddccxtco741y42cerj5,"metal/reise,-reise-rammstein.jpg"
renegades - a lost generation,equilibrium,https://i.scdn.co/image/ab67616d0000b273c5f12251fd005073f2054a82,https://open.spotify.com/album/57ldzqilvbkbygksu2px8c,metal/renegades---a-lost-generation-equilibrium.jpg
repentless,slayer,https://i.scdn.co/image/ab67616d0000b2739385a07d859de2aac5da7049,https://open.spotify.com/album/4w99bkmwwryeyvw2zfyt9m,metal/repentless-slayer.jpg
rescue,times-of-grace,https://i.scdn.co/image/ab67616d0000b2735e88c7b3e5e7dc7d316f6896,https://open.spotify.com/album/6ygbiiiyqaqy83z00clzjw,metal/rescue-times-of-grace.jpg
resentment,a-day-to-remember,https://i.scdn.co/image/ab67616d0000b2737c462ca552ef24f1c03cb2a1,https://open.spotify.com/album/64wqkgqvmqzryrrdqqebvo,metal/resentment-a-day-to-remember.jpg
resist (extended deluxe),within-temptation,https://i.scdn.co/image/ab67616d0000b27374615e79e3ec1228d8697e21,https://open.spotify.com/album/1sl2idacrxdtv695px6axr,metal/resist-(extended-deluxe)-within-temptation.jpg
resolution,lamb-of-god,https://i.scdn.co/image/ab67616d0000b273b4aea229ce3a46e0a32a1dfc,https://open.spotify.com/album/73k8ad6vzablhfwidiasds,metal/resolution-lamb-of-god.jpg
restoring force,of-mice-&-men,https://i.scdn.co/image/ab67616d0000b27395d0fe3c442f412d0e3a4c21,https://open.spotify.com/album/4cntnmqjpromqmevkb8h9f,metal/restoring-force-of-mice-&-men.jpg
reverence,parkway-drive,https://i.scdn.co/image/ab67616d0000b27396b4163add6c85325f8961fd,https://open.spotify.com/album/46hnwndf4tm6d1cgr0g5zl,metal/reverence-parkway-drive.jpg
revival,light-the-torch,https://i.scdn.co/image/ab67616d0000b273fb5896e1ceafb2f43feae134,https://open.spotify.com/album/7dkxohhljatcnwbqpxh1vy,metal/revival-light-the-torch.jpg
ride on the wild side,running-wild,https://i.scdn.co/image/ab67616d0000b2730cc619ec631e67ec4559f38a,https://open.spotify.com/album/4wchmesmqquzgiti2ikltc,metal/ride-on-the-wild-side-running-wild.jpg
ride the lightning (deluxe / remastered),metallica,https://i.scdn.co/image/ab67616d0000b27396a926d07aea417327ea024a,https://open.spotify.com/album/4k5e5mwqbecn9athu6xnkx,metal/ride-the-lightning-(deluxe---remastered)-metallica.jpg
ride the lightning (remastered),metallica,https://i.scdn.co/image/ab67616d0000b2739ad3e9959f48d513886b8933,https://open.spotify.com/album/05deptm7oqmdl3uzw2jmsc,metal/ride-the-lightning-(remastered)-metallica.jpg
right here waiting (feat. richard marx),matthew-k.-heafy,https://i.scdn.co/image/ab67616d0000b2732bcb25b21909c34516b3cbf3,https://open.spotify.com/album/1b4bdjyavxwo42bbki1crb,metal/right-here-waiting-(feat.-richard-marx)-matthew-k.-heafy.jpg
rise of the dragon empire,bloodbound,https://i.scdn.co/image/ab67616d0000b273bf613890981124f8b18b21b7,https://open.spotify.com/album/2efhdhrbnvo4zt4rnohodr,metal/rise-of-the-dragon-empire-bloodbound.jpg
rising fire,firewind,https://i.scdn.co/image/ab67616d0000b2735a51887602396179062bb297,https://open.spotify.com/album/4ggtbctbf80l1pnvhgjxnx,metal/rising-fire-firewind.jpg
ritual,in-this-moment,https://i.scdn.co/image/ab67616d0000b27305d9b34c8a670ec1447121c8,https://open.spotify.com/album/1jiic6fietbacazwkcsbjl,metal/ritual-in-this-moment.jpg
rock or bust,ac-dc,https://i.scdn.co/image/ab67616d0000b273f5ea32b7c7b4ee3a4583d5df,https://open.spotify.com/album/6owvo40ahugje5ph4tjqtg,metal/rock-or-bust-ac-dc.jpg
roots,sepultura,https://i.scdn.co/image/ab67616d0000b2730bd5e7cce9765c2ef519424e,https://open.spotify.com/album/5jjnpcfpp6redrkkpxzas8,metal/roots-sepultura.jpg
sane,fozzy,https://i.scdn.co/image/ab67616d0000b27383f70678e022d43267676ab5,https://open.spotify.com/album/63tt4osgibdcvuvctdcg0w,metal/sane-fozzy.jpg
saturday night (hallelujah),eclipse,https://i.scdn.co/image/ab67616d0000b273a4e10845ef5592392fc7c5bb,https://open.spotify.com/album/12owtj1bv116awav3drwmk,metal/saturday-night-(hallelujah)-eclipse.jpg
save me,skillet,https://i.scdn.co/image/ab67616d0000b27334a78d68a8d93b36f0056642,https://open.spotify.com/album/6ljip6blb71xum0tky5mpr,metal/save-me-skillet.jpg
savior,any-given-day,https://i.scdn.co/image/ab67616d0000b2733cef4012ecbce9c5954bdea6,https://open.spotify.com/album/4oqhujw67jfsq6kg47kmvu,metal/savior-any-given-day.jpg
scandinavian aftermath,demotional,https://i.scdn.co/image/ab67616d0000b2732c30cd27aafbb488b52b5779,https://open.spotify.com/album/02ckr5ir6p08lwdv2zdcbl,metal/scandinavian-aftermath-demotional.jpg
scars,soil,https://i.scdn.co/image/ab67616d0000b2735458430a8be76e89973d3150,https://open.spotify.com/album/2h9pgok3wpnkm6sjjill5e,metal/scars-soil.jpg
scars (feat. florestan durand),landmvrks,https://i.scdn.co/image/ab67616d0000b273342ecc6e100354e57104aa89,https://open.spotify.com/album/0cadozld1xfrzyzn8fthgg,metal/scars-(feat.-florestan-durand)-landmvrks.jpg
scream (expanded edition),ozzy-osbourne,https://i.scdn.co/image/ab67616d0000b27324851127b3387dfcf056808b,https://open.spotify.com/album/72otygfkqc6alagfxzquwm,metal/scream-(expanded-edition)-ozzy-osbourne.jpg
screaming for vengeance (expanded edition),judas-priest,https://i.scdn.co/image/ab67616d0000b273475bd4fb40ba687fbf002c82,https://open.spotify.com/album/55mzqrenomrtq0aqnec7pi,metal/screaming-for-vengeance-(expanded-edition)-judas-priest.jpg
seal the deal & let's boogie (deluxe),volbeat,https://i.scdn.co/image/ab67616d0000b273af770a3e65634b9ed7b00e8c,https://open.spotify.com/album/3v78zziv9l2fb5x5fc8kvc,metal/seal-the-deal-&-let's-boogie-(deluxe)-volbeat.jpg
sehnsucht,rammstein,https://i.scdn.co/image/ab67616d0000b27354cd52e1249f6a97d8f2ddc9,https://open.spotify.com/album/6f4dhapfzqf2jxewave4gq,metal/sehnsucht-rammstein.jpg
sempiternal (expanded edition),bring-me-the-horizon,https://i.scdn.co/image/ab67616d0000b27360cf7c8dd93815ccd6cb4830,https://open.spotify.com/album/6iypmm3xsopl2xpsvf1zaz,metal/sempiternal-(expanded-edition)-bring-me-the-horizon.jpg
shadows inside,miss-may-i,https://i.scdn.co/image/ab67616d0000b2732a13eb517e793cea9c835b46,https://open.spotify.com/album/5hjlmsenmkpc21huk3mind,metal/shadows-inside-miss-may-i.jpg
shaped by fire,as-i-lay-dying,https://i.scdn.co/image/ab67616d0000b273ace3409f33f1cd64f37c2c1f,https://open.spotify.com/album/3eazr9bcfkpb7axioqgkga,metal/shaped-by-fire-as-i-lay-dying.jpg
shed my skin,within-temptation,https://i.scdn.co/image/ab67616d0000b273bc90d967468d65371442d250,https://open.spotify.com/album/5wq5wkjbphrjaitdl3liva,metal/shed-my-skin-within-temptation.jpg
significant other,limp-bizkit,https://i.scdn.co/image/ab67616d0000b2732a3ada146796045b348f3179,https://open.spotify.com/album/0idskb7ftbx5qvxnekrvgi,metal/significant-other-limp-bizkit.jpg
silence in the snow,trivium,https://i.scdn.co/image/ab67616d0000b273c3ff70d7e2cc94ee82d86126,https://open.spotify.com/album/5zr5nxs0q9sqdnicw8u0fe,metal/silence-in-the-snow-trivium.jpg
slave to the machine,liv-sin,https://i.scdn.co/image/ab67616d0000b273694f8b6bfbbbc85334fb4008,https://open.spotify.com/album/7caykezilsn3uiogm5nrpo,metal/slave-to-the-machine-liv-sin.jpg
slayer of kings,bloodbound,https://i.scdn.co/image/ab67616d0000b2735cae285d69db16ae139bf872,https://open.spotify.com/album/692sctjosp51vwccjtbs9s,metal/slayer-of-kings-bloodbound.jpg
sleeps society,while-she-sleeps,https://i.scdn.co/image/ab67616d0000b27333c772eed844369e33093dae,https://open.spotify.com/album/0wotrj0xrhfh7x2fvvsua1,metal/sleeps-society-while-she-sleeps.jpg
slipknot (10th anniversary edition),slipknot,https://i.scdn.co/image/ab67616d0000b273baf04a1d30db6ac9de26da7d,https://open.spotify.com/album/2dl9q5ativ4rw1l6lkciuc,metal/slipknot-(10th-anniversary-edition)-slipknot.jpg
sneeztem of a yawn,nanowar-of-steel,https://i.scdn.co/image/ab67616d0000b2736dd8ae5aeb10279856edbed7,https://open.spotify.com/album/77ykxknlgvl7kaamwvgcqw,metal/sneeztem-of-a-yawn-nanowar-of-steel.jpg
soak me in bleach,the-amity-affliction,https://i.scdn.co/image/ab67616d0000b27381841303f8ca5c212b1cffd4,https://open.spotify.com/album/6yqxoc0luqwzyot0jkgrqj,metal/soak-me-in-bleach-the-amity-affliction.jpg
somewhere in time (2015 remaster),iron-maiden,https://i.scdn.co/image/ab67616d0000b27369059f3685b992f9ce22cd4c,https://open.spotify.com/album/0oeg65hphgp7b0dy9tqp2l,metal/somewhere-in-time-(2015-remaster)-iron-maiden.jpg
souleater,iron-savior,https://i.scdn.co/image/ab67616d0000b27350811101f6a0a21d8c896360,https://open.spotify.com/album/0odsfbzlun9tlasymarcu6,metal/souleater-iron-savior.jpg
sounds of a playground fading,in-flames,https://i.scdn.co/image/ab67616d0000b27374834493889f9d4dfd601061,https://open.spotify.com/album/5sntgyi5etqespeksa89jr,metal/sounds-of-a-playground-fading-in-flames.jpg
south of heaven,slayer,https://i.scdn.co/image/ab67616d0000b2736b5a07577377bb68b33e908c,https://open.spotify.com/album/2uqjjz5emyrzbbktod3peh,metal/south-of-heaven-slayer.jpg
spreading the disease,anthrax,https://i.scdn.co/image/ab67616d0000b2735b8c3c95fc82a1643ada6766,https://open.spotify.com/album/0qefmrunmerhqzi9xanu9l,metal/spreading-the-disease-anthrax.jpg
stay hungry,twisted-sister,https://i.scdn.co/image/ab67616d0000b2733469ef94acfa666fde83dec5,https://open.spotify.com/album/0dzqapitoiohulgvzdkpxm,metal/stay-hungry-twisted-sister.jpg
steelfactory,u.d.o.,https://i.scdn.co/image/ab67616d0000b27376ecb142e264cc05c4ea7976,https://open.spotify.com/album/5wqcc9wbwalmy7fz7iekqp,metal/steelfactory-u.d.o..jpg
stockholm hearts,self-deception,https://i.scdn.co/image/ab67616d0000b273790ff675ab0c8c054200a271,https://open.spotify.com/album/4k7wtjhgpvsy4d5eekwyle,metal/stockholm-hearts-self-deception.jpg
straight out of hell (remastered 2020),helloween,https://i.scdn.co/image/ab67616d0000b273ea9959c63fba652eb4be5543,https://open.spotify.com/album/7bd7l7lyzqzomblcxdvyhe,metal/straight-out-of-hell-(remastered-2020)-helloween.jpg
straight to hell,ozzy-osbourne,https://i.scdn.co/image/ab67616d0000b2738d7332ab7e9fb27288a4733c,https://open.spotify.com/album/621f68td6k8azl9fuqgxjt,metal/straight-to-hell-ozzy-osbourne.jpg
strength in numbers,the-haunted,https://i.scdn.co/image/ab67616d0000b273e3177cf995c7514bedaaa53a,https://open.spotify.com/album/5gvpti1iwhzwsb6fmuhwrn,metal/strength-in-numbers-the-haunted.jpg
stressed out,downswing,https://i.scdn.co/image/ab67616d0000b273a6b71d1c0e86f5641b86ea2b,https://open.spotify.com/album/6i6gfhfdis7bj2zrgqz3vw,metal/stressed-out-downswing.jpg
sundowning,sleep-token,https://i.scdn.co/image/ab67616d0000b2733e74821ac31253732e0fa71b,https://open.spotify.com/album/4jnyltls0ro2z3yvafwphb,metal/sundowning-sleep-token.jpg
sunset on the golden age,alestorm,https://i.scdn.co/image/ab67616d0000b27370848e9220813396388b86cb,https://open.spotify.com/album/44ydi6wqi6ijqw4tvqfsfb,metal/sunset-on-the-golden-age-alestorm.jpg
surrogate,the-raven-age,https://i.scdn.co/image/ab67616d0000b2731d5a763ea1543b2c0d081fe9,https://open.spotify.com/album/41tvlqf3ubkkrcvp7ujyfn,metal/surrogate-the-raven-age.jpg
sweet true lies,beast-in-black,https://i.scdn.co/image/ab67616d0000b273a13935ba1319034dba2091ff,https://open.spotify.com/album/1mdhpzsgzhlfcmtkjptqx3,metal/sweet-true-lies-beast-in-black.jpg
system of a down,system-of-a-down,https://i.scdn.co/image/ab67616d0000b2732dc63e977bd5101072adcef6,https://open.spotify.com/album/3ssfjx4fhzonjyz10x0l0f,metal/system-of-a-down-system-of-a-down.jpg
taste of regret,of-mice-&-men,https://i.scdn.co/image/ab67616d0000b273411dfe3190993ef0e6ab6e89,https://open.spotify.com/album/0rrovslvt0e3rekvysomfo,metal/taste-of-regret-of-mice-&-men.jpg
teutonic order,herman-frank,https://i.scdn.co/image/ab67616d0000b2731d5254aa4dd361489d55166a,https://open.spotify.com/album/2jvuk8vgisdeblmrjin1ln,metal/teutonic-order-herman-frank.jpg
that's the spirit,bring-me-the-horizon,https://i.scdn.co/image/ab67616d0000b273736145b97bab8fa92cb6113f,https://open.spotify.com/album/7fqhuavmreiiwvxvpz9oop,metal/that's-the-spirit-bring-me-the-horizon.jpg
the arockalypse,lordi,https://i.scdn.co/image/ab67616d0000b2737dd09e6dc754eaf9bfaa598c,https://open.spotify.com/album/6jiinqlsa2d3ynfvpjebu2,metal/the-arockalypse-lordi.jpg
the bitter truth,savage-messiah,https://i.scdn.co/image/ab67616d0000b27315bb1f9b45778e1ab1ce6e76,https://open.spotify.com/album/4boszlsbafrrlmeh9ntxl9,metal/the-bitter-truth-savage-messiah.jpg
the black,asking-alexandria,https://i.scdn.co/image/ab67616d0000b27309c75d1cfb683d10fd4b3eb3,https://open.spotify.com/album/399w1uaovkhnkczdmmzyoy,metal/the-black-asking-alexandria.jpg
the black crown,suicide-silence,https://i.scdn.co/image/ab67616d0000b2733e2002260cc070a7183a1c7f,https://open.spotify.com/album/3ojkufpvztsenc8g4uyv4l,metal/the-black-crown-suicide-silence.jpg
the book of heavy metal,dream-evil,https://i.scdn.co/image/ab67616d0000b2735e63fac5984dc516623ed0bc,https://open.spotify.com/album/6zwmfxsgjm7dls6jbypndw,metal/the-book-of-heavy-metal-dream-evil.jpg
the book of souls,iron-maiden,https://i.scdn.co/image/ab67616d0000b273443bd0f08a60dfad2b0165e7,https://open.spotify.com/album/4vsfhrq6xxvymcj6pgufr2,metal/the-book-of-souls-iron-maiden.jpg
the circle of five,burning-witches,https://i.scdn.co/image/ab67616d0000b27350bafca5710fb16dff641452,https://open.spotify.com/album/5vjp3quj1szydosqij706n,metal/the-circle-of-five-burning-witches.jpg
the concrete confessional,hatebreed,https://i.scdn.co/image/ab67616d0000b27317e6898bdc4b61bd22bbae09,https://open.spotify.com/album/300egwhkqsskeflbzgfa36,metal/the-concrete-confessional-hatebreed.jpg
the dark delight,dynazty,https://i.scdn.co/image/ab67616d0000b273e130d1576c55aa9b9d166442,https://open.spotify.com/album/44k8risjckxqh5hix2s1g7,metal/the-dark-delight-dynazty.jpg
the day the world stood still,the-raven-age,https://i.scdn.co/image/ab67616d0000b273d1d529ddbe18351ad4b12a35,https://open.spotify.com/album/6o0leub677in5e2hmclrjn,metal/the-day-the-world-stood-still-the-raven-age.jpg
the dirt soundtrack,mötley-crüe,https://i.scdn.co/image/ab67616d0000b273396a05b4c4ffd8f11b939044,https://open.spotify.com/album/41yk0yl2fdwkmsn3l3ii3u,metal/the-dirt-soundtrack-mötley-crüe.jpg
the door to doom,candlemass,https://i.scdn.co/image/ab67616d0000b273a83b51c5d762ca55a3d3c6e5,https://open.spotify.com/album/1ipjmcyqnc7drajrnxeggm,metal/the-door-to-doom-candlemass.jpg
"the earth, the moon, the sun",diviner,https://i.scdn.co/image/ab67616d0000b2733e31b719e7f59413aacff791,https://open.spotify.com/album/7c7g9accyi3glqozp1ynny,"metal/the-earth,-the-moon,-the-sun-diviner.jpg"
the electric warlock acid witch satanic orgy celebration dispenser,rob-zombie,https://i.scdn.co/image/ab67616d0000b2734de9478913a6736b3b2d8ea8,https://open.spotify.com/album/4cwvkh8oygwlgevm0jl35k,metal/the-electric-warlock-acid-witch-satanic-orgy-celebration-dispenser-rob-zombie.jpg
the evil divide,death-angel,https://i.scdn.co/image/ab67616d0000b273eb9a1a9cef7fb756a68e4354,https://open.spotify.com/album/5aeckluyxtjfrbcih3alj1,metal/the-evil-divide-death-angel.jpg
the fairies dance,tungsten,https://i.scdn.co/image/ab67616d0000b2738e3f5ac2c30fadf5e184041b,https://open.spotify.com/album/1sdce2sl6vbpr3mkhnoalb,metal/the-fairies-dance-tungsten.jpg
the future in whose eyes?,sikth,https://i.scdn.co/image/ab67616d0000b273f8c6caab2290af85b653fb05,https://open.spotify.com/album/3aglitukjsid7m51tdeddh,metal/the-future-in-whose-eyes?-sikth.jpg
the gathering,testament,https://i.scdn.co/image/ab67616d0000b273f1897a3debc7d085fcaa901c,https://open.spotify.com/album/0dygfouaeruldwrodoor6j,metal/the-gathering-testament.jpg
the great war,sabaton,https://i.scdn.co/image/ab67616d0000b273b37a2bb117c7ae30ee77b6bd,https://open.spotify.com/album/7ftcdx4cole3hr2vbv7411,metal/the-great-war-sabaton.jpg
the grinding wheel,overkill,https://i.scdn.co/image/ab67616d0000b273571675c380c71ed2c5184e5d,https://open.spotify.com/album/2ipm355ls9kxvq3xo5mwqg,metal/the-grinding-wheel-overkill.jpg
the hammer of witches,sorcerer,https://i.scdn.co/image/ab67616d0000b273d381eeb4cdf615f05cb7ea82,https://open.spotify.com/album/5ynmvmruiuknvza16murna,metal/the-hammer-of-witches-sorcerer.jpg
the heart from your hate,trivium,https://i.scdn.co/image/ab67616d0000b273a2eeb994216e529578e2ca14,https://open.spotify.com/album/1e9v8qysp51oqeyngtoaxq,metal/the-heart-from-your-hate-trivium.jpg
the hell i overcame,bad-omens,https://i.scdn.co/image/ab67616d0000b273e245c5045d9a4eb24d2603f9,https://open.spotify.com/album/2mmwt8srls65bbqrsfm2v6,metal/the-hell-i-overcame-bad-omens.jpg
the holographic principle,epica,https://i.scdn.co/image/ab67616d0000b273960a27d9cc0600db13a9e136,https://open.spotify.com/album/0ddc6ddd4u6rmcnhs3ffff,metal/the-holographic-principle-epica.jpg
the inevitable end,manimal,https://i.scdn.co/image/ab67616d0000b2734206e934617dca3ee39e5fa8,https://open.spotify.com/album/14ncqnpobt32m822qaycsi,metal/the-inevitable-end-manimal.jpg
the l.i.f.e. project,the-l.i.f.e.-project,https://i.scdn.co/image/ab67616d0000b2733e9ffd94a3d0aea33b1ad0a7,https://open.spotify.com/album/267u0dlchjpuveqok1aizx,metal/the-l.i.f.e.-project-the-l.i.f.e.-project.jpg
the landing,iron-savior,https://i.scdn.co/image/ab67616d0000b27396cd0b3287f32ec509c46fed,https://open.spotify.com/album/2uhgomifgbailhuib0qjhu,metal/the-landing-iron-savior.jpg
the last battle,warkings,https://i.scdn.co/image/ab67616d0000b2738ebe130329fea6bd321f9ac9,https://open.spotify.com/album/19h6mqpub0ae4unql9nxil,metal/the-last-battle-warkings.jpg
the last stand,sabaton,https://i.scdn.co/image/ab67616d0000b2734186b858259c9ebf72bf6950,https://open.spotify.com/album/3kephgkcmaxacdybftildx,metal/the-last-stand-sabaton.jpg
the legacy of shi,rise-of-the-northstar,https://i.scdn.co/image/ab67616d0000b2731c68eff72ff0e951574a1e65,https://open.spotify.com/album/0bcg1327bqbcg09ysnzudz,metal/the-legacy-of-shi-rise-of-the-northstar.jpg
the mortal coil,polaris,https://i.scdn.co/image/ab67616d0000b27368bb82b3a30353a20869f39c,https://open.spotify.com/album/6jhjtf53ixjemmolfvzfh7,metal/the-mortal-coil-polaris.jpg
the nexus,amaranthe,https://i.scdn.co/image/ab67616d0000b2736e1996d8839748b11468f129,https://open.spotify.com/album/6431v8poeupuw4k9asykcv,metal/the-nexus-amaranthe.jpg
the night,black-veil-brides,https://i.scdn.co/image/ab67616d0000b2733eef6b51894a5a792220030c,https://open.spotify.com/album/4qhogywhnurgssggv7qykr,metal/the-night-black-veil-brides.jpg
the nightmare of being,at-the-gates,https://i.scdn.co/image/ab67616d0000b2735927f70224ffb2ce045a1d19,https://open.spotify.com/album/1jbilw6thnxxgfbhxcr0ex,metal/the-nightmare-of-being-at-the-gates.jpg
the old me,memphis-may-fire,https://i.scdn.co/image/ab67616d0000b2738b68ee2d3e6172d93f49435c,https://open.spotify.com/album/3q1gnp5gso1z2yrk6rd0s4,metal/the-old-me-memphis-may-fire.jpg
the only ones,caskets,https://i.scdn.co/image/ab67616d0000b273735d57e5862b8a3241f4f7c6,https://open.spotify.com/album/57wzmyrwccmcppk9unzxjy,metal/the-only-ones-caskets.jpg
the oracle (deluxe edition),godsmack,https://i.scdn.co/image/ab67616d0000b273b43a15c506be1d7ea9f0caa0,https://open.spotify.com/album/6yowkkrlpmuwoc5ynduleq,metal/the-oracle-(deluxe-edition)-godsmack.jpg
the pale emperor,marilyn-manson,https://i.scdn.co/image/ab67616d0000b2737ff2555301b6a0bdd629bac2,https://open.spotify.com/album/0f9brqbq3vldyytelx9f9n,metal/the-pale-emperor-marilyn-manson.jpg
the phantom agony (expanded edition),epica,https://i.scdn.co/image/ab67616d0000b273fe1e925e09181946c041d0ec,https://open.spotify.com/album/2tieryufgcjudpsqsp3wvm,metal/the-phantom-agony-(expanded-edition)-epica.jpg
the price of agony,fit-for-a-king,https://i.scdn.co/image/ab67616d0000b2739eef223a68d9194ab6edbe75,https://open.spotify.com/album/4bzegandesit1ucygx93ao,metal/the-price-of-agony-fit-for-a-king.jpg
the ride majestic,soilwork,https://i.scdn.co/image/ab67616d0000b27313cd93bd909c3bd4b63f1c14,https://open.spotify.com/album/5q9c60zcfvzkijys7mqvff,metal/the-ride-majestic-soilwork.jpg
the rise of chaos,accept,https://i.scdn.co/image/ab67616d0000b273aee495c22f14e75cecfa217f,https://open.spotify.com/album/1kzfp9urlnffcn3h0mrofo,metal/the-rise-of-chaos-accept.jpg
the royal guard,sabaton,https://i.scdn.co/image/ab67616d0000b27377f5109af7d43dfa7e9078e0,https://open.spotify.com/album/66mqursicmrueri5esinje,metal/the-royal-guard-sabaton.jpg
the satanist,behemoth,https://i.scdn.co/image/ab67616d0000b2734653f4de5f169d4842815086,https://open.spotify.com/album/3fziwoy6whn2q2zn5fmjgp,metal/the-satanist-behemoth.jpg
the sea of tragic beasts,fit-for-an-autopsy,https://i.scdn.co/image/ab67616d0000b273420a016638e287d76efd4c96,https://open.spotify.com/album/4u9srst0l0gxgkje1zxrif,metal/the-sea-of-tragic-beasts-fit-for-an-autopsy.jpg
the serenity of suffering (deluxe),korn,https://i.scdn.co/image/ab67616d0000b273fe20726a44bde7a7ba069da1,https://open.spotify.com/album/4rjholfpx2rhqsvija0fsn,metal/the-serenity-of-suffering-(deluxe)-korn.jpg
the sickness (10th anniversary edition),disturbed,https://i.scdn.co/image/ab67616d0000b27394a42e7b21b0fab4f4773db2,https://open.spotify.com/album/07w0hgs9xudfspbvdhy16y,metal/the-sickness-(10th-anniversary-edition)-disturbed.jpg
the side effects,coldrain,https://i.scdn.co/image/ab67616d0000b273132f225040371f2ad93af051,https://open.spotify.com/album/1bgwyz8x5j2qchx1x0r60e,metal/the-side-effects-coldrain.jpg
the silent force,within-temptation,https://i.scdn.co/image/ab67616d0000b27385fc8567babaf945bda677c3,https://open.spotify.com/album/7mqb9jdlwwr4klunxfnujz,metal/the-silent-force-within-temptation.jpg
the sin and the sentence,trivium,https://i.scdn.co/image/ab67616d0000b27349297ff523b7098a50195711,https://open.spotify.com/album/3qq44o8qqvz5jq7b5aevlt,metal/the-sin-and-the-sentence-trivium.jpg
the sound of scars,life-of-agony,https://i.scdn.co/image/ab67616d0000b2734d8a1f78d15fdf49acbf9943,https://open.spotify.com/album/3lpxbyb1wagxgt1gta0fgx,metal/the-sound-of-scars-life-of-agony.jpg
the stage (deluxe edition),avenged-sevenfold,https://i.scdn.co/image/ab67616d0000b273ded3f44c182b3d70261a775e,https://open.spotify.com/album/0ugk14kqmoftksadepmwyl,metal/the-stage-(deluxe-edition)-avenged-sevenfold.jpg
the undertaker,accept,https://i.scdn.co/image/ab67616d0000b2733bb331ad475c2c074a24cc39,https://open.spotify.com/album/2ik9ockbxrseyslsd6faid,metal/the-undertaker-accept.jpg
the unforgiving,within-temptation,https://i.scdn.co/image/ab67616d0000b273d85125df7939073fbc1b956e,https://open.spotify.com/album/1tlnnem19ennrvfalzqxlk,metal/the-unforgiving-within-temptation.jpg
the witch of the north,burning-witches,https://i.scdn.co/image/ab67616d0000b273d7e473ff29e4c76f98fcc462,https://open.spotify.com/album/1p6qvxbulcqjrvzpwopgkx,metal/the-witch-of-the-north-burning-witches.jpg
the world is burning,ember-falls,https://i.scdn.co/image/ab67616d0000b273e5af83ba46dd9cfa3380b9a6,https://open.spotify.com/album/73meqygfkwrue4aixma3lf,metal/the-world-is-burning-ember-falls.jpg
"the wrong side of heaven and the righteous side of hell, volume 1",five-finger-death-punch,https://i.scdn.co/image/ab67616d0000b27376df46a3fd82c419a2dc0a43,https://open.spotify.com/album/6vmtdfzbpjyrbsfkcvjuh3,"metal/the-wrong-side-of-heaven-and-the-righteous-side-of-hell,-volume-1-five-finger-death-punch.jpg"
throes of joy in the jaws of defeatism (bonus tracks version),napalm-death,https://i.scdn.co/image/ab67616d0000b27357ac31efca85c5fa8de7f5c6,https://open.spotify.com/album/3aasiphf14tujhnrklueia,metal/throes-of-joy-in-the-jaws-of-defeatism-(bonus-tracks-version)-napalm-death.jpg
thunder rising,brother-firetribe,https://i.scdn.co/image/ab67616d0000b27370cafb4dd68348c533be8778,https://open.spotify.com/album/3csc1fjjbqiefgfrxqtvyu,metal/thunder-rising-brother-firetribe.jpg
tomorrow's no concern,dee-snider,https://i.scdn.co/image/ab67616d0000b27355f13ebc55185bd1a5f8868f,https://open.spotify.com/album/3fsffyagtmmhndghtivyjx,metal/tomorrow's-no-concern-dee-snider.jpg
too mean to die,accept,https://i.scdn.co/image/ab67616d0000b273383c4f17009419914dd35715,https://open.spotify.com/album/5dbzbq2lx9otwsvhyfkheq,metal/too-mean-to-die-accept.jpg
toxicity,system-of-a-down,https://i.scdn.co/image/ab67616d0000b2732c8ceb2f9b28109b36d07bc4,https://open.spotify.com/album/4dr0gwo7w2gjyqnfva4jab,metal/toxicity-system-of-a-down.jpg
trauma,i-prevail,https://i.scdn.co/image/ab67616d0000b27324261dc1d55e438883664bfd,https://open.spotify.com/album/2qru8jgojhdmrctpkihvik,metal/trauma-i-prevail.jpg
twilight of the thunder god,amon-amarth,https://i.scdn.co/image/ab67616d0000b2739203fd1f5c23f0ad92ce63fa,https://open.spotify.com/album/3j0gcutdz53x9mzl8l1fwz,metal/twilight-of-the-thunder-god-amon-amarth.jpg
tū,alien-weaponry,https://i.scdn.co/image/ab67616d0000b273fd9104f83223065d556f5f50,https://open.spotify.com/album/4rbkibnroo8lp1y8p3vv4m,metal/tū-alien-weaponry.jpg
unbreakable,kingdom-collapse,https://i.scdn.co/image/ab67616d0000b2737e11485db5ebb078e20ecc67,https://open.spotify.com/album/2s2fjjhwjknuu0goblmrmb,metal/unbreakable-kingdom-collapse.jpg
uncontrollable descent,emmure,https://i.scdn.co/image/ab67616d0000b273db22eb9e2df92f6c5a35cd39,https://open.spotify.com/album/7o4messsnsdqjs9gwijzcj,metal/uncontrollable-descent-emmure.jpg
underneath the scars,kataklysm,https://i.scdn.co/image/ab67616d0000b273243daae1e242e33edff923ee,https://open.spotify.com/album/4o28uy70mmjey8ajjiundi,metal/underneath-the-scars-kataklysm.jpg
unsainted,slipknot,https://i.scdn.co/image/ab67616d0000b27319018a2d261a6e4c262ca1ba,https://open.spotify.com/album/6omuwizbss5csdad3iahdd,metal/unsainted-slipknot.jpg
unto the locust (special edition),machine-head,https://i.scdn.co/image/ab67616d0000b2732fa3e471bead2f607a1f03ab,https://open.spotify.com/album/79ewdnzoh0n7viaxmyp1cz,metal/unto-the-locust-(special-edition)-machine-head.jpg
uranus (feat. michael starr),nanowar-of-steel,https://i.scdn.co/image/ab67616d0000b273ef48641573925d67f5148e92,https://open.spotify.com/album/5kquqpct18ztevgaktflyz,metal/uranus-(feat.-michael-starr)-nanowar-of-steel.jpg
vengeance ignited,sister,https://i.scdn.co/image/ab67616d0000b273b9b75b41d3bc59d8a5c6762b,https://open.spotify.com/album/04eitnacegm8fmxusl1zuu,metal/vengeance-ignited-sister.jpg
venom (deluxe edition),bullet-for-my-valentine,https://i.scdn.co/image/ab67616d0000b273b5836f92f626bb4fe05b016a,https://open.spotify.com/album/1yjxzhd158jsm2906jqzxf,metal/venom-(deluxe-edition)-bullet-for-my-valentine.jpg
venomous rat regeneration vendor,rob-zombie,https://i.scdn.co/image/ab67616d0000b273b06c1c7178b6a6602dc95c03,https://open.spotify.com/album/1y6e636yljkwxsbwk89gs6,metal/venomous-rat-regeneration-vendor-rob-zombie.jpg
verkligheten,soilwork,https://i.scdn.co/image/ab67616d0000b273e80dd6bdb67f124c62a671ae,https://open.spotify.com/album/0ra9gbvuv3ac4mgfq0otmw,metal/verkligheten-soilwork.jpg
vii: sturm und drang (deluxe version),lamb-of-god,https://i.scdn.co/image/ab67616d0000b2739e0b280a62cf8e0072dbb45b,https://open.spotify.com/album/629yxlcyifgirb4cm8oucu,metal/vii:-sturm-und-drang-(deluxe-version)-lamb-of-god.jpg
violent noise,the-word-alive,https://i.scdn.co/image/ab67616d0000b273d997e6c050cf7deae873fec1,https://open.spotify.com/album/7j66hlhb0qyzz5p19thczp,metal/violent-noise-the-word-alive.jpg
viva la victoria,eclipse,https://i.scdn.co/image/ab67616d0000b273464c5e28c05d68738d13a8db,https://open.spotify.com/album/22vcmojoj8dx7gbcymfu8a,metal/viva-la-victoria-eclipse.jpg
vol. 3: the subliminal verses,slipknot,https://i.scdn.co/image/ab67616d0000b2736b3463e7160d333ada4b175a,https://open.spotify.com/album/4zdbqsidizrubog2ohcn3t,metal/vol.-3:-the-subliminal-verses-slipknot.jpg
vortex,jinjer,https://i.scdn.co/image/ab67616d0000b2735552973babf1c3410cd0f184,https://open.spotify.com/album/1s1ll0zksvf84v44oebmny,metal/vortex-jinjer.jpg
vulgar display of power,pantera,https://i.scdn.co/image/ab67616d0000b273347c0a40c1e3f0c890a6d9d6,https://open.spotify.com/album/7kw0cpkgsvseqcc8xgbsb0,metal/vulgar-display-of-power-pantera.jpg
vultures,wheel,https://i.scdn.co/image/ab67616d0000b273d909e6d2baa7e0fe692c6581,https://open.spotify.com/album/796jrmhafr0ukfd6r1hr8k,metal/vultures-wheel.jpg
vysteria,night-demon,https://i.scdn.co/image/ab67616d0000b273a6e8e6d8aa1a475b367d6676,https://open.spotify.com/album/22dm2oighrn4ni1qyc7owp,metal/vysteria-night-demon.jpg
war,palisades,https://i.scdn.co/image/ab67616d0000b273e907ea3c10a98bc02cc3dac5,https://open.spotify.com/album/3zxngycc3qrkog46lhled4,metal/war-palisades.jpg
war eternal,arch-enemy,https://i.scdn.co/image/ab67616d0000b273ffe6955b65d9425f0cce4472,https://open.spotify.com/album/3qzrnvuuyojxfzmyrch5qn,metal/war-eternal-arch-enemy.jpg
war is the answer,five-finger-death-punch,https://i.scdn.co/image/ab67616d0000b273021dd6fc31a42ac4e4ab778c,https://open.spotify.com/album/6uvygnsny4ytapggby4bzz,metal/war-is-the-answer-five-finger-death-punch.jpg
waterfall,dynazty,https://i.scdn.co/image/ab67616d0000b2735336b25feea29ddb292bf0d6,https://open.spotify.com/album/6ujesmz71fksnbp3cxffkj,metal/waterfall-dynazty.jpg
we are not your kind,slipknot,https://i.scdn.co/image/ab67616d0000b27326f20b4d67c0c7b0f137ce4f,https://open.spotify.com/album/754ry5wpz2ltuzsk8kdbju,metal/we-are-not-your-kind-slipknot.jpg
we will rise,tungsten,https://i.scdn.co/image/ab67616d0000b273e21615e8de4d69ed47f67ed8,https://open.spotify.com/album/0m79v9jpirse4epqpkl5xc,metal/we-will-rise-tungsten.jpg
werewolves of armenia (new version 2020),powerwolf,https://i.scdn.co/image/ab67616d0000b273e0f97bab2313902ab9239e2b,https://open.spotify.com/album/0pcye5m2gwpw8csyv0bimk,metal/werewolves-of-armenia-(new-version-2020)-powerwolf.jpg
what the dead men say,trivium,https://i.scdn.co/image/ab67616d0000b273f11a218563f0edfa7940fc94,https://open.spotify.com/album/0axijybwk4u41ijmojmp8y,metal/what-the-dead-men-say-trivium.jpg
when legends rise,godsmack,https://i.scdn.co/image/ab67616d0000b2732508fbd2c6d2b562dd8548a9,https://open.spotify.com/album/6zrsvdc1yiqowdc4bcrdaf,metal/when-legends-rise-godsmack.jpg
when sparks ignite,darkhaus,https://i.scdn.co/image/ab67616d0000b273e6f295291d8e447a92c40a6e,https://open.spotify.com/album/42cn8xebps5yftxwjswh3w,metal/when-sparks-ignite-darkhaus.jpg
wilting in the light,light-the-torch,https://i.scdn.co/image/ab67616d0000b273778079807dfc442f292956cd,https://open.spotify.com/album/6gqq37rtla6xobazvlvzrx,metal/wilting-in-the-light-light-the-torch.jpg
wings of steel,burning-witches,https://i.scdn.co/image/ab67616d0000b2736ee372b9f49262d913dce15c,https://open.spotify.com/album/5x16adkfiiya3cjsqbmxay,metal/wings-of-steel-burning-witches.jpg
winter kills,devildriver,https://i.scdn.co/image/ab67616d0000b2735ec76999669d4a17f9f374b9,https://open.spotify.com/album/3rgen6gmnxvtfo2buzqgsl,metal/winter-kills-devildriver.jpg
wintersaga,wind-rose,https://i.scdn.co/image/ab67616d0000b2732bc72d41450826d2a81b2280,https://open.spotify.com/album/2c0eztka9v6wcq2pzmmxrd,metal/wintersaga-wind-rose.jpg
wisconsin death trip,static-x,https://i.scdn.co/image/ab67616d0000b2730099efc7034c941135448e94,https://open.spotify.com/album/2wrlwr5miixr9gawooq6j5,metal/wisconsin-death-trip-static-x.jpg
within each lies the other,as-everything-unfolds,https://i.scdn.co/image/ab67616d0000b2734d2a8404ce3c21a5728cc5a5,https://open.spotify.com/album/6isj0hqo95h2vyzkeeowvo,metal/within-each-lies-the-other-as-everything-unfolds.jpg
witness,vola,https://i.scdn.co/image/ab67616d0000b273d36b28372ff3a8b52e399ed3,https://open.spotify.com/album/30rmzbd5a5hqrpgyzbq7la,metal/witness-vola.jpg
wolves in winter,demons-&-wizards,https://i.scdn.co/image/ab67616d0000b273770ea506ee677ce7d95b1a46,https://open.spotify.com/album/0ltwrczeiiffadbjr0vuxu,metal/wolves-in-winter-demons-&-wizards.jpg
world war x,carnifex,https://i.scdn.co/image/ab67616d0000b27367c815cf0326602e71f351db,https://open.spotify.com/album/5oz1qfquuaxp4yzdfwlohu,metal/world-war-x-carnifex.jpg
wouldn’t you rather,alter-bridge,https://i.scdn.co/image/ab67616d0000b273eccff131d48b0f7be6142ac7,https://open.spotify.com/album/2jqmulwwzij8nh88hvqunu,metal/wouldn’t-you-rather-alter-bridge.jpg
you are we,while-she-sleeps,https://i.scdn.co/image/ab67616d0000b273c29eec7702466cebfe864198,https://open.spotify.com/album/26wfh7vua3ykyy2imvdhpi,metal/you-are-we-while-she-sleeps.jpg
you will be the death of me,light-the-torch,https://i.scdn.co/image/ab67616d0000b273e7bdb09c822252c93e3f9a57,https://open.spotify.com/album/3wb6kgbmfieqqz7vozufpo,metal/you-will-be-the-death-of-me-light-the-torch.jpg
you'll never find me,korn,https://i.scdn.co/image/ab67616d0000b2738d2a047462e03baed60c988d,https://open.spotify.com/album/4xucqzk1zp6bga888pkjb3,metal/you'll-never-find-me-korn.jpg
zombie apocalypse,accept,https://i.scdn.co/image/ab67616d0000b2733942a81e3f7a5da47d7c7b90,https://open.spotify.com/album/5rm4e7awndj0exkghark5o,metal/zombie-apocalypse-accept.jpg
ænima,tool,https://i.scdn.co/image/ab67616d0000b273dce45359981d62e087a29e6f,https://open.spotify.com/album/6ywmn087pgsimbcvmhlewg,metal/ænima-tool.jpg
