"""awaken, my love!""",childish-gambino,https://i.scdn.co/image/ab67616d0000b273b08b996d08001270adc8b555,https://open.spotify.com/album/4carzsnpd6yvuhz49i0oz8,"r-n-b/""awaken,-my-love!""-childish-gambino.jpg"
100% ginuwine,ginuwine,https://i.scdn.co/image/ab67616d0000b273c3271cf84b2d68263ac5e00d,https://open.spotify.com/album/0yfc7hio3iaavvncvcwjvy,r-n-b/100%-ginuwine-ginuwine.jpg
112,112,https://i.scdn.co/image/ab67616d0000b27352b3817d42c5bae21c33c3eb,https://open.spotify.com/album/5lslgyvikhz22s8gexz9vc,r-n-b/112-112.jpg
12 play,r.-kelly,https://i.scdn.co/image/ab67616d0000b273b0369e7bc02fdd7626c7971b,https://open.spotify.com/album/11uweyxxnrehezweviqs3y,r-n-b/12-play-r.-kelly.jpg
21,omarion,https://i.scdn.co/image/ab67616d0000b273143d8c80ea2f575475f59abc,https://open.spotify.com/album/4cvveoxyuawo7vldwikksi,r-n-b/21-omarion.jpg
24k magic,bruno-mars,https://i.scdn.co/image/ab67616d0000b273232711f7d66a1e19e89e28c5,https://open.spotify.com/album/4pgler09jvnm3zy1fw3xba,r-n-b/24k-magic-bruno-mars.jpg
3lw,3lw,https://i.scdn.co/image/ab67616d0000b273152d0abf7dab6b4690c01442,https://open.spotify.com/album/7l1ra4zacxyfr4ytby63t7,r-n-b/3lw-3lw.jpg
4,beyoncé,https://i.scdn.co/image/ab67616d0000b273ff5429125128b43572dbdccd,https://open.spotify.com/album/1gic63gc3b7o7ffppaczqj,r-n-b/4-beyoncé.jpg
4275 (bonus version),jacquees,https://i.scdn.co/image/ab67616d0000b273276ce856b01e1590c0991850,https://open.spotify.com/album/03adj15ptddmxry6qkkwlo,r-n-b/4275-(bonus-version)-jacquees.jpg
6pc hot ep,6lack,https://i.scdn.co/image/ab67616d0000b2737d7b13ed9c6aa99e96344a5d,https://open.spotify.com/album/37o0syq7db1kydzuh8tbwb,r-n-b/6pc-hot-ep-6lack.jpg
8701,usher,https://i.scdn.co/image/ab67616d0000b2737750146aac26aade0a867913,https://open.spotify.com/album/6k16wxh4rkyusion00rmpi,r-n-b/8701-usher.jpg
a girl like me,rihanna,https://i.scdn.co/image/ab67616d0000b273d744a51e193d52170070062b,https://open.spotify.com/album/2jdjs6jjoml7nt7yjo0nnh,r-n-b/a-girl-like-me-rihanna.jpg
a n n i v e r s a r y,bryson-tiller,https://i.scdn.co/image/ab67616d0000b27325d035314fd4fd648fcf4e7f,https://open.spotify.com/album/4tlp29vbvvv4jaahjsmkjp,r-n-b/a-n-n-i-v-e-r-s-a-r-y-bryson-tiller.jpg
a n n i v e r s a r y (deluxe),bryson-tiller,https://i.scdn.co/image/ab67616d0000b273cc5a0e69d80edf1cd1ef4dad,https://open.spotify.com/album/272gpdejwzjtyzfhdwfxby,r-n-b/a-n-n-i-v-e-r-s-a-r-y-(deluxe)-bryson-tiller.jpg
after the storm,monica,https://i.scdn.co/image/ab67616d0000b2730cfb7f6743c0742761edf377,https://open.spotify.com/album/4lsqkggfffauod22yrc25v,r-n-b/after-the-storm-monica.jpg
age ain't nothing but a number,aaliyah,https://i.scdn.co/image/ab67616d0000b27371aaf1ce904c974ed4efc0c8,https://open.spotify.com/album/3e3qrjl4cre7krms420irl,r-n-b/age-ain't-nothing-but-a-number-aaliyah.jpg
aijuswanaseing,musiq-soulchild,https://i.scdn.co/image/ab67616d0000b273f307484a6b0203eae76e176b,https://open.spotify.com/album/2rmmkj20xouc3mqq1cyz3c,r-n-b/aijuswanaseing-musiq-soulchild.jpg
all eyez on me,2pac,https://i.scdn.co/image/ab67616d0000b273a786ad0992cfe0b2719729bf,https://open.spotify.com/album/4czt5uefbrpbilw34hqyxi,r-n-b/all-eyez-on-me-2pac.jpg
all i feel,ray-j,https://i.scdn.co/image/ab67616d0000b2738accd4130a987e659cd3f105,https://open.spotify.com/album/6976uxftkqci4cjry9z4kw,r-n-b/all-i-feel-ray-j.jpg
all i want is you,miguel,https://i.scdn.co/image/ab67616d0000b273d5a8395b0d80b8c48a5d851c,https://open.spotify.com/album/493hye7n5pleudezryhe7r,r-n-b/all-i-want-is-you-miguel.jpg
all my love,sabrina-claudio,https://i.scdn.co/image/ab67616d0000b27309cd507b98465a6e50ec067d,https://open.spotify.com/album/3w1hhyjpqf1lqoqvseslfk,r-n-b/all-my-love-sabrina-claudio.jpg
all-4-one,all-4-one,https://i.scdn.co/image/ab67616d0000b2730a23b37b281f5dad95dda57d,https://open.spotify.com/album/4l5za0gukwnwjsk9b7hhdy,r-n-b/all-4-one-all-4-one.jpg
alt therapy session 2: transformation,emanuel,https://i.scdn.co/image/ab67616d0000b273bacf14781917042785987fbf,https://open.spotify.com/album/7mbzvkyy1dmv2jaeq8h6ri,r-n-b/alt-therapy-session-2:-transformation-emanuel.jpg
always n forever (feat. lil baby),mariah-the-scientist,https://i.scdn.co/image/ab67616d0000b273dec68a2642f59321b404150f,https://open.spotify.com/album/1ph2gfimcisvvmjop8ooiu,r-n-b/always-n-forever-(feat.-lil-baby)-mariah-the-scientist.jpg
ambition,wale,https://i.scdn.co/image/ab67616d0000b273121fae55bc38102df4448b89,https://open.spotify.com/album/0jcvc8ndyyoooey2yto1l6,r-n-b/ambition-wale.jpg
american teen,khalid,https://i.scdn.co/image/ab67616d0000b273988ede5e1276e758b5f9e577,https://open.spotify.com/album/6kf46hbnyczzp6rjvqhyzg,r-n-b/american-teen-khalid.jpg
amusing her feelings,dvsn,https://i.scdn.co/image/ab67616d0000b273076d63822c9129ababfe5973,https://open.spotify.com/album/1m0lodgujbwpisqlw43qwt,r-n-b/amusing-her-feelings-dvsn.jpg
angles (feat. chris brown),wale,https://i.scdn.co/image/ab67616d0000b273edc0d79490c43cb06accde80,https://open.spotify.com/album/1j97eqxfc3mf43hz60nmns,r-n-b/angles-(feat.-chris-brown)-wale.jpg
another level,blackstreet,https://i.scdn.co/image/ab67616d0000b27303ca37157b9ceefbe8fe225b,https://open.spotify.com/album/2zgzlqifl9uubtrvmtikbi,r-n-b/another-level-blackstreet.jpg
anti,rihanna,https://i.scdn.co/image/ab67616d0000b2737b688587a6754481c53f6bb7,https://open.spotify.com/album/48i37aztc1prdr4ecpqeea,r-n-b/anti-rihanna.jpg
anything,swv,https://i.scdn.co/image/ab67616d0000b27340d5cb4eb294656729b1a5b5,https://open.spotify.com/album/1cw5srjb40lxckih2ge1f3,r-n-b/anything-swv.jpg
ashanti,ashanti,https://i.scdn.co/image/ab67616d0000b2730ce7276f98d22a40865d9f0a,https://open.spotify.com/album/5m3brdat0tv5ssysm5pm8x,r-n-b/ashanti-ashanti.jpg
avant,avant,https://i.scdn.co/image/ab67616d0000b273283d9616980c5cf1ca1fc5eb,https://open.spotify.com/album/1nobdftwcnr1qxn122yhdd,r-n-b/avant-avant.jpg
b'day deluxe edition,beyoncé,https://i.scdn.co/image/ab67616d0000b273026e88f624dfb96f2e1ef10b,https://open.spotify.com/album/0zd10mkn5j9kwust0tdbbb,r-n-b/b'day-deluxe-edition-beyoncé.jpg
b.o.b presents: the adventures of bobby ray,b.o.b,https://i.scdn.co/image/ab67616d0000b273484d121f0e2d2caf87d5d10b,https://open.spotify.com/album/7aplpyt8szv1iqtxyvsy5p,r-n-b/b.o.b-presents:-the-adventures-of-bobby-ray-b.o.b.jpg
back home,trey-songz,https://i.scdn.co/image/ab67616d0000b273613e52f117b5f4336b790082,https://open.spotify.com/album/6tjkic90q5fuhbawsrbpki,r-n-b/back-home-trey-songz.jpg
back home (feat. summer walker),trey-songz,https://i.scdn.co/image/ab67616d0000b27322ee525c040a5b933c8c8e4b,https://open.spotify.com/album/4ecrhq7xh9mtfupaypusky,r-n-b/back-home-(feat.-summer-walker)-trey-songz.jpg
back of my lac',j.-holiday,https://i.scdn.co/image/ab67616d0000b273869dcbffba62682127354bb4,https://open.spotify.com/album/1ypwht853zvmsplg2dnzli,r-n-b/back-of-my-lac'-j.-holiday.jpg
back to you (feat. chris brown & charlie wilson),o.t.-genasis,https://i.scdn.co/image/ab67616d0000b2730864b5b845d2babf23f1e70c,https://open.spotify.com/album/4u3nnk2ulffupd3lwx3tcl,r-n-b/back-to-you-(feat.-chris-brown-&-charlie-wilson)-o.t.-genasis.jpg
bad boy 20th anniversary box set edition,various-artists,https://i.scdn.co/image/ab67616d0000b273edc3c125d87a7bfcd4ef158b,https://open.spotify.com/album/52tqkxbjkobsbjkxlkglwu,r-n-b/bad-boy-20th-anniversary-box-set-edition-various-artists.jpg
bad boy's 10th anniversary- the hits,various-artists,https://i.scdn.co/image/ab67616d0000b27394f68ea26a5b2146eaaa4099,https://open.spotify.com/album/46jqvqjpog8opdlul1qht1,r-n-b/bad-boy's-10th-anniversary--the-hits-various-artists.jpg
bad habits,usher,https://i.scdn.co/image/ab67616d0000b273f89edafc4916eaec3bd718ab,https://open.spotify.com/album/2sd4s8plx7sdr7qn580kk6,r-n-b/bad-habits-usher.jpg
bad neighbors,k.-forest,https://i.scdn.co/image/ab67616d0000b273b0cff313ce26b5300b67fab3,https://open.spotify.com/album/59qu1qgvo52f5ntojpcoh4,r-n-b/bad-neighbors-k.-forest.jpg
battle of the sexes (deluxe),ludacris,https://i.scdn.co/image/ab67616d0000b2739bfafd29c34d738803a6a033,https://open.spotify.com/album/00ksgh9g6nybqhjnrqfbew,r-n-b/battle-of-the-sexes-(deluxe)-ludacris.jpg
beautiful girls,sean-kingston,https://i.scdn.co/image/ab67616d0000b2736a45d20e414fbc456ecea553,https://open.spotify.com/album/71clfvkkopylrgwevj2cow,r-n-b/beautiful-girls-sean-kingston.jpg
beauty behind the madness,the-weeknd,https://i.scdn.co/image/ab67616d0000b2737fcead687e99583072cc217b,https://open.spotify.com/album/0p3ovjbfov3tdxlyrhgl7s,r-n-b/beauty-behind-the-madness-the-weeknd.jpg
because of you,ne-yo,https://i.scdn.co/image/ab67616d0000b273ec4f8c81eb9ddee00e01798d,https://open.spotify.com/album/52q9xnv8cotsu9phlbo5sg,r-n-b/because-of-you-ne-yo.jpg
been waiting,jessica-mauboy,https://i.scdn.co/image/ab67616d0000b2732e14e3c145c0cac92a12feac,https://open.spotify.com/album/2pzvfjgk74fgwprvmb0qoh,r-n-b/been-waiting-jessica-mauboy.jpg
beep,bobby-v.,https://i.scdn.co/image/ab67616d0000b273a9950b95b20cb538a130b334,https://open.spotify.com/album/1u6carob9gyuqpokq67whn,r-n-b/beep-bobby-v..jpg
beg for mercy,g-unit,https://i.scdn.co/image/ab67616d0000b2735763a1ac1bce68a1af55b6e3,https://open.spotify.com/album/0bolfriccxxppuk50etvgy,r-n-b/beg-for-mercy-g-unit.jpg
believe,george-nozuka,https://i.scdn.co/image/ab67616d0000b273c3fe87e3bf12739ee2606d6f,https://open.spotify.com/album/4pk91bpfoge7gmpbzgj3lr,r-n-b/believe-george-nozuka.jpg
best i ever had,drake,https://i.scdn.co/image/ab67616d0000b273defc2c430d59058d1f3267ca,https://open.spotify.com/album/3amtvugunyir27bv8gfpxw,r-n-b/best-i-ever-had-drake.jpg
best of 50 cent,50-cent,https://i.scdn.co/image/ab67616d0000b27398b880a716a15f64af5383d8,https://open.spotify.com/album/3az8lb7xzk2ptwi7tyil9c,r-n-b/best-of-50-cent-50-cent.jpg
blaque,blaque,https://i.scdn.co/image/ab67616d0000b273403477ae0a5f14c83097d7ec,https://open.spotify.com/album/4m3zr714ewg904ox0xxqbp,r-n-b/blaque-blaque.jpg
blonde,frank-ocean,https://i.scdn.co/image/ab67616d0000b273c5649add07ed3720be9d5526,https://open.spotify.com/album/3mh6qwiy9crq0i9yqboudf,r-n-b/blonde-frank-ocean.jpg
bluestars,pretty-ricky,https://i.scdn.co/image/ab67616d0000b273b3846106140d15e28b6f0611,https://open.spotify.com/album/5kexjw3alurvdnagrumame,r-n-b/bluestars-pretty-ricky.jpg
born to do it,craig-david,https://i.scdn.co/image/ab67616d0000b2737c2e92fb2302f8e8fcd9b389,https://open.spotify.com/album/5tedegcbtmvdnxzutxefjy,r-n-b/born-to-do-it-craig-david.jpg
brandy,brandy,https://i.scdn.co/image/ab67616d0000b27345b86aa8f8be545955be7e8c,https://open.spotify.com/album/2yhjogh0miqyvahufkjcz6,r-n-b/brandy-brandy.jpg
brass knuckles,nelly,https://i.scdn.co/image/ab67616d0000b273fbee165595173b446cb6d829,https://open.spotify.com/album/6th2kbxjkshd5q7kqmse8c,r-n-b/brass-knuckles-nelly.jpg
brb (feat. pink sweat$),mahalia,https://i.scdn.co/image/ab67616d0000b2735946040bf783f65b8e4bc40e,https://open.spotify.com/album/6mdvwric8pazfkggzsfbso,r-n-b/brb-(feat.-pink-sweat$)-mahalia.jpg
brown sugar,d'angelo,https://i.scdn.co/image/ab67616d0000b273aad38ef82146467dc999afcf,https://open.spotify.com/album/1owp8voafek4r7zkvgohme,r-n-b/brown-sugar-d'angelo.jpg
"call me crazy, but...",sevyn-streeter,https://i.scdn.co/image/ab67616d0000b2730262c6c4ba48b91ce0a43f14,https://open.spotify.com/album/3qpng7nh0vriekmmz7lei7,"r-n-b/call-me-crazy,-but...-sevyn-streeter.jpg"
can i...,jaicko,https://i.scdn.co/image/ab67616d0000b2736c98c21fd1dd26149ffb0117,https://open.spotify.com/album/1a9wwfd51rcvt2ufqpsdiv,r-n-b/can-i...-jaicko.jpg
candy rain,soul-for-real,https://i.scdn.co/image/ab67616d0000b27395838aa2462ce2b9933e2087,https://open.spotify.com/album/0gmc4fd7rwxsfoo5ht4nkp,r-n-b/candy-rain-soul-for-real.jpg
candy rain (remixes),soul-for-real,https://i.scdn.co/image/ab67616d0000b273d3687813b1196ce38275e76e,https://open.spotify.com/album/3sclm7m1lu2xscrryqeolu,r-n-b/candy-rain-(remixes)-soul-for-real.jpg
cassie (u.s. version),cassie,https://i.scdn.co/image/ab67616d0000b273f4c4ee507c2558262869f415,https://open.spotify.com/album/0j1qzjajmsf1fkcicf3hru,r-n-b/cassie-(u.s.-version)-cassie.jpg
category f5,twista,https://i.scdn.co/image/ab67616d0000b2731318869f0a7ed681704346b1,https://open.spotify.com/album/5uvpmwtbiipoycrlcxbkun,r-n-b/category-f5-twista.jpg
caught up (feat. khalid),khalid,https://i.scdn.co/image/ab67616d0000b2738abe0e9dae9f218368dfb3b5,https://open.spotify.com/album/3lhvzayhkrzpdryyqj5jzu,r-n-b/caught-up-(feat.-khalid)-khalid.jpg
chanel,frank-ocean,https://i.scdn.co/image/ab67616d0000b273a0b780c23fc3c19bd412b234,https://open.spotify.com/album/6ogzmhzhcjf0un9j7dyvzh,r-n-b/chanel-frank-ocean.jpg
changes,justin-bieber,https://i.scdn.co/image/ab67616d0000b2737fe4a82a08c4f0decbeddbc6,https://open.spotify.com/album/63iwselt9v1kv6rsmxn7ii,r-n-b/changes-justin-bieber.jpg
channel orange,frank-ocean,https://i.scdn.co/image/ab67616d0000b273d75f9bcceee0bda633d23edf,https://open.spotify.com/album/6vzh59tobnxe5wxmiqvbix,r-n-b/channel-orange-frank-ocean.jpg
chapter ii,ashanti,https://i.scdn.co/image/ab67616d0000b27352ac190aeaea5489d6f37851,https://open.spotify.com/album/4vjeawsf9uh2ecdkxazaq2,r-n-b/chapter-ii-ashanti.jpg
check on it (feat. bun b & slim thug),beyoncé,https://i.scdn.co/image/ab67616d0000b2732ade275903f5054c2e714007,https://open.spotify.com/album/6ntnhz59okj1lshujpqnkd,r-n-b/check-on-it-(feat.-bun-b-&-slim-thug)-beyoncé.jpg
checklist,jhyve,https://i.scdn.co/image/ab67616d0000b273059ea23748d5c32466389fca,https://open.spotify.com/album/0cys4kzs0mtlzged4kr4zt,r-n-b/checklist-jhyve.jpg
chilombo,jhené-aiko,https://i.scdn.co/image/ab67616d0000b273b87ac71d440973d20f4c8473,https://open.spotify.com/album/5jle1zlht3meww0mrpn920,r-n-b/chilombo-jhené-aiko.jpg
chixtape 5,tory-lanez,https://i.scdn.co/image/ab67616d0000b2733f5d63f12fa8e44a86936e07,https://open.spotify.com/album/6vvheka9lrg0mwiqaxi37f,r-n-b/chixtape-5-tory-lanez.jpg
chocolate factory,r.-kelly,https://i.scdn.co/image/ab67616d0000b2734cb949e9f103f12d96797121,https://open.spotify.com/album/35ea7owxzpzb1vapiaegom,r-n-b/chocolate-factory-r.-kelly.jpg
chris brown,chris-brown,https://i.scdn.co/image/ab67616d0000b2732341c852b4db72824c0e3185,https://open.spotify.com/album/2grm1k9fvkhtfzdhvbi2sr,r-n-b/chris-brown-chris-brown.jpg
chris brown (expanded edition),chris-brown,https://i.scdn.co/image/ab67616d0000b273f9685817281327d5fecb244e,https://open.spotify.com/album/49gaz5rhwwgqcw61m9700v,r-n-b/chris-brown-(expanded-edition)-chris-brown.jpg
ciara,ciara,https://i.scdn.co/image/ab67616d0000b273e17d597d592d140c9394623d,https://open.spotify.com/album/1zhbklfwsi2ppvo8livpyg,r-n-b/ciara-ciara.jpg
ciara: the evolution,ciara,https://i.scdn.co/image/ab67616d0000b2739a77e9b80810bf6212115f14,https://open.spotify.com/album/0jcnojdruq0t1umur2jufp,r-n-b/ciara:-the-evolution-ciara.jpg
clutch (feat. kiana ledé),col3trane,https://i.scdn.co/image/ab67616d0000b2738fedee27130cfe50bdf8d3a7,https://open.spotify.com/album/3tfi9sgzxmztrydmusddxd,r-n-b/clutch-(feat.-kiana-ledé)-col3trane.jpg
cole world: the sideline story,j.-cole,https://i.scdn.co/image/ab67616d0000b27399da48a530f6ca2ef86da3cc,https://open.spotify.com/album/0fhmjyvhw0e4i33pclpa5i,r-n-b/cole-world:-the-sideline-story-j.-cole.jpg
come home with me,cam’ron,https://i.scdn.co/image/ab67616d0000b27354388a81cab4233f627afd2d,https://open.spotify.com/album/4wn9wcp2d71syib7kbvkmy,r-n-b/come-home-with-me-cam’ron.jpg
come over,jorja-smith,https://i.scdn.co/image/ab67616d0000b273feb21e91f93f8a7f01d04c10,https://open.spotify.com/album/7giivis21avoiz5jymhlvo,r-n-b/come-over-jorja-smith.jpg
confessions,usher,https://i.scdn.co/image/ab67616d0000b2731549d76eca8b12a5b9b6011c,https://open.spotify.com/album/07tytifyh9z9jnj4lbewfx,r-n-b/confessions-usher.jpg
confessions (expanded edition),usher,https://i.scdn.co/image/ab67616d0000b273365b3fb800c19f7ff72602da,https://open.spotify.com/album/1rm6mgv6bcl6nrag8pgozk,r-n-b/confessions-(expanded-edition)-usher.jpg
cooleyhighharmony (bonus tracks version),boyz-ii-men,https://i.scdn.co/image/ab67616d0000b27373d0d8625dcf1e48043cfbf9,https://open.spotify.com/album/3jknvluse6d9oyn2e3jblo,r-n-b/cooleyhighharmony-(bonus-tracks-version)-boyz-ii-men.jpg
country grammar,nelly,https://i.scdn.co/image/ab67616d0000b273a7ad64a69a42647de9dd0dad,https://open.spotify.com/album/5v7icroz1sqsk2sqylrwze,r-n-b/country-grammar-nelly.jpg
crunk juice,lil-jon-&-the-east-side-boyz,https://i.scdn.co/image/ab67616d0000b2734ab521cf16202a5bc5f72cfe,https://open.spotify.com/album/0hk2hxnb5d65f400dhcdcv,r-n-b/crunk-juice-lil-jon-&-the-east-side-boyz.jpg
ctrl,sza,https://i.scdn.co/image/ab67616d0000b2734c79d5ec52a6d0302f3add25,https://open.spotify.com/album/76290xdxvf9rpzgdnrwdch,r-n-b/ctrl-sza.jpg
d.n.a.,mario,https://i.scdn.co/image/ab67616d0000b2739380a3ac28541aefabe9f76e,https://open.spotify.com/album/41tj1cy7hlmdsmaoo6f6tl,r-n-b/d.n.a.-mario.jpg
dangerously in love,beyoncé,https://i.scdn.co/image/ab67616d0000b273a9fd4a0405945cd51e8de130,https://open.spotify.com/album/06v9ehnqhmk2tbm2iz3p0y,r-n-b/dangerously-in-love-beyoncé.jpg
daydream,mariah-carey,https://i.scdn.co/image/ab67616d0000b273749e9bfa78277f30ad2c9a9c,https://open.spotify.com/album/1ibym4abqtsvqfqwvdso4j,r-n-b/daydream-mariah-carey.jpg
dead man walking,brent-faiyaz,https://i.scdn.co/image/ab67616d0000b273fa40d26659b33036efcfd43f,https://open.spotify.com/album/7jn4bdxgc4mdcuhghlfbhc,r-n-b/dead-man-walking-brent-faiyaz.jpg
definition of real,plies,https://i.scdn.co/image/ab67616d0000b27363130d152ee0f8e56b9790d4,https://open.spotify.com/album/4xyexthzp0x7wzguyaskba,r-n-b/definition-of-real-plies.jpg
delicious,deni-hines,https://i.scdn.co/image/ab67616d0000b273330f98c991dc1d9788db5119,https://open.spotify.com/album/7igyfmrriybuw2t85jklrc,r-n-b/delicious-deni-hines.jpg
destiny fulfilled,destiny's-child,https://i.scdn.co/image/ab67616d0000b2735a4df8a804866955ab8c4def,https://open.spotify.com/album/0b6ivsffds38mg7aln9rvo,r-n-b/destiny-fulfilled-destiny's-child.jpg
diary of a mad band,jodeci,https://i.scdn.co/image/ab67616d0000b2733933a425e4cadd3dd7dda3a5,https://open.spotify.com/album/41pgxrq2gjdssgnqofrhgj,r-n-b/diary-of-a-mad-band-jodeci.jpg
director,avant,https://i.scdn.co/image/ab67616d0000b27395cf89fe2d83611b745a4027,https://open.spotify.com/album/38syxehuriarob9leyucgp,r-n-b/director-avant.jpg
disturbing tha peace presents bobby valentino,bobby-v.,https://i.scdn.co/image/ab67616d0000b273c2024184f1c0e2029f424566,https://open.spotify.com/album/5d7khi4ib1rsezngobqpli,r-n-b/disturbing-tha-peace-presents-bobby-valentino-bobby-v..jpg
do it again,pia-mia,https://i.scdn.co/image/ab67616d0000b273eada09a00d301bcbcfff2bbd,https://open.spotify.com/album/3kbbntdyl62xlqgnulskwv,r-n-b/do-it-again-pia-mia.jpg
do to me,h.e.r.,https://i.scdn.co/image/ab67616d0000b27333653db5754cef425ea7cf7b,https://open.spotify.com/album/6b9srv7focmuubzvbqvrvg,r-n-b/do-to-me-h.e.r..jpg
do you wanna ride?,adina-howard,https://i.scdn.co/image/ab67616d0000b27390dd696c2447379104f80c7a,https://open.spotify.com/album/0tcn0xvuis6exod8vzdqsk,r-n-b/do-you-wanna-ride?-adina-howard.jpg
done is done,liza,https://i.scdn.co/image/ab67616d0000b2733b6ef098efcaf63b1cd4a0ca,https://open.spotify.com/album/6rnldu77fzdwmokvoum3pa,r-n-b/done-is-done-liza.jpg
doors unlocked (feat. ty dolla $ign & polo g),murda-beatz,https://i.scdn.co/image/ab67616d0000b273f61c63b10ec1192e647fe7d6,https://open.spotify.com/album/1l8cso9l0nnr3guib5mkve,r-n-b/doors-unlocked-(feat.-ty-dolla-$ign-&-polo-g)-murda-beatz.jpg
double up,mase,https://i.scdn.co/image/ab67616d0000b273b3cdec7290f697aaa1f63035,https://open.spotify.com/album/0dtopcrisuubmphknsajlw,r-n-b/double-up-mase.jpg
down,jhyve,https://i.scdn.co/image/ab67616d0000b273379f73ee2a605de656233c0f,https://open.spotify.com/album/58iqnaa4etgj3twwvzgbeh,r-n-b/down-jhyve.jpg
e=mc²,mariah-carey,https://i.scdn.co/image/ab67616d0000b2732ad99560ce80c154d0874821,https://open.spotify.com/album/7jxud8n7oxyqz981e5jaq2,r-n-b/e=mc²-mariah-carey.jpg
east atlanta love letter,6lack,https://i.scdn.co/image/ab67616d0000b273e1530b42603367fdb2208d88,https://open.spotify.com/album/3fc97zwlimc1xawhxbkrh2,r-n-b/east-atlanta-love-letter-6lack.jpg
eldorado,ro-james,https://i.scdn.co/image/ab67616d0000b2730d2907b63157be83b8f38d2f,https://open.spotify.com/album/1sxqtsvnjtiulg5ykxafey,r-n-b/eldorado-ro-james.jpg
elements vol. 1,tobi,https://i.scdn.co/image/ab67616d0000b273e081b868a245ce40127ef5c7,https://open.spotify.com/album/1c39zrl2zcy9c4rzollegm,r-n-b/elements-vol.-1-tobi.jpg
eleven (feat. summer walker),khalid,https://i.scdn.co/image/ab67616d0000b2732e81eba4b9cf795a9e8fb383,https://open.spotify.com/album/27jroxwlu2knog1kgp8wak,r-n-b/eleven-(feat.-summer-walker)-khalid.jpg
ella mai,ella-mai,https://i.scdn.co/image/ab67616d0000b2737ce0faf0620ab9c1779e1fbf,https://open.spotify.com/album/67erxrs9s9pvg8jmfbrdj0,r-n-b/ella-mai-ella-mai.jpg
emotions,mariah-carey,https://i.scdn.co/image/ab67616d0000b273cac78df6ec3c73e118a308e0,https://open.spotify.com/album/0shpibybluugmxsl3ynkuz,r-n-b/emotions-mariah-carey.jpg
enter the dru,dru-hill,https://i.scdn.co/image/ab67616d0000b273677c540448268b663711ca81,https://open.spotify.com/album/6l5urobq5wy3mopi334rhe,r-n-b/enter-the-dru-dru-hill.jpg
epiphany,t-pain,https://i.scdn.co/image/ab67616d0000b273c9218a87e1159e7f4d453150,https://open.spotify.com/album/1fxu5fulgspqdmg5swjfxl,r-n-b/epiphany-t-pain.jpg
exclusive (expanded edition),chris-brown,https://i.scdn.co/image/ab67616d0000b27339509cc5eadf803928f2f167,https://open.spotify.com/album/6p5pw2wwgvecsohrxpayhi,r-n-b/exclusive-(expanded-edition)-chris-brown.jpg
exclusive - the forever edition,chris-brown,https://i.scdn.co/image/ab67616d0000b273b3ef7b35a0c19a2d34b0f443,https://open.spotify.com/album/2nc8qmrffn8ojgxzamim4b,r-n-b/exclusive---the-forever-edition-chris-brown.jpg
exis,roy-woods,https://i.scdn.co/image/ab67616d0000b27396f667a42104498e24f75bd8,https://open.spotify.com/album/2vnpwmltmxzwgkksoylsgt,r-n-b/exis-roy-woods.jpg
f.a.m.e.,chris-brown,https://i.scdn.co/image/ab67616d0000b27391d47d1fdcb7eff98317cfd3,https://open.spotify.com/album/4bnq4lgobdaxu8mr9wvoi7,r-n-b/f.a.m.e.-chris-brown.jpg
f.a.m.e. (deluxe version),chris-brown,https://i.scdn.co/image/ab67616d0000b273a8af7d6cedabc6878065b62b,https://open.spotify.com/album/6i3z8mi2damxdtg4rrgbnl,r-n-b/f.a.m.e.-(deluxe-version)-chris-brown.jpg
f.a.m.e. (expanded edition),chris-brown,https://i.scdn.co/image/ab67616d0000b2730a1d20ec09cab4bb17a36aab,https://open.spotify.com/album/6df0qvkmxoyhgt9j8cujzb,r-n-b/f.a.m.e.-(expanded-edition)-chris-brown.jpg
faith,faith-evans,https://i.scdn.co/image/ab67616d0000b273062cf60bb4e927f753cadfab,https://open.spotify.com/album/36g7gdkkrckugu7lgg6nev,r-n-b/faith-faith-evans.jpg
fanmail,tlc,https://i.scdn.co/image/ab67616d0000b27361ffafd5e31a37336531cf95,https://open.spotify.com/album/1cvjjpvqvmoyprsf74bpyw,r-n-b/fanmail-tlc.jpg
fantasia,fantasia,https://i.scdn.co/image/ab67616d0000b273484cce125a34453bb05461eb,https://open.spotify.com/album/42dybh3gl3wcfxaqysoeix,r-n-b/fantasia-fantasia.jpg
fear of flying,mýa,https://i.scdn.co/image/ab67616d0000b2736c426f620ba1217eb0a9347b,https://open.spotify.com/album/6dorj531pbcgf3zkrfaypd,r-n-b/fear-of-flying-mýa.jpg
fearless,jazmine-sullivan,https://i.scdn.co/image/ab67616d0000b273ebcc9144c41ae7d42efe6d94,https://open.spotify.com/album/2v99z0azgsk6xtbh19uytu,r-n-b/fearless-jazmine-sullivan.jpg
featuring ty dolla $ign,ty-dolla-$ign,https://i.scdn.co/image/ab67616d0000b2739b6cff14d6cdf4b6a2be3a4f,https://open.spotify.com/album/6m4nu5ugx097dxef2lm9p8,r-n-b/featuring-ty-dolla-$ign-ty-dolla-$ign.jpg
fever for da flavor,h-town,https://i.scdn.co/image/ab67616d0000b273b5d10105224827001ededc04,https://open.spotify.com/album/1xxrmulrjshemwnxk9g1cd,r-n-b/fever-for-da-flavor-h-town.jpg
fixtape,popcaan,https://i.scdn.co/image/ab67616d0000b2734661bff760b42afdf86d4632,https://open.spotify.com/album/3yqk7nimwde2fdaa85ijm8,r-n-b/fixtape-popcaan.jpg
fmu,russell!,https://i.scdn.co/image/ab67616d0000b273b9e4685baff2d70f7d585b92,https://open.spotify.com/album/59fndefljtvcoqf2grdo0k,r-n-b/fmu-russell!.jpg
for you,vedo,https://i.scdn.co/image/ab67616d0000b2739b7e6a1ee15c55a550166e15,https://open.spotify.com/album/4lxndeodxvcd7q41asr17h,r-n-b/for-you-vedo.jpg
fortune (deluxe version),chris-brown,https://i.scdn.co/image/ab67616d0000b27345dab83fce8c992ab0fd3bc8,https://open.spotify.com/album/6saedmyvsr4yufa8awk4yj,r-n-b/fortune-(deluxe-version)-chris-brown.jpg
free spirit,khalid,https://i.scdn.co/image/ab67616d0000b273b361ce46dbadbf8a11081b60,https://open.spotify.com/album/6kt8x5oqzjl9ccnm66hddo,r-n-b/free-spirit-khalid.jpg
freedom,akon,https://i.scdn.co/image/ab67616d0000b2739394f4d49f1598a13a580ebc,https://open.spotify.com/album/7ezp6osbwvmztremlbt1hx,r-n-b/freedom-akon.jpg
freudian,daniel-caesar,https://i.scdn.co/image/ab67616d0000b2733138f891f3075c9c5d944037,https://open.spotify.com/album/3xybjp7r2vswzwvdqipdm0,r-n-b/freudian-daniel-caesar.jpg
from the bottom to the top,sammie,https://i.scdn.co/image/ab67616d0000b2731f6efa6ca802629b56e6614b,https://open.spotify.com/album/5q8aaolpjluqtn9kaqni0f,r-n-b/from-the-bottom-to-the-top-sammie.jpg
from the bottom up,brownstone,https://i.scdn.co/image/ab67616d0000b27309f1bb99a848c77c21f4f121,https://open.spotify.com/album/4aqjy8sxoir6mwwfawrxvz,r-n-b/from-the-bottom-up-brownstone.jpg
fuck the world,brent-faiyaz,https://i.scdn.co/image/ab67616d0000b2736a463f436bbf07f3c9e8c62a,https://open.spotify.com/album/3vi20drhkqv4hyvg9rt9wc,r-n-b/fuck-the-world-brent-faiyaz.jpg
full moon,brandy,https://i.scdn.co/image/ab67616d0000b273bf67876cfa33e78b29b0c86f,https://open.spotify.com/album/3bdkivzzapnaxwfvdgjies,r-n-b/full-moon-brandy.jpg
futuresex/lovesounds deluxe edition,justin-timberlake,https://i.scdn.co/image/ab67616d0000b273c68f26a3d34fbd0faed2b473,https://open.spotify.com/album/0tcexudwmqdbbwspqn8ku2,r-n-b/futuresex-lovesounds-deluxe-edition-justin-timberlake.jpg
get rich or die tryin',50-cent,https://i.scdn.co/image/ab67616d0000b273d843fabb75fef14010e30cae,https://open.spotify.com/album/5g5rgqhzdqnw32si0wjio5,r-n-b/get-rich-or-die-tryin'-50-cent.jpg
get up on it,keith-sweat,https://i.scdn.co/image/ab67616d0000b273554953509cfcc9c1c2a00618,https://open.spotify.com/album/2cj4lgwenlkqavf5axo0xv,r-n-b/get-up-on-it-keith-sweat.jpg
ginger,brockhampton,https://i.scdn.co/image/ab67616d0000b27346f07fa4f28bf824840ddacb,https://open.spotify.com/album/1jtovugwbezcak8gjnzg2f,r-n-b/ginger-brockhampton.jpg
girlfriend,bow-wow,https://i.scdn.co/image/ab67616d0000b27323625be673f5f30098bf369f,https://open.spotify.com/album/6x9to969bxbkaphaa83vo8,r-n-b/girlfriend-bow-wow.jpg
girls need love (with drake) [remix],summer-walker,https://i.scdn.co/image/ab67616d0000b2731f2773fde34d67d99954c997,https://open.spotify.com/album/3i9w4rguuxbxuvaarh91kx,r-n-b/girls-need-love-(with-drake)-[remix]-summer-walker.jpg
go,mario,https://i.scdn.co/image/ab67616d0000b2735744f67dd17f6f20ee85e2ab,https://open.spotify.com/album/23hejeensmpytb3upsj3id,r-n-b/go-mario.jpg
good days,sza,https://i.scdn.co/image/ab67616d0000b2733097b1375ab17ae5bf302a0a,https://open.spotify.com/album/781ckhbtpwlnpmo9balql7,r-n-b/good-days-sza.jpg
good girl gone bad: reloaded,rihanna,https://i.scdn.co/image/ab67616d0000b273ad4ef80be7f5e15d64ac5c25,https://open.spotify.com/album/1g2zrwcqn6warfakvcpges,r-n-b/good-girl-gone-bad:-reloaded-rihanna.jpg
"good kid, m.a.a.d city (deluxe)",kendrick-lamar,https://i.scdn.co/image/ab67616d0000b273d58e537cea05c2156792c53d,https://open.spotify.com/album/3dgq1iz9xkuqxauwjfc34w,"r-n-b/good-kid,-m.a.a.d-city-(deluxe)-kendrick-lamar.jpg"
good to know,jojo,https://i.scdn.co/image/ab67616d0000b27327035c4153e7582763246b00,https://open.spotify.com/album/0w7kbrn4fqovz5ewsgz8t8,r-n-b/good-to-know-jojo.jpg
goodies,ciara,https://i.scdn.co/image/ab67616d0000b273c1e3659212de0f437bbf395e,https://open.spotify.com/album/71guhkyziwmmjqahly4br3,r-n-b/goodies-ciara.jpg
got it,blk,https://i.scdn.co/image/ab67616d0000b273b764702de77dd83c7bafd4aa,https://open.spotify.com/album/23e3vsdyt4rtax80mfdxng,r-n-b/got-it-blk.jpg
grateful,dj-khaled,https://i.scdn.co/image/ab67616d0000b273eac94393568883ab1e9d6c7d,https://open.spotify.com/album/6ydpjoxe5ww5ptixmh0nci,r-n-b/grateful-dj-khaled.jpg
greatest hits,joe,https://i.scdn.co/image/ab67616d0000b273aaf1ddfbf224888ca1399f15,https://open.spotify.com/album/2hwm2z7y5owrkcz9cpaolq,r-n-b/greatest-hits-joe.jpg
greece (feat. drake),dj-khaled,https://i.scdn.co/image/ab67616d0000b2737db0d21fc5696a3fcedfb933,https://open.spotify.com/album/3o6ywzp5le5msmubbtpain,r-n-b/greece-(feat.-drake)-dj-khaled.jpg
groove theory,groove-theory,https://i.scdn.co/image/ab67616d0000b2738392098a96a694c07b78333e,https://open.spotify.com/album/0vvegirio1eyyfokrlmxtc,r-n-b/groove-theory-groove-theory.jpg
h.e.r.,h.e.r.,https://i.scdn.co/image/ab67616d0000b273b5d9c8de465654c20d77305c,https://open.spotify.com/album/0pv0mx07amapipf19osqgy,r-n-b/h.e.r.-h.e.r..jpg
happy hour: the greatest hits,t-pain,https://i.scdn.co/image/ab67616d0000b2733d537424bb92aa2283f62595,https://open.spotify.com/album/184xwylq7zf0hn7da4tr6w,r-n-b/happy-hour:-the-greatest-hits-t-pain.jpg
hard ii love,usher,https://i.scdn.co/image/ab67616d0000b2739b28f49db857e25b5374ccb1,https://open.spotify.com/album/4haupn3a4uu9n7rynk1doz,r-n-b/hard-ii-love-usher.jpg
here i am (deluxe version),kelly-rowland,https://i.scdn.co/image/ab67616d0000b273d272bbaa2923647c8b13f43e,https://open.spotify.com/album/673d6vtmxjquug31wq1j0s,r-n-b/here-i-am-(deluxe-version)-kelly-rowland.jpg
here i stand,usher,https://i.scdn.co/image/ab67616d0000b2732bca149ba7dd5e45bf233ac3,https://open.spotify.com/album/2peb0xkyhsliwc5bofa6pw,r-n-b/here-i-stand-usher.jpg
hey kandi...,kandi,https://i.scdn.co/image/ab67616d0000b27345dbddfa05dbb6bde7644951,https://open.spotify.com/album/6cjsrvvq8kvsymkyh4gxn0,r-n-b/hey-kandi...-kandi.jpg
hit different,sza,https://i.scdn.co/image/ab67616d0000b273a135dd969dce9f38ed32ef98,https://open.spotify.com/album/4xmjch7ct63qvq5wrc44db,r-n-b/hit-different-sza.jpg
home again,new-edition,https://i.scdn.co/image/ab67616d0000b273ef1bbba1b15f6aa21b484ea4,https://open.spotify.com/album/6fruywwuomqbuwe9kujqqg,r-n-b/home-again-new-edition.jpg
hoodstar (deluxe edition),chingy,https://i.scdn.co/image/ab67616d0000b27359598dc11a3c71ad02b58078,https://open.spotify.com/album/4km17fy3frgg4pehq4fcta,r-n-b/hoodstar-(deluxe-edition)-chingy.jpg
"hot new joints 2014, vol. 1",dj-first-mike,https://i.scdn.co/image/ab67616d0000b2732bdedd09ea69a143d8ad1641,https://open.spotify.com/album/79alvn9bvjo5rtojhjrcmu,"r-n-b/hot-new-joints-2014,-vol.-1-dj-first-mike.jpg"
hot shot (international version #2),shaggy,https://i.scdn.co/image/ab67616d0000b273d6ab2ff415cc6b28ab27ac5d,https://open.spotify.com/album/6nmfmpx56pclbofmhiikvf,r-n-b/hot-shot-(international-version-#2)-shaggy.jpg
house of music,tony!-toni!-toné!,https://i.scdn.co/image/ab67616d0000b27319d70a0d9bd346ae0f837c3d,https://open.spotify.com/album/3i4obazqvrcenuqxwv10if,r-n-b/house-of-music-tony!-toni!-toné!.jpg
how bizarre (deluxe),omc,https://i.scdn.co/image/ab67616d0000b2739d48d66126e96395f89de31f,https://open.spotify.com/album/3cwsec1fp4xugecfy1z479,r-n-b/how-bizarre-(deluxe)-omc.jpg
hyperion,gesaffelstein,https://i.scdn.co/image/ab67616d0000b273011a2f51fe757fafe13a0c2e,https://open.spotify.com/album/0ja38ekhsv43y2lbj5gqkq,r-n-b/hyperion-gesaffelstein.jpg
i am...sasha fierce - platinum edition,beyoncé,https://i.scdn.co/image/ab67616d0000b273b4c5982e1b92f97a126fc18c,https://open.spotify.com/album/3rofbx6ljlncmaw1nrp5k9,r-n-b/i-am...sasha-fierce---platinum-edition-beyoncé.jpg
i gotta make it,trey-songz,https://i.scdn.co/image/ab67616d0000b27366a5669ec0d4cd18170c6d30,https://open.spotify.com/album/7spfdvisrecdygwiwxeegw,r-n-b/i-gotta-make-it-trey-songz.jpg
i jusswon,anthony-russo,https://i.scdn.co/image/ab67616d0000b273172931cb8166bf02575d6269,https://open.spotify.com/album/50fp3fwz9fx5jvl8riphjn,r-n-b/i-jusswon-anthony-russo.jpg
i love you,aaradhna,https://i.scdn.co/image/ab67616d0000b273ebb95a3fc04268eeec7c264b,https://open.spotify.com/album/1t0m0juswiw80rcpkesbtr,r-n-b/i-love-you-aaradhna.jpg
i told you,tory-lanez,https://i.scdn.co/image/ab67616d0000b2739f7ce2227875fd3d645fb5d6,https://open.spotify.com/album/5tboci2tekxz1ibrmlbzo4,r-n-b/i-told-you-tory-lanez.jpg
i used to know her,h.e.r.,https://i.scdn.co/image/ab67616d0000b2732066a381ebbbb1f8312764e7,https://open.spotify.com/album/0imta2wz6p8cnz0mdk2zvg,r-n-b/i-used-to-know-her-h.e.r..jpg
i'll give all my love to you,keith-sweat,https://i.scdn.co/image/ab67616d0000b273baafcbeb6d875314b292eac4,https://open.spotify.com/album/6sjlhapzqcpycmp73fdprz,r-n-b/i'll-give-all-my-love-to-you-keith-sweat.jpg
ii knew better,raahiim,https://i.scdn.co/image/ab67616d0000b273b80a539cd25949a15075c8d6,https://open.spotify.com/album/3sfxhzj0p0iimn2uib3m9g,r-n-b/ii-knew-better-raahiim.jpg
in a perfect world...,keri-hilson,https://i.scdn.co/image/ab67616d0000b27399e51022cde58fd8a7e91a3e,https://open.spotify.com/album/5ol7ucvxuzee34mqgivc0o,r-n-b/in-a-perfect-world...-keri-hilson.jpg
in my own words,ne-yo,https://i.scdn.co/image/ab67616d0000b273987a1825341694ec9bc62457,https://open.spotify.com/album/6gkwolmk0almojws5whaer,r-n-b/in-my-own-words-ne-yo.jpg
in your eyes (remix),the-weeknd,https://i.scdn.co/image/ab67616d0000b27359612a59ef333109d15faa8d,https://open.spotify.com/album/0jh3a8nabc9efpdufhdedt,r-n-b/in-your-eyes-(remix)-the-weeknd.jpg
indigo,chris-brown,https://i.scdn.co/image/ab67616d0000b2739e588b0c2afe8178b2b76231,https://open.spotify.com/album/1bflzatfi5qksaak0ae6av,r-n-b/indigo-chris-brown.jpg
inevitable,trey-songz,https://i.scdn.co/image/ab67616d0000b2734574a0134278e7c205eb60b3,https://open.spotify.com/album/51o6ryggvv9eceoxqbt9xa,r-n-b/inevitable-trey-songz.jpg
isouljaboytellem,soulja-boy,https://i.scdn.co/image/ab67616d0000b2736aef62bd0a60aac7df9a9e37,https://open.spotify.com/album/2zwybk8ea29fqwuy8iirju,r-n-b/isouljaboytellem-soulja-boy.jpg
it - the complete fantasy playlist,various-artists,https://i.scdn.co/image/ab67616d0000b273cff4998c8091007c3c6393b0,https://open.spotify.com/album/1g1wvewynznfpm7glj8bsc,r-n-b/it---the-complete-fantasy-playlist-various-artists.jpg
it was divine,alina-baraz,https://i.scdn.co/image/ab67616d0000b273853d572fe2eb13f70bad74dd,https://open.spotify.com/album/0nmcwoafeqd69x1mwwkts6,r-n-b/it-was-divine-alina-baraz.jpg
it was good until it wasn't,kehlani,https://i.scdn.co/image/ab67616d0000b2733ba8dc55c81f0aaf819057e9,https://open.spotify.com/album/6rolwnmw9poiolned0dap3,r-n-b/it-was-good-until-it-wasn't-kehlani.jpg
it's about time,swv,https://i.scdn.co/image/ab67616d0000b273f56546aac4f5d002c4c3d705,https://open.spotify.com/album/2bbratwy0c6dpio5b2jyfk,r-n-b/it's-about-time-swv.jpg
j to tha l-o! the remixes (explicit version),jennifer-lopez,https://i.scdn.co/image/ab67616d0000b273cf8c1f29b54440c7fe6945ca,https://open.spotify.com/album/5ct0faapx5k149e9fqhrsk,r-n-b/j-to-tha-l-o!-the-remixes-(explicit-version)-jennifer-lopez.jpg
j.e. heartbreak,jagged-edge,https://i.scdn.co/image/ab67616d0000b273063541784bc7b024017cee8a,https://open.spotify.com/album/4tikdot2ohthj1vptewnu3,r-n-b/j.e.-heartbreak-jagged-edge.jpg
jackpot,chingy,https://i.scdn.co/image/ab67616d0000b273f9aefc986924f7e9e5e71b74,https://open.spotify.com/album/0hv5x7rram7f3hfaq0ymzb,r-n-b/jackpot-chingy.jpg
jade to the max,jade,https://i.scdn.co/image/ab67616d0000b27367a48f53862e0cc56c13c2c8,https://open.spotify.com/album/2ewwoshl7oox1vyjqbx4zc,r-n-b/jade-to-the-max-jade.jpg
jagged little thrill,jagged-edge,https://i.scdn.co/image/ab67616d0000b2735fac2aabbb52ff9fc4c1faa1,https://open.spotify.com/album/2lfrjzwf61y7cil54kiq8j,r-n-b/jagged-little-thrill-jagged-edge.jpg
janet,janet-jackson,https://i.scdn.co/image/ab67616d0000b273e63518d50aff63f57d2b8ead,https://open.spotify.com/album/7qiuzgsmkruh7rzi4qvcpg,r-n-b/janet-janet-jackson.jpg
jason derulo (international),jason-derulo,https://i.scdn.co/image/ab67616d0000b273291365c950592bee8e415f63,https://open.spotify.com/album/0desmiq5ir7tz52nkf4i1k,r-n-b/jason-derulo-(international)-jason-derulo.jpg
jealous ones still envy (j.o.s.e),fat-joe,https://i.scdn.co/image/35bc49f45c244fa7a8611c9a8975702c298e84b5,https://open.spotify.com/album/6vmgb2mih3ppiwuxf8vedi,r-n-b/jealous-ones-still-envy-(j.o.s.e)-fat-joe.jpg
jennifer hudson,jennifer-hudson,https://i.scdn.co/image/ab67616d0000b273e4ee0b5723e58f8e8b651fdd,https://open.spotify.com/album/6rcepr3vf58gqtk2st1cqp,r-n-b/jennifer-hudson-jennifer-hudson.jpg
jeremih,jeremih,https://i.scdn.co/image/ab67616d0000b27318b7e2ca5058f16a12059044,https://open.spotify.com/album/5ckaasmfcdmkq4fttndmhc,r-n-b/jeremih-jeremih.jpg
jordin sparks,jordin-sparks,https://i.scdn.co/image/ab67616d0000b273541387af4fde7d5b5def61ab,https://open.spotify.com/album/6uadeqqykdzqcta1ao6rib,r-n-b/jordin-sparks-jordin-sparks.jpg
judas and the black messiah: the inspired album,judas-and-the-black-messiah,https://i.scdn.co/image/ab67616d0000b2732613f12e77256f44c01a020f,https://open.spotify.com/album/0f0xzwfp7i1awuu40ipggz,r-n-b/judas-and-the-black-messiah:-the-inspired-album-judas-and-the-black-messiah.jpg
just like me (feat. t.i.),jamie-foxx,https://i.scdn.co/image/ab67616d0000b273296a8a1362414cec7923838a,https://open.spotify.com/album/6tdr7huv9ortdym28znlfy,r-n-b/just-like-me-(feat.-t.i.)-jamie-foxx.jpg
just like you,keyshia-cole,https://i.scdn.co/image/ab67616d0000b273911ef35f75422d0482cec8bf,https://open.spotify.com/album/7mdy09eo4q6f9vwbtxddjk,r-n-b/just-like-you-keyshia-cole.jpg
justice,justin-bieber,https://i.scdn.co/image/ab67616d0000b273e6f407c7f3a0ec98845e4431,https://open.spotify.com/album/5dgwwsz9ib2xc3ukr0gif2,r-n-b/justice-justin-bieber.jpg
justified,justin-timberlake,https://i.scdn.co/image/ab67616d0000b273346a5742374ab4cf9ed32dee,https://open.spotify.com/album/6qpkyl04rxwtglglcyarow,r-n-b/justified-justin-timberlake.jpg
juve the great,juvenile,https://i.scdn.co/image/ab67616d0000b2738c81ea1e2070707583075f36,https://open.spotify.com/album/1jfdhweoku5xdd78eiid4a,r-n-b/juve-the-great-juvenile.jpg
k.t.s.e.,teyana-taylor,https://i.scdn.co/image/ab67616d0000b273abca6b34e370af95f3b926bd,https://open.spotify.com/album/0mwf6u9kvhzdcnvyii6juu,r-n-b/k.t.s.e.-teyana-taylor.jpg
kaleidoscope dream,miguel,https://i.scdn.co/image/ab67616d0000b273fe113f478616e62a8fe14108,https://open.spotify.com/album/21xmv0tcsnhwpt7mnvvkzd,r-n-b/kaleidoscope-dream-miguel.jpg
kaleidoscope dream (deluxe version),miguel,https://i.scdn.co/image/ab67616d0000b27393bc52fe298b498ed5a806a4,https://open.spotify.com/album/4rvzx3x6hcdb7nty1izvp4,r-n-b/kaleidoscope-dream-(deluxe-version)-miguel.jpg
kamikaze,twista,https://i.scdn.co/image/ab67616d0000b27397dd7c02036d9ab37d60a2df,https://open.spotify.com/album/6xu470gdlgdonfdj5qnd1n,r-n-b/kamikaze-twista.jpg
keep the faith,faith-evans,https://i.scdn.co/image/ab67616d0000b2737dcc4d585c525dc7c6176ecb,https://open.spotify.com/album/2jqddsxc2t21ofc72lamyl,r-n-b/keep-the-faith-faith-evans.jpg
keith sweat,keith-sweat,https://i.scdn.co/image/ab67616d0000b27363e6852181e5ac77154b620c,https://open.spotify.com/album/0bzxvdpukdek612hlc6rzv,r-n-b/keith-sweat-keith-sweat.jpg
kenny lattimore,kenny-lattimore,https://i.scdn.co/image/ab67616d0000b2736f3e63b09c1c2e27b15702bf,https://open.spotify.com/album/1h10ht3tmptl2ud3riqrue,r-n-b/kenny-lattimore-kenny-lattimore.jpg
keshia chanté,keshia-chanté,https://i.scdn.co/image/ab67616d0000b273366056c92b8789d460541369,https://open.spotify.com/album/2tozykbe9i6wz3w2kuctby,r-n-b/keshia-chanté-keshia-chanté.jpg
king of hearts (deluxe),lloyd,https://i.scdn.co/image/ab67616d0000b2730cbcba901936179fd2c048e0,https://open.spotify.com/album/3aaonjf7r1ujxf9erdajbx,r-n-b/king-of-hearts-(deluxe)-lloyd.jpg
kiss 5,k-camp,https://i.scdn.co/image/ab67616d0000b27389fb2a5bf484fa8f76d3e3c8,https://open.spotify.com/album/6hwjxtqbegxrosias0qwnv,r-n-b/kiss-5-k-camp.jpg
kiss of death,jadakiss,https://i.scdn.co/image/ab67616d0000b273dc1887f571315429ab82bd60,https://open.spotify.com/album/3p7zolm3iykqw7f4px6wkv,r-n-b/kiss-of-death-jadakiss.jpg
konvicted,akon,https://i.scdn.co/image/ab67616d0000b2733ad505200e799d6cf2b09b0a,https://open.spotify.com/album/13c2pc5o7ofzkd4p2vyo3s,r-n-b/konvicted-akon.jpg
late night special,pretty-ricky,https://i.scdn.co/image/ab67616d0000b27396f606b5f0b983199e149cec,https://open.spotify.com/album/0bhy9ww3l3net1kmkldptv,r-n-b/late-night-special-pretty-ricky.jpg
late nights: the album,jeremih,https://i.scdn.co/image/ab67616d0000b273262c8e955ad5c60b1d0abf53,https://open.spotify.com/album/7dmyqudpe8xzjc0udsda96,r-n-b/late-nights:-the-album-jeremih.jpg
leave em alone (with lil baby & city girls feat. pnb rock),layton-greene,https://i.scdn.co/image/ab67616d0000b2732dceee1dd71d5627881b3dbe,https://open.spotify.com/album/6v7d97v8c2afryrc91hmn2,r-n-b/leave-em-alone-(with-lil-baby-&-city-girls-feat.-pnb-rock)-layton-greene.jpg
leave the door open,bruno-mars,https://i.scdn.co/image/ab67616d0000b2736f9e6abbd6fa43ac3cdbeee0,https://open.spotify.com/album/7dfpqxck6bb9wpthrvybss,r-n-b/leave-the-door-open-bruno-mars.jpg
lemonade,beyoncé,https://i.scdn.co/image/ab67616d0000b27389992f4d7d4ab94937bf9e23,https://open.spotify.com/album/7dk54izuoxxfarghxwexff,r-n-b/lemonade-beyoncé.jpg
let me love you,mario,https://i.scdn.co/image/ab67616d0000b273c42212db6d665fab0c51d495,https://open.spotify.com/album/7exstuwka51pnfzeaideol,r-n-b/let-me-love-you-mario.jpg
life on earth - ep,summer-walker,https://i.scdn.co/image/ab67616d0000b2738423c8534a6a7a010f94bb47,https://open.spotify.com/album/0mj0sjfn5pca4kpubu31jr,r-n-b/life-on-earth---ep-summer-walker.jpg
light poles and pine trees,field-mob,https://i.scdn.co/image/ab67616d0000b273db0e053f5521391f345fe151,https://open.spotify.com/album/4zivx3lm0ytwm06bh8dawr,r-n-b/light-poles-and-pine-trees-field-mob.jpg
look what you made me,yung-berg,https://i.scdn.co/image/ab67616d0000b2730c7e86255291a5a0435bacc3,https://open.spotify.com/album/3h8xisvskev1njv0idw85u,r-n-b/look-what-you-made-me-yung-berg.jpg
lose control,silk,https://i.scdn.co/image/ab67616d0000b273efd26d83666ecba2ca4fc1c5,https://open.spotify.com/album/1ujrhjyvlkxk7do7cnahuq,r-n-b/lose-control-silk.jpg
lost,brent-faiyaz,https://i.scdn.co/image/ab67616d0000b2731cd6e413266e97c0b6f24ed3,https://open.spotify.com/album/03nffkhthqqzzqprep3g6r,r-n-b/lost-brent-faiyaz.jpg
love always,k-ci-&-jojo,https://i.scdn.co/image/ab67616d0000b27358c28fc828fdfd372c60c3c1,https://open.spotify.com/album/7ondrwsfk6fgtpkdcwtyw2,r-n-b/love-always-k-ci-&-jojo.jpg
love and be loved,zenesoul,https://i.scdn.co/image/ab67616d0000b273d7123f171013c97320073b98,https://open.spotify.com/album/1jdumfpmzjnt9efr35wc7a,r-n-b/love-and-be-loved-zenesoul.jpg
love jones the music,various-artists,https://i.scdn.co/image/ab67616d0000b27370cf7b740d6c81a1c2677ca6,https://open.spotify.com/album/5x9fomlnkm9ie3mxrk5kxg,r-n-b/love-jones-the-music-various-artists.jpg
love songs,destiny's-child,https://i.scdn.co/image/ab67616d0000b27303451fb8e742cccb1fc7928a,https://open.spotify.com/album/07vauztgprduqxqpamg35e,r-n-b/love-songs-destiny's-child.jpg
love vs money,the-dream,https://i.scdn.co/image/ab67616d0000b2734895d86d023cc3aef4fb1210,https://open.spotify.com/album/3mnav7p7kjzbxmrwfjtocw,r-n-b/love-vs-money-the-dream.jpg
lovehate,the-dream,https://i.scdn.co/image/ab67616d0000b273c0272c5b4cba114ea0fb9e5c,https://open.spotify.com/album/5yzreyawqzr6jvaw4obxzv,r-n-b/lovehate-the-dream.jpg
loyal (feat. drake),partynextdoor,https://i.scdn.co/image/ab67616d0000b2735a22c1e99ee4bc106579c05e,https://open.spotify.com/album/1u1uqmoe8hdbqzwrqd23li,r-n-b/loyal-(feat.-drake)-partynextdoor.jpg
lucy pearl,lucy-pearl,https://i.scdn.co/image/ab67616d0000b2737faa4455bdba540c4599ed6c,https://open.spotify.com/album/5ct0d5qzjo8cotaet4oynr,r-n-b/lucy-pearl-lucy-pearl.jpg
mail on sunday,flo-rida,https://i.scdn.co/image/ab67616d0000b273f9bd7a6c772ac496015be3f8,https://open.spotify.com/album/5j1wroaom5kfd17ppisvle,r-n-b/mail-on-sunday-flo-rida.jpg
mandy,scribz-riley,https://i.scdn.co/image/ab67616d0000b273a4af67d0faa2e89cf1934809,https://open.spotify.com/album/11tgzkzn6xp5e2jykqjiga,r-n-b/mandy-scribz-riley.jpg
mario,mario,https://i.scdn.co/image/ab67616d0000b2734c656f9f445e091d4953f783,https://open.spotify.com/album/1gimi2mdks4cnuwvdeoyqw,r-n-b/mario-mario.jpg
marques houston,marques-houston,https://i.scdn.co/image/ab67616d0000b273aa8158a1feaf3f32431a73da,https://open.spotify.com/album/4saoujxcswpiot5dd6qgj7,r-n-b/marques-houston-marques-houston.jpg
maxwell's urban hang suite,maxwell,https://i.scdn.co/image/ab67616d0000b27369931b586220aaf949babbe5,https://open.spotify.com/album/2k5yaxjmad3dmytmlry64p,r-n-b/maxwell's-urban-hang-suite-maxwell.jpg
meant to be,selwyn,https://i.scdn.co/image/ab67616d0000b273ac12475be7f12bcb44162696,https://open.spotify.com/album/6pgydw97fpxcay47w2t4cv,r-n-b/meant-to-be-selwyn.jpg
miss thang,monica,https://i.scdn.co/image/ab67616d0000b2734bd2aba4ed75e367a3fa9706,https://open.spotify.com/album/71mpapazw9hkbugdyzmqhb,r-n-b/miss-thang-monica.jpg
mood swings (remix),pop-smoke,https://i.scdn.co/image/ab67616d0000b273df0cb99a685062f21ba8c80e,https://open.spotify.com/album/0puv2bu8udhyvtoybwnue3,r-n-b/mood-swings-(remix)-pop-smoke.jpg
moodring,mýa,https://i.scdn.co/image/ab67616d0000b273aa5c5e6e91f8338b4273b1a0,https://open.spotify.com/album/2syvgydniirar35ncupc0h,r-n-b/moodring-mýa.jpg
more,tamia,https://i.scdn.co/image/ab67616d0000b27373891035db78b08e4a5deffd,https://open.spotify.com/album/0wdxqhudlzbgbscwyv72zm,r-n-b/more-tamia.jpg
ms. kelly,kelly-rowland,https://i.scdn.co/image/ab67616d0000b273c76a46477437b19cda3d4c2c,https://open.spotify.com/album/2abdyoinaz4j1aap1eolpw,r-n-b/ms.-kelly-kelly-rowland.jpg
ms. kelly: deluxe edition,kelly-rowland,https://i.scdn.co/image/ab67616d0000b273d843f1649dbd644a5610f722,https://open.spotify.com/album/6mwffbme5lcvdkyd9b0jzt,r-n-b/ms.-kelly:-deluxe-edition-kelly-rowland.jpg
my life,mary-j.-blige,https://i.scdn.co/image/ab67616d0000b2730b283be60e1ca4d3b43137c2,https://open.spotify.com/album/1oq5l5rhkquumppn559zjc,r-n-b/my-life-mary-j.-blige.jpg
my name is joe,joe,https://i.scdn.co/image/ab67616d0000b273a922b88ddf084fada794caf9,https://open.spotify.com/album/6zucjaxmhknkn5hmdf556u,r-n-b/my-name-is-joe-joe.jpg
my way,usher,https://i.scdn.co/image/ab67616d0000b273734efb1df1c29f55b888c844,https://open.spotify.com/album/0fqdoem8dnrl80yczzq8f0,r-n-b/my-way-usher.jpg
naag nool,cherrie,https://i.scdn.co/image/ab67616d0000b273424db9c5126cb63d5e3f4ab9,https://open.spotify.com/album/1utctxdmnbfsheacnpt7o5,r-n-b/naag-nool-cherrie.jpg
naked,marques-houston,https://i.scdn.co/image/ab67616d0000b273b37463426a0a9c38e1b54239,https://open.spotify.com/album/6vhrbyx5nmpym8igij1mky,r-n-b/naked-marques-houston.jpg
natalie,natalie,https://i.scdn.co/image/ab67616d0000b273d0b625fd2ba0983a88fb3586,https://open.spotify.com/album/7fjsaymh7rlq7vyugpo3ya,r-n-b/natalie-natalie.jpg
navigator,ché-fu,https://i.scdn.co/image/ab67616d0000b273285a20206dd6be33f04b29f4,https://open.spotify.com/album/5w3wptgqbrcl3wvic4x3ic,r-n-b/navigator-ché-fu.jpg
nb ridaz.com,nb-ridaz,https://i.scdn.co/image/ab67616d0000b273e71413bf120b8d55bd15c9ce,https://open.spotify.com/album/7wbqyeqpqfvdcir28ytlsm,r-n-b/nb-ridaz.com-nb-ridaz.jpg
nellyville,nelly,https://i.scdn.co/image/ab67616d0000b273a8b9f97b9ea065b9a857e93f,https://open.spotify.com/album/4huuhhxbximwksfbspqe7q,r-n-b/nellyville-nelly.jpg
never say never,brandy,https://i.scdn.co/image/ab67616d0000b27389c9590c941cec56429f2456,https://open.spotify.com/album/1co6e9ag1grkcwdg7xkcci,r-n-b/never-say-never-brandy.jpg
new beginning,swv,https://i.scdn.co/image/ab67616d0000b2739c9d733e809545af8f217481,https://open.spotify.com/album/0y9rvntvpza3ltluuad7l4,r-n-b/new-beginning-swv.jpg
new jack city (music from the motion picture),various-artists,https://i.scdn.co/image/ab67616d0000b27391acd72086e0644f9495be73,https://open.spotify.com/album/3n1gckg6z5rs4qy1iwnieb,r-n-b/new-jack-city-(music-from-the-motion-picture)-various-artists.jpg
new joc city (explicit content u.s. version),yung-joc,https://i.scdn.co/image/ab67616d0000b273d5acd56d860b2481e9cbd3e1,https://open.spotify.com/album/1lr1tmh8vcdd3ovrzqtgvn,r-n-b/new-joc-city-(explicit-content-u.s.-version)-yung-joc.jpg
nice to meet ya (feat. yxng bane),wes-nelson,https://i.scdn.co/image/ab67616d0000b2735fc5b7906062fad8268f33c4,https://open.spotify.com/album/5lswddpjmsqk27kwuylc2r,r-n-b/nice-to-meet-ya-(feat.-yxng-bane)-wes-nelson.jpg
nivea,nivea,https://i.scdn.co/image/ab67616d0000b2732670dcc2cbee3316ea1e74e7,https://open.spotify.com/album/6txztkfhd9fr1opsvstxvt,r-n-b/nivea-nivea.jpg
no doubt,702,https://i.scdn.co/image/ab67616d0000b2731f0f019fa23c3e1b7379fe2b,https://open.spotify.com/album/5zm0jwzc5j4jwk9rlmabko,r-n-b/no-doubt-702.jpg
no love (remix),august-alsina,https://i.scdn.co/image/ab67616d0000b273296383d1547f50c77f08bab5,https://open.spotify.com/album/7ghswpmqsrdoh8icfrksk9,r-n-b/no-love-(remix)-august-alsina.jpg
no love lost,blxst,https://i.scdn.co/image/ab67616d0000b273a7e8e5c3db09e66f9f2e0b74,https://open.spotify.com/album/0pwgvlobpgigflrqvsrqh9,r-n-b/no-love-lost-blxst.jpg
no love lost (deluxe),blxst,https://i.scdn.co/image/ab67616d0000b27321c1dffc4a2b376462330b87,https://open.spotify.com/album/7awrgennctajljf3pkl0qr,r-n-b/no-love-lost-(deluxe)-blxst.jpg
no more drama,mary-j.-blige,https://i.scdn.co/image/ab67616d0000b273096a7fc9668305db9d3175fc,https://open.spotify.com/album/5qjmkwpvebv4iwllo4ocg4,r-n-b/no-more-drama-mary-j.-blige.jpg
no stress,wizkid,https://i.scdn.co/image/ab67616d0000b273867135b10a8cfd7caf953a28,https://open.spotify.com/album/2eqvhf9whzytxh8wchs2y7,r-n-b/no-stress-wizkid.jpg
not another love song,ella-mai,https://i.scdn.co/image/ab67616d0000b27343feafac33a03e996cb2186e,https://open.spotify.com/album/5qjamz9lqy5dc2bajlmo7p,r-n-b/not-another-love-song-ella-mai.jpg
nothing was the same (deluxe),drake,https://i.scdn.co/image/ab67616d0000b273adfb5909ec66db5fbb4d06c8,https://open.spotify.com/album/2zufsbikmfkgag000rwopa,r-n-b/nothing-was-the-same-(deluxe)-drake.jpg
now,maxwell,https://i.scdn.co/image/ab67616d0000b2735ffbc1a8a7376608d24927d8,https://open.spotify.com/album/5zcuk2y7asm9fgeopfend6,r-n-b/now-maxwell.jpg
now or never,tank,https://i.scdn.co/image/ab67616d0000b2739eaa57f03eae852794dfaee8,https://open.spotify.com/album/3jlidnhffupnvhndoi4skh,r-n-b/now-or-never-tank.jpg
numb (with tory lanez),brianna-castro,https://i.scdn.co/image/ab67616d0000b273528f4f17e29c9af0bb694252,https://open.spotify.com/album/5oegmwlevouu39aonkwbeb,r-n-b/numb-(with-tory-lanez)-brianna-castro.jpg
o,omarion,https://i.scdn.co/image/ab67616d0000b27366c8e87bd776efec9975db24,https://open.spotify.com/album/22zphawmdb1rs1h8uxvxra,r-n-b/o-omarion.jpg
ooooooohhh... on the tlc tip,tlc,https://i.scdn.co/image/ab67616d0000b273dc99053d8e01786a0efb6ed4,https://open.spotify.com/album/19lvms3zooji5cdrkvooip,r-n-b/ooooooohhh...-on-the-tlc-tip-tlc.jpg
over it,summer-walker,https://i.scdn.co/image/ab67616d0000b273b5ed9187ac7f8aa281a547e3,https://open.spotify.com/album/1qgjnwnpiek9rx7hf8jcpk,r-n-b/over-it-summer-walker.jpg
pain is love,ja-rule,https://i.scdn.co/image/ab67616d0000b273a9a33b6ff0848a45a70931d9,https://open.spotify.com/album/019ljmwycbjewxhlbqfupn,r-n-b/pain-is-love-ja-rule.jpg
pandemonium!,b2k,https://i.scdn.co/image/ab67616d0000b273415629746831002b3f0d0457,https://open.spotify.com/album/7i35r17jnfjvezpmhfe2nq,r-n-b/pandemonium!-b2k.jpg
paper trail (uk version [explicit]),t.i.,https://i.scdn.co/image/ab67616d0000b273410e8e205f00014b2d2a5d62,https://open.spotify.com/album/60xrokxshjhhxv1hhjkvi0,r-n-b/paper-trail-(uk-version-[explicit])-t.i..jpg
part iii,112,https://i.scdn.co/image/ab67616d0000b273272145dc06dd718118e8a349,https://open.spotify.com/album/6qlbqtqkjt1unuh3plz9mb,r-n-b/part-iii-112.jpg
partymobile,partynextdoor,https://i.scdn.co/image/ab67616d0000b273d8082097058d4c44739b17dd,https://open.spotify.com/album/2t8uli17u5hwtqu6zkpkw7,r-n-b/partymobile-partynextdoor.jpg
partynextdoor 3 (p3),partynextdoor,https://i.scdn.co/image/ab67616d0000b27346b39ced8f129323f46ebb14,https://open.spotify.com/album/2fxguaesmg5l9yprzwpvhi,r-n-b/partynextdoor-3-(p3)-partynextdoor.jpg
"passion, pain & pleasure",trey-songz,https://i.scdn.co/image/ab67616d0000b2737ca9deb509f0569d7587f5d8,https://open.spotify.com/album/5qex4ioxojfhrnswbt8zlj,"r-n-b/passion,-pain-&-pleasure-trey-songz.jpg"
patience,da-p,https://i.scdn.co/image/ab67616d0000b273277e5c3218a0d8142245245a,https://open.spotify.com/album/6bdhetkc4cnrsjhjoiq4gn,r-n-b/patience-da-p.jpg
pcd (revised international version),the-pussycat-dolls,https://i.scdn.co/image/ab67616d0000b27308c08a13d8d1fbe59606a427,https://open.spotify.com/album/0ylxpxe00fvxh6d60tevt8,r-n-b/pcd-(revised-international-version)-the-pussycat-dolls.jpg
personal conversation,case,https://i.scdn.co/image/ab67616d0000b273bfdf49d9acafd5f5493f6616,https://open.spotify.com/album/3uuov0067agbr3l9be1d9k,r-n-b/personal-conversation-case.jpg
phenomenon,ll-cool-j,https://i.scdn.co/image/ab67616d0000b273b2e2b5ca78644520ccfc61a0,https://open.spotify.com/album/0f3phai2m0ao0bfknsdjl6,r-n-b/phenomenon-ll-cool-j.jpg
pink friday,nicki-minaj,https://i.scdn.co/image/ab67616d0000b2739bf419fe907117ae12f74f45,https://open.spotify.com/album/2rff6dgpyin5u1mnkfg8pb,r-n-b/pink-friday-nicki-minaj.jpg
pink planet,pink-sweat$,https://i.scdn.co/image/ab67616d0000b27375af9fb0fa8dc8f3adef6905,https://open.spotify.com/album/74uvovl6l4tzbyfty759zg,r-n-b/pink-planet-pink-sweat$.jpg
planet her,doja-cat,https://i.scdn.co/image/ab67616d0000b2734df3245f26298a1579ecc321,https://open.spotify.com/album/1naqbheowtfqzboofrvndw,r-n-b/planet-her-doja-cat.jpg
playlist: the very best of bow wow,bow-wow,https://i.scdn.co/image/ab67616d0000b27379af169b2db6079f0d6852e4,https://open.spotify.com/album/1dqgxepmnkrsavn2pxf48a,r-n-b/playlist:-the-very-best-of-bow-wow-bow-wow.jpg
playlist: the very best of frankie j,frankie-j,https://i.scdn.co/image/ab67616d0000b2732c57c816d0457b34b220c4e0,https://open.spotify.com/album/27ybknbobpx7zwiawvsf36,r-n-b/playlist:-the-very-best-of-frankie-j-frankie-j.jpg
playlist: the very best of tyrese,tyrese,https://i.scdn.co/image/ab67616d0000b273b5e5a844c25f79dcfeb82d29,https://open.spotify.com/album/39srzbm5yp3c7yvttlvpj5,r-n-b/playlist:-the-very-best-of-tyrese-tyrese.jpg
poison,bell-biv-devoe,https://i.scdn.co/image/ab67616d0000b2730ce91190aaea70dd4fe020c4,https://open.spotify.com/album/6h5mxguwgudjtq4uzd8ved,r-n-b/poison-bell-biv-devoe.jpg
polysaturated,nesian-mystik,https://i.scdn.co/image/ab67616d0000b273a4b3edb1f9339ca87f7e148b,https://open.spotify.com/album/6hzllnju5czmyfgckdiqrf,r-n-b/polysaturated-nesian-mystik.jpg
positions,ariana-grande,https://i.scdn.co/image/ab67616d0000b2735ef878a782c987d38d82b605,https://open.spotify.com/album/3euz4vs7ezkgnnswgyvkcd,r-n-b/positions-ariana-grande.jpg
positions (deluxe),ariana-grande,https://i.scdn.co/image/ab67616d0000b2739508fb7ca2eedc0d98b9139f,https://open.spotify.com/album/74vajfwewxj61ow1dkspea,r-n-b/positions-(deluxe)-ariana-grande.jpg
pronounced jah-nay,zhané,https://i.scdn.co/image/ab67616d0000b27356b1fe1e1f941d919ab1a0f5,https://open.spotify.com/album/01fqjwpa24vfb8di6szi6b,r-n-b/pronounced-jah-nay-zhané.jpg
put in work,jacquees,https://i.scdn.co/image/ab67616d0000b273b66fff31386c016ebf17063f,https://open.spotify.com/album/2pnbthpmwh9u5qfkwgvd9r,r-n-b/put-in-work-jacquees.jpg
"r&b - 100 hits - the greatest r n b album - 100 r & b classics featuring usher, pitbull and justin timberlake",various-artists,https://i.scdn.co/image/ab67616d0000b2731c3fd856b637a87c675d2f29,https://open.spotify.com/album/0qhwxyduougjivdtyn4lhm,"r-n-b/r&b---100-hits---the-greatest-r-n-b-album---100-r-&-b-classics-featuring-usher,-pitbull-and-justin-timberlake-various-artists.jpg"
r&b hits,various-artists,https://i.scdn.co/image/ab67616d0000b2737ecfb05160a4e09bb3194137,https://open.spotify.com/album/5bp5pzqyj9tiz0hf6lod5q,r-n-b/r&b-hits-various-artists.jpg
r&b: from doo-wop to hip-hop,various-artists,https://i.scdn.co/image/ab67616d0000b273980caf4dd525a15f08f8cb87,https://open.spotify.com/album/4he7r24eqd1ebf9kegiak8,r-n-b/r&b:-from-doo-wop-to-hip-hop-various-artists.jpg
r&g (rhythm & gangsta): the masterpiece,snoop-dogg,https://i.scdn.co/image/ab67616d0000b273e803716268c173c3f9a0c057,https://open.spotify.com/album/797fkvatk0izvp1hhpcwbp,r-n-b/r&g-(rhythm-&-gangsta):-the-masterpiece-snoop-dogg.jpg
rainbow,mariah-carey,https://i.scdn.co/image/ab67616d0000b27376a25340423e6ca8125ed06d,https://open.spotify.com/album/1istxhbhlc9imaqyvvzgft,r-n-b/rainbow-mariah-carey.jpg
rappa ternt sanga,t-pain,https://i.scdn.co/image/ab67616d0000b273bfe8c2950592fbe9dd9d75c3,https://open.spotify.com/album/67kj88d9xbscqqg8edmpiu,r-n-b/rappa-ternt-sanga-t-pain.jpg
rare,selena-gomez,https://i.scdn.co/image/ab67616d0000b2732abcc266597eb46f897a8666,https://open.spotify.com/album/3ypfatr7wmi1hd4nvkdcjx,r-n-b/rare-selena-gomez.jpg
rated next,next,https://i.scdn.co/image/ab67616d0000b2734ca1daad1145dec4618ea671,https://open.spotify.com/album/3pmonb2uz9zckdh5s5ibvm,r-n-b/rated-next-next.jpg
rated r,rihanna,https://i.scdn.co/image/ab67616d0000b273b6f5afe63c28be5287e5f232,https://open.spotify.com/album/0lpi9uvopeqr9svpfvv52w,r-n-b/rated-r-rihanna.jpg
raw,loony,https://i.scdn.co/image/ab67616d0000b273f4c4fc3bd28c76abfd72d2f3,https://open.spotify.com/album/4hofq1l0o8op3nv454yqoc,r-n-b/raw-loony.jpg
raydiation,ray-j,https://i.scdn.co/image/ab67616d0000b27390f8ab198a93de597ffe0438,https://open.spotify.com/album/0akv7mpoxyhe7fr37hpaua,r-n-b/raydiation-ray-j.jpg
ready (deluxe),trey-songz,https://i.scdn.co/image/ab67616d0000b2739ae399cc66ce968883d832a9,https://open.spotify.com/album/44jrx3sthj7pfjozutlm85,r-n-b/ready-(deluxe)-trey-songz.jpg
reality check,juvenile,https://i.scdn.co/image/ab67616d0000b273da8c0ab61d59a70e43eb748b,https://open.spotify.com/album/0w9nngecgziueovl8lfby2,r-n-b/reality-check-juvenile.jpg
rebellious soul,k.-michelle,https://i.scdn.co/image/ab67616d0000b273d71d56ee8d9d14354a1631cb,https://open.spotify.com/album/6fgzwun91qe5h8xfclv487,r-n-b/rebellious-soul-k.-michelle.jpg
regulate… g funk era,warren-g,https://i.scdn.co/image/ab67616d0000b273f6b9b62ea130943d371b69ef,https://open.spotify.com/album/2vmgv3inrlpm4gomxf37qu,r-n-b/regulate…-g-funk-era-warren-g.jpg
replay,iyaz,https://i.scdn.co/image/ab67616d0000b273ae7012fce99c2b2345b54f30,https://open.spotify.com/album/44hyrguzkavitbmrlhryf8,r-n-b/replay-iyaz.jpg
return of the mack,mark-morrison,https://i.scdn.co/image/ab67616d0000b27301841d493ec3808242042c0f,https://open.spotify.com/album/6plavtfcgxv5vpy0jzvtov,r-n-b/return-of-the-mack-mark-morrison.jpg
rhythm nation 1814,janet-jackson,https://i.scdn.co/image/ab67616d0000b27371511473d9e34fcdc13d90ef,https://open.spotify.com/album/4od3lu6001esatfshdx46m,r-n-b/rhythm-nation-1814-janet-jackson.jpg
right here,swv,https://i.scdn.co/image/ab67616d0000b273e89a5a64dde4e95130e79de4,https://open.spotify.com/album/5mfslbbxkztxhsfnb2u2gj,r-n-b/right-here-swv.jpg
rnb fridays,various-artists,https://i.scdn.co/image/ab67616d0000b273d029ad5d1a40fabfae0ac7f3,https://open.spotify.com/album/4eki4pjuybybksbe6nnqnd,r-n-b/rnb-fridays-various-artists.jpg
rnb so classics,various-artists,https://i.scdn.co/image/ab67616d0000b273c50cf1a461567f1fd6f817ba,https://open.spotify.com/album/2mnwqkhkym1lhr31ej2uss,r-n-b/rnb-so-classics-various-artists.jpg
royalty (deluxe version),chris-brown,https://i.scdn.co/image/ab67616d0000b273ff2b8f3e3482f9375ca347e5,https://open.spotify.com/album/0vwmevuq8ta5ia3cctrgxa,r-n-b/royalty-(deluxe-version)-chris-brown.jpg
rush,cortes,https://i.scdn.co/image/ab67616d0000b2734de25c67f287007021efc19e,https://open.spotify.com/album/7ceww0wn15mispmjaeiz2a,r-n-b/rush-cortes.jpg
"safety 2020 (feat. chris brown, afro b & dj snake)",gashi,https://i.scdn.co/image/ab67616d0000b27386eb2ea06e74019232d9d170,https://open.spotify.com/album/1socokaxuekigkifqxantj,"r-n-b/safety-2020-(feat.-chris-brown,-afro-b-&-dj-snake)-gashi.jpg"
sail out,jhené-aiko,https://i.scdn.co/image/ab67616d0000b273a0fa057b8ad3f3c4969f0c97,https://open.spotify.com/album/73tnmu44lt0m1h1nn6bfiq,r-n-b/sail-out-jhené-aiko.jpg
saturn,haley-smalls,https://i.scdn.co/image/ab67616d0000b273e402da77b4c9c690a7e31cce,https://open.spotify.com/album/295jrqyohoo6rwpcpiasuc,r-n-b/saturn-haley-smalls.jpg
savage thoughts,king-kapisi,https://i.scdn.co/image/ab67616d0000b2735aff2b31b067b701ab0913e2,https://open.spotify.com/album/6cmbniawt57wrg51lazxl1,r-n-b/savage-thoughts-king-kapisi.jpg
scarlett's weekend,russell!,https://i.scdn.co/image/ab67616d0000b2738f88498c9eddd61d5efbadd1,https://open.spotify.com/album/7eldg8r1fcqb49ss0u7cpq,r-n-b/scarlett's-weekend-russell!.jpg
scorpion,drake,https://i.scdn.co/image/ab67616d0000b273f907de96b9a4fbc04accc0d5,https://open.spotify.com/album/1atl5glyefjaxhqzspvrlx,r-n-b/scorpion-drake.jpg
sean den förste banan,sean-banan,https://i.scdn.co/image/ab67616d0000b27307c974a7636dcfee2077790f,https://open.spotify.com/album/0rfpcqes32x4acvy6dmvoh,r-n-b/sean-den-förste-banan-sean-banan.jpg
sex playlist,omarion,https://i.scdn.co/image/ab67616d0000b2731fee82228aa487380e1ee1dc,https://open.spotify.com/album/13qoxgjgs22widg1nwt00d,r-n-b/sex-playlist-omarion.jpg
sex therapy: the session,robin-thicke,https://i.scdn.co/image/ab67616d0000b273b199dfe6804c9e6677eccfb4,https://open.spotify.com/album/4gm2otbviveppodizsva8o,r-n-b/sex-therapy:-the-session-robin-thicke.jpg
sexual eruption,snoop-dogg,https://i.scdn.co/image/ab67616d0000b27305fe43641376109fc834d766,https://open.spotify.com/album/6ru7qo0ovdhepofiph9gxz,r-n-b/sexual-eruption-snoop-dogg.jpg
shakaya,shakaya,https://i.scdn.co/image/ab67616d0000b2733d2b3d1ee12a08a1ce43b077,https://open.spotify.com/album/6gsxrldgiy0o7yzs2scwfy,r-n-b/shakaya-shakaya.jpg
shake the snow globe (deluxe),russ,https://i.scdn.co/image/ab67616d0000b273039f0bcf97bf66ca8e1f736d,https://open.spotify.com/album/5vmz3pixg7dsx7fzhgtyjb,r-n-b/shake-the-snow-globe-(deluxe)-russ.jpg
shine,estelle,https://i.scdn.co/image/ab67616d0000b273b0b30ef77be3523c8018810c,https://open.spotify.com/album/5y4ikuc4sltnopanokkqwo,r-n-b/shine-estelle.jpg
shock value,timbaland,https://i.scdn.co/image/ab67616d0000b2734ed674ab91bdc566534f9285,https://open.spotify.com/album/4bxb8u8qgpr4ucvj0moj8z,r-n-b/shock-value-timbaland.jpg
slide,h.e.r.,https://i.scdn.co/image/ab67616d0000b2735cba0b7502c08a5077c5a3f9,https://open.spotify.com/album/6b3lhhx9lt2861dsh3zcc2,r-n-b/slide-h.e.r..jpg
slime & b,chris-brown,https://i.scdn.co/image/ab67616d0000b27363e0ddbb488d0eeec0e738fc,https://open.spotify.com/album/7fzktzzasfh0kzetivu5tg,r-n-b/slime-&-b-chris-brown.jpg
so blu,blu-cantrell,https://i.scdn.co/image/ab67616d0000b27356d69fafe62a311092809b4a,https://open.spotify.com/album/3eiwrvoxjqwaxvlt7raduu,r-n-b/so-blu-blu-cantrell.jpg
so dark the con of man,madcon,https://i.scdn.co/image/ab67616d0000b273197d278a26922f72a4d4b080,https://open.spotify.com/album/6c4ergfn8nr9qn1ilxmckp,r-n-b/so-dark-the-con-of-man-madcon.jpg
soul searching,bazzi,https://i.scdn.co/image/ab67616d0000b2733a376bd9b9b1f4b2686807db,https://open.spotify.com/album/4zkdrw0ah9sxv09nmwstkw,r-n-b/soul-searching-bazzi.jpg
soul sisters,various-artists,https://i.scdn.co/image/ab67616d0000b2735aca0b619a508a0213895b9f,https://open.spotify.com/album/5vljslqvfj6alttwe82wc2,r-n-b/soul-sisters-various-artists.jpg
souljaboytellem.com,soulja-boy,https://i.scdn.co/image/ab67616d0000b2738a6a328ced07af494400584b,https://open.spotify.com/album/5wfqi4xotxilqskqr0ft8s,r-n-b/souljaboytellem.com-soulja-boy.jpg
sounds from the street vol 6,various-artists,https://i.scdn.co/image/ab67616d0000b2736d7acb12ac55fab1e8af96eb,https://open.spotify.com/album/4i9pazsg6qw87vfxbb77je,r-n-b/sounds-from-the-street-vol-6-various-artists.jpg
southern hummingbird,tweet,https://i.scdn.co/image/ab67616d0000b27399c509deb0e216bb54dba821,https://open.spotify.com/album/7uaky4erl5y0boprxmd3ax,r-n-b/southern-hummingbird-tweet.jpg
southside,lloyd,https://i.scdn.co/image/ab67616d0000b273f782865c36b7bad660c37ef4,https://open.spotify.com/album/4driocjbx3t5sbgzv1ngyx,r-n-b/southside-lloyd.jpg
speakerboxxx/the love below,outkast,https://i.scdn.co/image/ab67616d0000b2736a6387ab37f64034cdc7b367,https://open.spotify.com/album/1usmq3bpjtyk6ygooojg1r,r-n-b/speakerboxxx-the-love-below-outkast.jpg
special occasion,bobby-v.,https://i.scdn.co/image/ab67616d0000b2734a055aa41b2fdec14da6bac2,https://open.spotify.com/album/4jl5uv4z8ernrq1db6cvra,r-n-b/special-occasion-bobby-v..jpg
step up soundtrack,various-artists,https://i.scdn.co/image/ab67616d0000b27329e859984c912d7a77420e43,https://open.spotify.com/album/2raf1fjkq3f9taqncbnyxg,r-n-b/step-up-soundtrack-various-artists.jpg
street dreams (bonus track),fabolous,https://i.scdn.co/image/ab67616d0000b2739a63f74d9b8ebe434ec9bd71,https://open.spotify.com/album/46tibafs0ov0hjscdrq1kl,r-n-b/street-dreams-(bonus-track)-fabolous.jpg
street love,lloyd,https://i.scdn.co/image/ab67616d0000b273eec376776dc8377060f2be5c,https://open.spotify.com/album/6lq7nlkiq7c0zvjp0ogsgo,r-n-b/street-love-lloyd.jpg
suncity,khalid,https://i.scdn.co/image/ab67616d0000b27360624c0781fd787c9aa4699c,https://open.spotify.com/album/2qxc2nj7ypkvfrwi3llrr2,r-n-b/suncity-khalid.jpg
superstar,majid-jordan,https://i.scdn.co/image/ab67616d0000b2736e572a1a055b8c051107c434,https://open.spotify.com/album/45scjwtlqnrtpmsjehhphm,r-n-b/superstar-majid-jordan.jpg
sweetsexysavage (deluxe),kehlani,https://i.scdn.co/image/ab67616d0000b27378394761781d70751fc8d931,https://open.spotify.com/album/32jei6omhylzdcg8ijvoym,r-n-b/sweetsexysavage-(deluxe)-kehlani.jpg
t r a p s o u l,bryson-tiller,https://i.scdn.co/image/ab67616d0000b273d5f3cea8affdca01a0dc754f,https://open.spotify.com/album/6ezdwrhb97a3eyx9qppgfl,r-n-b/t-r-a-p-s-o-u-l-bryson-tiller.jpg
take time,giveon,https://i.scdn.co/image/ab67616d0000b27318ff322fcdd47c9400872da6,https://open.spotify.com/album/1zhr48k6xtwym6bhrw4j6c,r-n-b/take-time-giveon.jpg
tasty,kelis,https://i.scdn.co/image/ab67616d0000b273e928de086eef7d3491b4390b,https://open.spotify.com/album/7zesxmfikt4ddgkklik3jz,r-n-b/tasty-kelis.jpg
testimony,august-alsina,https://i.scdn.co/image/ab67616d0000b2737efedca185c6a7df0846458d,https://open.spotify.com/album/7oim27wqfpco2dq3jwewzn,r-n-b/testimony-august-alsina.jpg
tha carter iii,lil-wayne,https://i.scdn.co/image/ab67616d0000b273aa739a5e844220bb44a64adc,https://open.spotify.com/album/1do3y8iacbyotoyqjngwso,r-n-b/tha-carter-iii-lil-wayne.jpg
tha smokin' nephew,baby-bash,https://i.scdn.co/image/ab67616d0000b27307acb67d4e71275637cd0a1b,https://open.spotify.com/album/42lldinsxjsbyaqqpzxrp4,r-n-b/tha-smokin'-nephew-baby-bash.jpg
the amanda tape,they.,https://i.scdn.co/image/ab67616d0000b273678b3d6c0fc4f803fd913be4,https://open.spotify.com/album/11hajf4pywvrtdzv8erj0s,r-n-b/the-amanda-tape-they..jpg
the best of brandy (with bonus track),brandy,https://i.scdn.co/image/ab67616d0000b273d119f1dabc76bb466c389c5c,https://open.spotify.com/album/3wp3pdoiperyhth020cbqk,r-n-b/the-best-of-brandy-(with-bonus-track)-brandy.jpg
the best of keith sweat: make you sweat,keith-sweat,https://i.scdn.co/image/ab67616d0000b273820facd82ca670c50ee97f39,https://open.spotify.com/album/6gxk2hxl4q5gopharluet8,r-n-b/the-best-of-keith-sweat:-make-you-sweat-keith-sweat.jpg
the best of snoop dogg,snoop-dogg,https://i.scdn.co/image/ab67616d0000b273616e1083a3de098f82352019,https://open.spotify.com/album/0knl5ftaxqq9oq4yeyibc8,r-n-b/the-best-of-snoop-dogg-snoop-dogg.jpg
the best of tevin campbell,tevin-campbell,https://i.scdn.co/image/ab67616d0000b2739af0046f069d64b650914ed8,https://open.spotify.com/album/3hwpsvbmnfxv5qfueddujn,r-n-b/the-best-of-tevin-campbell-tevin-campbell.jpg
the blueprint 2 the gift & the curse,jay-z,https://i.scdn.co/image/ab67616d0000b273b7c45af95aaf599cee3acf08,https://open.spotify.com/album/5xhsteog8psbznqb7lkxzu,r-n-b/the-blueprint-2-the-gift-&-the-curse-jay-z.jpg
the boy is mine,monica,https://i.scdn.co/image/ab67616d0000b273fb8bcea0096e616a864189fa,https://open.spotify.com/album/6miyviybhv4eoqqi4jzbyh,r-n-b/the-boy-is-mine-monica.jpg
the breakthrough,mary-j.-blige,https://i.scdn.co/image/ab67616d0000b2736d98c223ba5d141cfd2f46a0,https://open.spotify.com/album/5cnnuunpepqlct0vofdloh,r-n-b/the-breakthrough-mary-j.-blige.jpg
the college dropout,kanye-west,https://i.scdn.co/image/ab67616d0000b2732892dd14331eaa4cee20194d,https://open.spotify.com/album/3ff2p3lnr6v7m6binwhnaq,r-n-b/the-college-dropout-kanye-west.jpg
the day,babyface,https://i.scdn.co/image/ab67616d0000b2739943ee0d87becde8aac0a930,https://open.spotify.com/album/66vhr3f0vp90jhqulcf4sk,r-n-b/the-day-babyface.jpg
the day after,twista,https://i.scdn.co/image/ab67616d0000b27387b83b6788b76a8b4cceee5e,https://open.spotify.com/album/6lkbx6fsimtw6xp4tgsy9q,r-n-b/the-day-after-twista.jpg
the diary of alicia keys,alicia-keys,https://i.scdn.co/image/ab67616d0000b27356ff19308ebeb48e2ba6094b,https://open.spotify.com/album/6tqrkhljdu5qzuc8u5woij,r-n-b/the-diary-of-alicia-keys-alicia-keys.jpg
the don killuminati: the 7 day theory,makaveli,https://i.scdn.co/image/ab67616d0000b2735fef8582cdf1c93da83f7038,https://open.spotify.com/album/3or89pvuddyvpuwqw9kalg,r-n-b/the-don-killuminati:-the-7-day-theory-makaveli.jpg
the emancipation of mimi,mariah-carey,https://i.scdn.co/image/ab67616d0000b273768bc8d9f078db929dfcfbd1,https://open.spotify.com/album/43ibteweck7hsne0p6ggno,r-n-b/the-emancipation-of-mimi-mariah-carey.jpg
the essential,cdb,https://i.scdn.co/image/ab67616d0000b273650c94ea9edcc528307a2f45,https://open.spotify.com/album/6pc4pvg04k30nmxmxye6xz,r-n-b/the-essential-cdb.jpg
the essential r. kelly,r.-kelly,https://i.scdn.co/image/ab67616d0000b2733ef7d540c94263b3780b2669,https://open.spotify.com/album/5ruzpk2rxborzzwyswpxxs,r-n-b/the-essential-r.-kelly-r.-kelly.jpg
the evolution,ciara,https://i.scdn.co/image/ab67616d0000b273a266462096a3d2a5b8337b35,https://open.spotify.com/album/5ug1gy3evu4ksesbcoif4q,r-n-b/the-evolution-ciara.jpg
the evolution of robin thicke,robin-thicke,https://i.scdn.co/image/ab67616d0000b273bc017391cc42cbc90dc02d5b,https://open.spotify.com/album/55erddg54wtaeysb0r7yzb,r-n-b/the-evolution-of-robin-thicke-robin-thicke.jpg
the first lady,faith-evans,https://i.scdn.co/image/ab67616d0000b2730f7287b73d4507876d6c734f,https://open.spotify.com/album/2wiokrbyikkea8l7iossnx,r-n-b/the-first-lady-faith-evans.jpg
the heat,toni-braxton,https://i.scdn.co/image/ab67616d0000b273126720399a6b06e1c6bd46c6,https://open.spotify.com/album/0uzskcxzoehmvfwtiblwmi,r-n-b/the-heat-toni-braxton.jpg
the introduction of marcus cooper,pleasure-p,https://i.scdn.co/image/ab67616d0000b273054975b18751a917e6639e33,https://open.spotify.com/album/0jia4y3egdkw8qb5hllwwk,r-n-b/the-introduction-of-marcus-cooper-pleasure-p.jpg
the last temptation,ja-rule,https://i.scdn.co/image/ab67616d0000b27372062edb1c2405289b2f3f0b,https://open.spotify.com/album/0rlzhgrrjpwwutfepntawc,r-n-b/the-last-temptation-ja-rule.jpg
the life,ginuwine,https://i.scdn.co/image/ab67616d0000b273a7a72fa27131a7aa9048e738,https://open.spotify.com/album/5izeegmerhlyke6lkrvuyt,r-n-b/the-life-ginuwine.jpg
the miseducation of lauryn hill,ms.-lauryn-hill,https://i.scdn.co/image/ab67616d0000b273e08b1250db5f75643f1508c9,https://open.spotify.com/album/1bzoqf8zje5ngdwzhojatd,r-n-b/the-miseducation-of-lauryn-hill-ms.-lauryn-hill.jpg
the neptunes present... clones,the-neptunes,https://i.scdn.co/image/ab67616d0000b27331a1d15842b0e8a4e53dd3b0,https://open.spotify.com/album/0ao5ibco686owxf96d83pm,r-n-b/the-neptunes-present...-clones-the-neptunes.jpg
the new toronto 3,tory-lanez,https://i.scdn.co/image/ab67616d0000b27353af8d1a7654351c6a03b5fe,https://open.spotify.com/album/2tbrxjwwklht7jrc5sdukf,r-n-b/the-new-toronto-3-tory-lanez.jpg
the price of fame,bow-wow,https://i.scdn.co/image/ab67616d0000b2731a16a162f671e39c206dd3ef,https://open.spotify.com/album/1dt7wpqxjnjjbiv6fczcps,r-n-b/the-price-of-fame-bow-wow.jpg
the red light district,ludacris,https://i.scdn.co/image/ab67616d0000b273efbf69c0f1aac9d7e7cb489e,https://open.spotify.com/album/1kushuovbratdru9sbo5fg,r-n-b/the-red-light-district-ludacris.jpg
the score,fugees,https://i.scdn.co/image/ab67616d0000b2734b7c4561e0f5002b9f5efb7a,https://open.spotify.com/album/7m1r9h3wfprm3iv8uvq9vq,r-n-b/the-score-fugees.jpg
the senior,ginuwine,https://i.scdn.co/image/ab67616d0000b273a785d1f6544b5c86fa179795,https://open.spotify.com/album/3t4ogavvozvxw8d2nhuedr,r-n-b/the-senior-ginuwine.jpg
"the show, the after party, the hotel",jodeci,https://i.scdn.co/image/ab67616d0000b27368c0e2a35938761798f78c86,https://open.spotify.com/album/5tincgtqard1qoxat0pelz,"r-n-b/the-show,-the-after-party,-the-hotel-jodeci.jpg"
the way it is,keyshia-cole,https://i.scdn.co/image/ab67616d0000b2732cc2323c681b3f84cdc8379a,https://open.spotify.com/album/4zeasp0rifbgardtsgaauv,r-n-b/the-way-it-is-keyshia-cole.jpg
the way she move,jay-isaiah,https://i.scdn.co/image/ab67616d0000b273f28eaf9f9797b7abeee470ef,https://open.spotify.com/album/36co6sapq2x3r6lllj24mh,r-n-b/the-way-she-move-jay-isaiah.jpg
the way you move / hey ya!,outkast,https://i.scdn.co/image/ab67616d0000b27344d34793d0f4bddf28e0e8a8,https://open.spotify.com/album/7etfl9qeqjd0luc40jag8l,r-n-b/the-way-you-move---hey-ya!-outkast.jpg
the writing's on the wall,destiny's-child,https://i.scdn.co/image/ab67616d0000b2733718df75b57340c1947747e8,https://open.spotify.com/album/283nwqnsca9gwvhrjk59cg,r-n-b/the-writing's-on-the-wall-destiny's-child.jpg
this is me...then,jennifer-lopez,https://i.scdn.co/image/ab67616d0000b273a1bf4c1efc808162ac95090f,https://open.spotify.com/album/1l8tprdfjjjkdtbzntsycm,r-n-b/this-is-me...then-jennifer-lopez.jpg
"timeless r&b, vol. 1",various-artists,https://i.scdn.co/image/ab67616d0000b2735c09f2344a9269f1cdfd0a24,https://open.spotify.com/album/3qtschhijziwznodi8b33e,"r-n-b/timeless-r&b,-vol.-1-various-artists.jpg"
toni braxton,toni-braxton,https://i.scdn.co/image/ab67616d0000b273d54131134a4b22bf1ccd6042,https://open.spotify.com/album/73ojqvzakvdkbxsg9pypqz,r-n-b/toni-braxton-toni-braxton.jpg
top 40 hitdossier - 90s (nineties top 100),various-artists,https://i.scdn.co/image/ab67616d0000b2735b8f8e73d5b5e43c9603c179,https://open.spotify.com/album/5rwylszc0hx64lz61yvzcs,r-n-b/top-40-hitdossier---90s-(nineties-top-100)-various-artists.jpg
torn,letoya,https://i.scdn.co/image/ab67616d0000b2734f6991993671c84aa2e31706,https://open.spotify.com/album/0qefwm5awxl1ciuxmde1ah,r-n-b/torn-letoya.jpg
touch,amerie,https://i.scdn.co/image/ab67616d0000b27315dd2fc9aa1109bbe1456916,https://open.spotify.com/album/2pfk4dmzkquqfxfsrk8wmf,r-n-b/touch-amerie.jpg
tougher than love,diana-king,https://i.scdn.co/image/ab67616d0000b2735c03a2a48bf8a0a94e01be9b,https://open.spotify.com/album/5lwkqjfbo515jo9jwfzs6b,r-n-b/tougher-than-love-diana-king.jpg
tp-2.com,r.-kelly,https://i.scdn.co/image/ab67616d0000b273773c978c2e5c32ecf2550bbd,https://open.spotify.com/album/6wqnhlypfngt7yk7g2cw2u,r-n-b/tp-2.com-r.-kelly.jpg
treble & reverb (deluxe edition),aaradhna,https://i.scdn.co/image/ab67616d0000b2731f30ba172a2c77fa09291797,https://open.spotify.com/album/6s0vws8ognczfwehl0rkdc,r-n-b/treble-&-reverb-(deluxe-edition)-aaradhna.jpg
trey day,trey-songz,https://i.scdn.co/image/ab67616d0000b2733811c65339c8013bca6c4e4f,https://open.spotify.com/album/6vnul0nxqv1jrbvyw1m2wn,r-n-b/trey-day-trey-songz.jpg
trigga reloaded,trey-songz,https://i.scdn.co/image/ab67616d0000b273e04293bed7a0440e3eea2de1,https://open.spotify.com/album/3pktkc0aae3ytcxqlzvpsw,r-n-b/trigga-reloaded-trey-songz.jpg
trilla,rick-ross,https://i.scdn.co/image/ab67616d0000b27332c5560003ae05f9bb8c5880,https://open.spotify.com/album/3digh7qbqewtlcj07p4xga,r-n-b/trilla-rick-ross.jpg
trip,jhené-aiko,https://i.scdn.co/image/ab67616d0000b2737ccc8005498d9f75b03333c2,https://open.spotify.com/album/7caaclnsixdmibpt1oyl4k,r-n-b/trip-jhené-aiko.jpg
trouble,akon,https://i.scdn.co/image/ab67616d0000b273f6e36c5147681093d71b3efe,https://open.spotify.com/album/6x7hejhrnhimc0bumqpnya,r-n-b/trouble-akon.jpg
try harder,keffa,https://i.scdn.co/image/ab67616d0000b273dc717b850618cb5f6caac80b,https://open.spotify.com/album/3pz8iffmfqzvtqvivcivkn,r-n-b/try-harder-keffa.jpg
turning point,mario,https://i.scdn.co/image/ab67616d0000b273ba8db944ef3e2846ba9efa57,https://open.spotify.com/album/0aihmurli1gbkxk4mbnfcv,r-n-b/turning-point-mario.jpg
two eleven (deluxe version),brandy,https://i.scdn.co/image/ab67616d0000b273cc8d7843cfdd40c261b8f01b,https://open.spotify.com/album/41pwfuet9xe3cz0h8ra7vu,r-n-b/two-eleven-(deluxe-version)-brandy.jpg
type a way (feat. chris brown & og parker),eric-bellinger,https://i.scdn.co/image/ab67616d0000b2738db4da4ff23e0d60ee0d6278,https://open.spotify.com/album/037yzz1pb7koesxkrmraeq,r-n-b/type-a-way-(feat.-chris-brown-&-og-parker)-eric-bellinger.jpg
tyrese,tyrese,https://i.scdn.co/image/ab67616d0000b27383422ef73e5cd3d99e1e81d9,https://open.spotify.com/album/1srj4xgmwliqdwqug81oba,r-n-b/tyrese-tyrese.jpg
u 2 luv,ne-yo,https://i.scdn.co/image/ab67616d0000b273df352438ea64e3fb4c0c200d,https://open.spotify.com/album/0choafmmemh4rw642c9wet,r-n-b/u-2-luv-ne-yo.jpg
u gotta feel me,lil'-flip,https://i.scdn.co/image/ab67616d0000b273524f1a5b0f3943c2a6d8e2eb,https://open.spotify.com/album/4qn7stb2t1jc5dz3i7kjxj,r-n-b/u-gotta-feel-me-lil'-flip.jpg
unapologetic (deluxe),rihanna,https://i.scdn.co/image/ab67616d0000b2730e6cedee56e37a9a65f2164d,https://open.spotify.com/album/4eddbruvtoqw8khwxsh6h2,r-n-b/unapologetic-(deluxe)-rihanna.jpg
unappreciated,cherish,https://i.scdn.co/image/ab67616d0000b273a77aa5b5a8bd7322f93ad90b,https://open.spotify.com/album/5nhzp6eqmhfnwxe71tpykn,r-n-b/unappreciated-cherish.jpg
unleash the dragon,sisqo,https://i.scdn.co/image/ab67616d0000b2739d002c061edb2ae1f908156b,https://open.spotify.com/album/6wttioybv6hunynngsmrbj,r-n-b/unleash-the-dragon-sisqo.jpg
unpredictable,jamie-foxx,https://i.scdn.co/image/ab67616d0000b2734ce698fdff88fd04db890e02,https://open.spotify.com/album/045d1hbnhv4r31d9vkl8ve,r-n-b/unpredictable-jamie-foxx.jpg
untitled,r.-kelly,https://i.scdn.co/image/ab67616d0000b2735ea2158f1243f21c3992e635,https://open.spotify.com/album/3zlbxzz6s0wf29eij8mcv9,r-n-b/untitled-r.-kelly.jpg
very necessary,salt-n-pepa,https://i.scdn.co/image/ab67616d0000b27331ac4ea81876d18519e4b6eb,https://open.spotify.com/album/2w2emepud13qhlhcfs9p8g,r-n-b/very-necessary-salt-n-pepa.jpg
veteran,marques-houston,https://i.scdn.co/image/ab67616d0000b2737307abedfc089c048ce54aaa,https://open.spotify.com/album/5yl77nxadyaiw1xe5zl7g3,r-n-b/veteran-marques-houston.jpg
views,drake,https://i.scdn.co/image/ab67616d0000b2739416ed64daf84936d89e671c,https://open.spotify.com/album/40gmahriyjro1rsy4ydrzb,r-n-b/views-drake.jpg
voodoo,d'angelo,https://i.scdn.co/image/ab67616d0000b273963416bf0f5fb7373d412780,https://open.spotify.com/album/2lo9yuuidgbpsjzxth3ai8,r-n-b/voodoo-d'angelo.jpg
"wake up, get down",cupidon,https://i.scdn.co/image/ab67616d0000b2731652b07822426f0d07869fb8,https://open.spotify.com/album/5ghijfv0fiuxa2cvqovhg6,"r-n-b/wake-up,-get-down-cupidon.jpg"
war & leisure,miguel,https://i.scdn.co/image/ab67616d0000b2735e9dff10c31ac14c6c6c920d,https://open.spotify.com/album/05lest8e8mkeil2lrfukci,r-n-b/war-&-leisure-miguel.jpg
we are young money,young-money,https://i.scdn.co/image/ab67616d0000b273cad1e37b4b31b5484325acd3,https://open.spotify.com/album/0hdy52fqkwb2zijynxgxan,r-n-b/we-are-young-money-young-money.jpg
weak,notifi,https://i.scdn.co/image/ab67616d0000b2737d1659f628bfdfdfd459c363,https://open.spotify.com/album/2vq0xfqmhnj4dlhdcnpkgi,r-n-b/weak-notifi.jpg
what the game's been missing!,juelz-santana,https://i.scdn.co/image/ab67616d0000b273fdd368f6601801914cf29501,https://open.spotify.com/album/1unahcfabszqnzbpqruwq8,r-n-b/what-the-game's-been-missing!-juelz-santana.jpg
what you did (feat. ella mai),mahalia,https://i.scdn.co/image/ab67616d0000b273914698061265195c24e5b967,https://open.spotify.com/album/5r5yjumrenfljpmdeq6kfc,r-n-b/what-you-did-(feat.-ella-mai)-mahalia.jpg
what's luv? (feat. ashanti),fat-joe,https://i.scdn.co/image/ab67616d0000b273255e85615947b914ebb50889,https://open.spotify.com/album/5gpxjrhfdu4rl7mil1myc0,r-n-b/what's-luv?-(feat.-ashanti)-fat-joe.jpg
what's the 411?,mary-j.-blige,https://i.scdn.co/image/ab67616d0000b27321110eef2bacdfe409af6903,https://open.spotify.com/album/5q3xlikny4shduqda7qfg2,r-n-b/what's-the-411?-mary-j.-blige.jpg
when it's all said and done... take time,giveon,https://i.scdn.co/image/ab67616d0000b27395b3744a4e137e68051cf809,https://open.spotify.com/album/1otojatgvo5vcbl4gykrrd,r-n-b/when-it's-all-said-and-done...-take-time-giveon.jpg
where i wanna be,donell-jones,https://i.scdn.co/image/ab67616d0000b2733b970f005df5b59e8ec25d5e,https://open.spotify.com/album/01riz9jmppdl99fyhozaph,r-n-b/where-i-wanna-be-donell-jones.jpg
while we wait,kehlani,https://i.scdn.co/image/ab67616d0000b273cccb973e9ff7440fbaf8485e,https://open.spotify.com/album/73zvpuyhkdr2fw4vlpstpw,r-n-b/while-we-wait-kehlani.jpg
with love 2,phora,https://i.scdn.co/image/ab67616d0000b273cc4e8c89878f066340b4a6a1,https://open.spotify.com/album/0y7r7lb6skivwt5ll284ar,r-n-b/with-love-2-phora.jpg
work to do,august-alsina,https://i.scdn.co/image/ab67616d0000b273723b8f541cba7cc48f972763,https://open.spotify.com/album/3zfyvampcyjuruxykfq5ma,r-n-b/work-to-do-august-alsina.jpg
x (expanded edition),chris-brown,https://i.scdn.co/image/ab67616d0000b273d7a62d8635f92472d57d5f8d,https://open.spotify.com/album/3lbyonjo4gbux5d0u26ldy,r-n-b/x-(expanded-edition)-chris-brown.jpg
year of the gentleman (bonus track edition),ne-yo,https://i.scdn.co/image/ab67616d0000b2735694163d7c4ab48251e9b57c,https://open.spotify.com/album/6dtn9vjsxvtigm4cu5dh4x,r-n-b/year-of-the-gentleman-(bonus-track-edition)-ne-yo.jpg
your peace,jacquees,https://i.scdn.co/image/ab67616d0000b273f0520bbb79a72f69286fb0c5,https://open.spotify.com/album/26yna0q54ls1dtqbsgrd7v,r-n-b/your-peace-jacquees.jpg
you’re mines still (feat. drake),yung-bleu,https://i.scdn.co/image/ab67616d0000b273866d72ac0a4dc315fc8b3820,https://open.spotify.com/album/7mqjy9di8joljokg5mzary,r-n-b/you’re-mines-still-(feat.-drake)-yung-bleu.jpg
